자치구,대여소명,기준년월,대여건수,반납건수,대여소명_clean,대여소_ID,주소1,주소2,위도,경도
양천구,729. 서부식자재마트 건너편,202501,961,939,서부식자재마트 건너편,ST-1000,서울특별시 양천구 신정동 236,서부식자재마트 건너편,37.51038,126.866798
양천구,731. 서울시 도로환경관리센터,202501,1671,1722,서울시 도로환경관리센터,ST-1002,서울특별시 양천구 목동동로 316-6,서울시 도로환경관리센터,37.5299,126.876541
양천구,733. 신정이펜하우스314동,202501,299,154,신정이펜하우스314동,ST-1004,서울특별시 양천구 신정이펜1로50,신정이펜하우스314동,37.514099,126.831001
양천구,734. 신트리공원 입구,202501,1555,1549,신트리공원 입구,ST-1005,서울특별시 양천구 신정동 310-8,신트리공원 입구,37.51395,126.856056
양천구,736. 오솔길공원,202501,470,463,오솔길공원,ST-1007,서울특별시 양천구 남부순환로70길11-9,오솔길공원,37.52219,126.8367
양천구,740. 으뜸공원,202501,567,650,으뜸공원,ST-1011,서울특별시 양천구 가로공원로 133,으뜸공원,37.536369,126.831711
양천구,741. 화곡로 입구 교차로,202501,187,186,화곡로 입구 교차로,ST-1012,서울특별시 양천구 신월동 258,화곡로 입구 교차로,37.53952,126.825401
양천구,742. 등촌역 5번 출구 뒤,202501,395,398,등촌역 5번 출구 뒤,ST-1013,서울특별시 양천구 등촌로 236,등촌역 5번 출구 뒤,37.550732,126.864578
양천구,743. 현대6차아파트 101동 옆,202501,464,456,현대6차아파트 101동 옆,ST-1014,서울특별시 양천구 신정동 735-5,현대6차아파트 101동 옆,37.5089,126.842682
양천구,744. 신목동역 2번 출구,202501,1817,1818,신목동역 2번 출구,ST-1015,서울특별시 양천구 목동중앙로 212 앞,신목동역 2번 출구,37.543842,126.882545
양천구,745. 강서초등학교,202501,238,243,강서초등학교,ST-1016,서울특별시 양천구 오목로 31 부근,강서초등학교,37.522282,126.839699
양천구,746. 목동2단지 상가,202501,2185,2214,목동2단지 상가,ST-1017,서울특별시 양천구 목동 902-5,목동2단지 상가,37.536503,126.877747
양천구,747. 목동3단지 상가,202501,1415,1429,목동3단지 상가,ST-1018,서울특별시 양천구 목동 903-6,목동3단지 상가,37.53458,126.875649
양천구,748. 목동운동장,202501,306,379,목동운동장,ST-1019,서울특별시 양천구 안양천로 939,목동운동장,37.530251,126.879303
은평구,937. 상림마을 롯데캐슬2단지 옆,202501,49,54,상림마을 롯데캐슬2단지 옆,ST-1023,서울특별시 은평구 진관동 30-23,상림마을 롯데캐슬2단지 옆,37.645851,126.923798
은평구,938. 금암 문화공원,202501,76,76,금암 문화공원,ST-1024,서울특별시 은평구 진관동 44-28,금암 문화공원,37.644684,126.918457
은평구,939. 은평구청 교차로,202501,288,294,은평구청 교차로,ST-1025,서울특별시 은평구 응암동 82-31,은평구청 교차로,37.6017,126.927422
은평구,941. 은평뉴타운 도서관,202501,252,69,은평뉴타운 도서관,ST-1027,서울특별시 은평구 진관동 141-27,은평뉴타운 도서관,37.637222,126.933304
은평구,942. 상림마을 생태공원,202501,123,121,상림마을 생태공원,ST-1028,서울특별시 은평구 진관동 16-4,상림마을 생태공원,37.644081,126.929283
은평구,943. 은평구청 보건소,202501,895,976,은평구청 보건소,ST-1029,서울특별시 은평구 녹번동 84,은평구청 보건소,37.602402,126.92865
은평구,946. 독바위역 ,202501,214,209,독바위역,ST-1032,서울특별시 은평구 불광로 129,독바위역,37.618439,126.932884
은평구,947. 연신내 선일하이츠빌 정류소,202501,115,103,연신내 선일하이츠빌 정류소,ST-1033,서울특별시 은평구 불광동 484-165,연신내 선일하이츠빌 정류소,37.622669,126.919991
은평구,949. 연신내역 1번 출구 ,202501,569,685,연신내역 1번 출구,ST-1035,서울특별시 은평구 불광동 487-2,연신내역 1번 출구,37.619781,126.920807
은평구,952. 서울연신중학교,202501,218,215,서울연신중학교,ST-1038,서울특별시 은평구 불광동 400-4번지,서울연신중학교,37.62265,126.925247
은평구,953. 서울연신초등학교,202501,148,141,서울연신초등학교,ST-1039,서울특별시 은평구 불광동 73-1번지,서울연신초등학교,37.625778,126.928818
강동구,1025. 상일초등학교,202501,327,308,상일초등학교,ST-1042,서울특별시 강동구 상일동 440-3,상일초등학교,37.546841,127.172516
강서구,1155. 기쁜우리복지관,202501,1114,1058,기쁜우리복지관,ST-1255,서울특별시 강서구 허준로 65,기쁜우리복지관,0.0,0.0
강서구,1155. 기쁜우리복지관,202501,1114,1058,기쁜우리복지관,ST-1067,서울특별시 강서구 가양동 1458-15,기쁜우리복지관,37.56926,126.848419
강서구,1157. 강서구청,202501,2082,2179,강서구청,ST-1069,서울특별시 강서구 화곡로 302,강서구청,37.550659,126.84977
송파구,1251. 석촌역 2번출구,202501,1297,1307,석촌역 2번출구,ST-1070,서울특별시 송파구 송파동 68,석촌역 2번출구,37.505932,127.10775
송파구,1253. 오금역 3번 출구 뒤,202501,351,303,오금역 3번 출구 뒤,ST-1072,서울특별시 송파구 가락동 10-15,오금역 3번 출구 뒤,37.501652,127.128181
송파구,1256. 문정현대아파트 교차로,202501,327,327,문정현대아파트 교차로,ST-1075,서울특별시 송파구 문정동 3-2,문정현대아파트 교차로,37.491131,127.125809
송파구,1258. 가락미륭아파트 앞,202501,217,187,가락미륭아파트 앞,ST-1077,서울특별시 송파구 가락동 195-4,가락미륭아파트 앞,37.493198,127.128998
송파구,1259. 방이역 1번출구,202501,869,886,방이역 1번출구,ST-1078,서울특별시 송파구 오금동 17-20,방이역 1번출구,37.508984,127.126595
송파구,1260. 방이동 한양3차아파트 옆,202501,663,658,방이동 한양3차아파트 옆,ST-1079,서울특별시 송파구 방이동 225-1,방이동 한양3차아파트 옆,37.506302,127.121399
송파구,1262. 송파여성문화회관 앞,202501,1131,1124,송파여성문화회관 앞,ST-1081,서울특별시 송파구 송파동 2-3,송파여성문화회관 앞,37.505802,127.109718
송파구,1263. 장지공영차고지,202501,205,201,장지공영차고지,ST-1082,서울특별시 송파구 장지동 861-6,장지공영차고지,37.480541,127.137016
송파구,1264. 천호역 10번 출구 앞,202501,1653,1661,천호역 10번 출구 앞,ST-1083,서울특별시 송파구 풍납동 490-16,천호역 10번 출구 앞,37.538582,127.122803
송파구,1265. 문정동 근린공원,202501,582,641,문정동 근린공원,ST-1084,서울특별시 송파구 문정동 38-3,문정동 근린공원,37.485989,127.124763
송파구,1267. 올림픽공원 남2문 앞,202501,392,379,올림픽공원 남2문 앞,ST-1086,서울특별시 송파구 올림픽로 424,올림픽공원 남2문 앞,37.51424,127.12307
송파구,1268. 몽촌토성역 1번출구 옆,202501,553,556,몽촌토성역 1번출구 옆,ST-1087,서울특별시 송파구 방이동 88-21,몽촌토성역 1번출구 옆,37.517288,127.114197
송파구,1269. 리센츠아파트 ,202501,835,734,리센츠아파트,ST-1088,서울특별시 송파구 올림픽로 135,리센츠아파트,37.511944,127.091217
송파구,1271. 송파도서관,202501,587,587,송파도서관,ST-1089,서울특별시 송파구 동남로 263,송파도서관,37.499985,127.135391
성동구,512. 뚝섬역 1번 출구 옆,202501,1163,1247,뚝섬역 1번 출구 옆,ST-109,서울특별시 성동구 아차산로 18,뚝섬역 1번 출구 옆,37.548561,127.045006
송파구,1274. 영파여고 앞,202501,734,700,영파여고 앞,ST-1092,서울특별시 송파구 올림픽로 565,영파여고 앞,37.532848,127.121048
중랑구,1444. 면목4치안센터,202501,531,735,면목4치안센터,ST-1095,서울특별시 중랑구 면목동 646-4,면목4치안센터,37.574028,127.080544
중랑구,1446. 중랑전화국 교차로,202501,980,1049,중랑전화국 교차로,ST-1097,서울특별시 중랑구 면목동 282-8,중랑전화국 교차로,37.591301,127.08033
중랑구,1447. 면목역 3번출구,202501,1071,1263,면목역 3번출구,ST-1098,서울특별시 중랑구 면목동 120-2,면목역 3번출구,37.588902,127.08728
중랑구,1448. 코스트코 상봉점,202501,1035,1036,코스트코 상봉점,ST-1099,서울특별시 중랑구 상봉동 160-3,코스트코 상봉점,37.597321,127.089798
마포구,400. 상암한화오벨리스크 1차 앞,202501,584,577,상암한화오벨리스크 1차 앞,ST-110,서울특별시 마포구 구룡길 19,상암한화오벨리스크 1차 앞,37.587524,126.883003
강북구,1527. 미아역 1번 출구 뒤,202501,385,372,미아역 1번 출구 뒤,ST-1101,서울특별시 강북구 미아동 194-1,미아역 1번 출구 뒤,37.627335,127.026054
강북구,1528. 삼각산동 주민센터,202501,326,132,삼각산동 주민센터,ST-1102,서울특별시 강북구 미아동 813-8,삼각산동 주민센터,37.615036,127.020699
강북구,1529. 미아동 한국전력공사,202501,700,676,미아동 한국전력공사,ST-1103,서울특별시 강북구 미아동 194-1,미아동 한국전력공사,37.63018,127.02491
강북구,1530. 광산사거리,202501,971,960,광산사거리,ST-1104,서울특별시 강북구 노해로 87,광산사거리,37.643551,127.022347
강북구,1531. 미아사거리 1번 출구,202501,1060,1165,미아사거리 1번 출구,ST-1105,서울특별시 강북구 미아동 66-1,미아사거리 1번 출구,37.613956,127.030251
강북구,1532. 번3동 주민센터 교차로,202501,491,527,번3동 주민센터 교차로,ST-1106,서울특별시 강북구 번동 2-2,번3동 주민센터 교차로,37.626354,127.047447
강북구,"1533. 번동 주공3, 4단지 교차로",202501,511,597,"번동 주공3, 4단지 교차로",ST-1107,서울특별시 강북구 번동 254,"번동 주공3, 4단지 교차로",37.629917,127.040916
강북구,1535. 효성인텔리안 앞,202501,991,992,효성인텔리안 앞,ST-1109,서울특별시 강북구  수유동 230-7,효성인텔리안 앞,37.636292,127.023376
성동구,513. 뚝섬역 5번 출구 정류소 옆,202501,666,657,뚝섬역 5번 출구 정류소 옆,ST-111,서울특별시 성동구 아차산로 18,뚝섬역 5번 출구 정류소 옆,37.546307,127.049805
강북구,1536. 번동 두산위브 101동 옆,202501,350,353,번동 두산위브 101동 옆,ST-1110,서울특별시 강북구 번동 386-17,번동 두산위브 101동 옆,37.636261,127.032173
노원구,1643. 태릉입구역 8번출구,202501,838,851,태릉입구역 8번출구,ST-1111,서울특별시 노원구 공릉동 687-6,태릉입구역 8번출구,37.617367,127.075211
노원구,1646. 삼육대 입구,202501,112,112,삼육대 입구,ST-1114,서울특별시 노원구 공릉동 26-43,삼육대 입구,37.638489,127.107903
노원구,1650. 중계근린공원내,202501,1972,1950,중계근린공원내,ST-1118,서울특별시 노원구 중계동 506-3,중계근린공원내,37.63958,127.065102
성동구,514. 성수사거리 버스정류장 앞,202501,1524,1569,성수사거리 버스정류장 앞,ST-112,서울특별시 성동구 아차산로 171,성수사거리 버스정류장 앞,37.54258,127.063309
노원구,1652. 파르코 앞,202501,172,172,파르코 앞,ST-1120,서울특별시 노원구 상계동 1263,파르코 앞,37.68,127.05558
노원구,1653. 노원역1번출구,202501,1885,1905,노원역1번출구,ST-1121,서울특별시 노원구 상계동 335-4,노원역1번출구,37.6562,127.063622
노원구,1655. 공릉1단지아파트,202501,1377,1349,공릉1단지아파트,ST-1123,서울특별시 중랑구 동일로 1127,공릉1단지아파트,37.631111,127.07016
노원구,1657. 노원구청 ,202501,1062,1067,노원구청,ST-1125,서울특별시 노원구 노해로 437,노원구청,37.654049,127.057327
노원구,1659. 중계동 을지중학교,202501,495,468,중계동 을지중학교,ST-1127,서울특별시 노원구 중계동 370,중계동 을지중학교,37.65033,127.071602
노원구,1660. 서울시립과학관,202501,215,162,서울시립과학관,ST-1128,서울특별시 노원구 하계동 266,서울시립과학관,37.642071,127.076622
도봉구,1714. 도봉문화정보도서관 삼거리,202501,204,42,도봉문화정보도서관 삼거리,ST-1130,서울특별시 도봉구 덕릉로 315,도봉문화정보도서관 삼거리,37.64463,127.044609
도봉구,1715. 서울특별시교육청도봉도서관,202501,281,287,서울특별시교육청도봉도서관,ST-1131,서울특별시 도봉구 삼양로556,서울특별시교육청도봉도서관,37.653179,127.012787
도봉구,1719. 신도봉사거리 버스정류장,202501,505,562,신도봉사거리 버스정류장,ST-1135,서울특별시 도봉구 도봉로 771,신도봉사거리 버스정류장,37.673283,127.043991
도봉구,1720. 도봉구청 옆(중랑천변),202501,597,607,도봉구청 옆(중랑천변),ST-1136,서울특별시 도봉구 마들로 656,도봉구청 옆(중랑천변),37.668671,127.047981
금천구,1841. 가산동 주민센터,202501,1026,1000,가산동 주민센터,ST-1142,서울특별시 금천구 가산동 144-3,가산동 주민센터,37.476952,126.891869
금천구,1842. 한울중학교,202501,103,31,한울중학교,ST-1143,서울특별시 금천구 시흥동 1000-3,한울중학교,37.462574,126.90686
금천구,1843. 독산고등학교,202501,287,209,독산고등학교,ST-1144,서울특별시 금천구 독산동 906-42,독산고등학교,37.477097,126.911133
금천구,1845. 롯데캐슬골드파크1차 서문,202501,347,316,롯데캐슬골드파크1차 서문,ST-1146,서울특별시 금천구 벚꽃로40,롯데캐슬골드파크1차 서문,37.460289,126.892189
금천구,1846. 롯데캐슬골드파크1차 동문,202501,502,475,롯데캐슬골드파크1차 동문,ST-1147,서울특별시 금천구 독산동 441-19,롯데캐슬골드파크1차 동문,37.460171,126.896042
금천구,1848. 벽산 디지털밸리 5차,202501,731,879,벽산 디지털밸리 5차,ST-1149,서울특별시 금천구 가산동 60-73,벽산 디지털밸리 5차,37.476276,126.885391
동작구,2059. 보라매공원 정문,202501,621,647,보라매공원 정문,ST-1151,서울특별시 동작구 신대방동 395,보라매공원 정문,37.497078,126.917793
동작구,2060. 남성역3번출구 뒤,202501,619,639,남성역3번출구 뒤,ST-1152,서울특별시 동작구 사당동 1131,남성역3번출구 뒤,37.484631,126.97155
동작구,2062. 사당새마을금고,202501,174,126,사당새마을금고,ST-1154,서울특별시 동작구 사당동 211-2,사당새마을금고,37.486652,126.967842
관악구,2159. 인헌초교,202501,101,62,인헌초교,ST-1156,서울특별시 관악구 봉천동 244-1,인헌초교,37.47509,126.959229
서초구,2266. 서초역 3번출구,202501,395,393,서초역 3번출구,ST-1158,서울특별시 서초구 서초동 1748-14,서초역 3번출구,37.49054,127.008163
중구,300. 정동사거리,202501,489,478,정동사거리,ST-116,서울특별시 중구 정동길 2-1,정동사거리,37.56805,126.969231
서초구,2269. 주홍교 하부,202501,83,40,주홍교 하부,ST-1161,서울특별시 서초구 잠원동 91-29,주홍교 하부,37.510349,127.016052
서초구,2270. 서초포레스타 7단지,202501,139,134,서초포레스타 7단지,ST-1162,서울특별시 관악구 신원동 266,서초포레스타 7단지,37.448967,127.057739
서초구,2272. 교대입구 교차로,202501,198,187,교대입구 교차로,ST-1164,서울특별시 서초구 서초동 1748-33,교대입구 교차로,37.487309,127.010582
서초구,2273. 일동제약 사거리,202501,237,240,일동제약 사거리,ST-1165,서울특별시 서초구 양재동 67-12,일동제약 사거리,37.477829,127.038269
종로구,301. 경복궁역 7번출구 앞,202501,490,356,경복궁역 7번출구 앞,ST-117,서울특별시 종로구 사직로 지하130,경복궁역 7번출구 앞,37.575794,126.971451
강남구,2362. 신사동 가로수길 입구,202501,333,321,신사동 가로수길 입구,ST-1171,서울특별시 강남구 신사동 501-5,신사동 가로수길 입구,37.517635,127.022453
강남구,2365. K+ 타워 앞,202501,268,278,K+ 타워 앞,ST-1174,서울특별시 강남구 도산대로 333,K+ 타워 앞,37.5233,127.038475
강남구,2368. 도곡동 경남아파트 건너편,202501,280,184,도곡동 경남아파트 건너편,ST-1177,서울특별시 강남구 도곡동 874-1,도곡동 경남아파트 건너편,37.489342,127.041298
강남구,2369. KT선릉타워,202501,696,725,KT선릉타워,ST-1178,서울특별시 강남구 대치동 1011,KT선릉타워,37.505428,127.052872
강남구,2370. 한티역 3번출구,202501,205,198,한티역 3번출구,ST-1179,서울특별시 강남구 대치동 1026,한티역 3번출구,37.496552,127.054298
강남구,2371. 한국우편사업진흥원,202501,86,49,한국우편사업진흥원,ST-1180,서울특별시 강남구 언주로 651,한국우편사업진흥원,37.514748,127.035133
강남구,2372. 대치역 사거리,202501,395,539,대치역 사거리,ST-1181,서울특별시 강남구 삼성로 156,대치역 사거리,37.494499,127.063797
강남구,2373. 개포동역 사거리,202501,194,164,개포동역 사거리,ST-1182,서울특별시 강남구 개포동 181-3,개포동역 사거리,37.489277,127.065575
강남구,2375. 수서역 1번출구 앞,202501,540,610,수서역 1번출구 앞,ST-1184,서울특별시 강남구 수서동 728,수서역 1번출구 앞,37.48735,127.100998
강남구,2376. 수서역 6번출구 앞,202501,339,372,수서역 6번출구 앞,ST-1185,서울특별시 강남구 수서동 740,수서역 6번출구 앞,37.486778,127.100517
서대문구,3100. 북성초교,202501,128,110,북성초교,ST-1188,서울특별시 서대문구 신촌로 235-1,북성초교,37.557396,126.952164
서대문구,3101. 서대문구청,202501,150,150,서대문구청,ST-1189,서울특별시 서대문구 연희로 242,서대문구청,37.578381,126.936096
광진구,3506. 영동대교 북단,202501,719,716,영동대교 북단,ST-1191,서울특별시 광진구 자양동 203-22,영동대교 북단,37.537014,127.061096
광진구,3507. 어린이회관,202501,604,380,어린이회관,ST-1192,서울특별시 광진구 능동 465-7,어린이회관,37.545952,127.078003
광진구,3508. 화양사거리,202501,594,523,화양사거리,ST-355,서울특별시 성동구 광나루로 334,화양사거리,37.548149,127.06707
광진구,3508. 화양사거리,202501,594,523,화양사거리,ST-1193,서울특별시 광진구 화양동 21-6,화양사거리,37.548222,127.067879
광진구,3509. 세종사이버대학교,202501,1656,1706,세종사이버대학교,ST-1194,서울특별시 광진구 군자동 111-2,세종사이버대학교,37.553417,127.073196
성동구,3513. 상왕십리역 1번출구,202501,1328,589,상왕십리역 1번출구,ST-1197,서울특별시 성동구 하왕십리동 860-1,상왕십리역 1번출구,37.56461,127.029198
성동구,3514. 왕십리교회옆,202501,1270,1271,왕십리교회옆,ST-1198,서울특별시 성동구 상왕십리동 350-1,왕십리교회옆,37.566261,127.023697
성동구,3515. 서울숲 관리사무소,202501,350,346,서울숲 관리사무소,ST-1199,서울특별시 성동구 성수동1가 678-1,서울숲 관리사무소,37.542816,127.042084
성북구,1342. 성북쉼터 앞,202501,134,30,성북쉼터 앞,ST-1206,서울특별시 성북구 성북로21길 32,성북쉼터 앞,37.592617,126.997932
성북구,1343. 한성대7번출구 앞,202501,231,240,한성대7번출구 앞,ST-1207,서울특별시 성북구 동소문로 11,한성대7번출구 앞,37.589249,127.007378
성북구,1344. 아리랑시네센터 앞,202501,260,94,아리랑시네센터 앞,ST-1208,서울특별시 성북구 아리랑로 82,아리랑시네센터 앞,37.600288,127.013702
성북구,1346. 길음8골어린이공원 옆,202501,454,445,길음8골어린이공원 옆,ST-1210,서울특별시 성북구 길음로13길 22,길음8골어린이공원 옆,37.608978,127.020248
성북구,1347. 길음래미안아파트817동 상가 앞,202501,134,130,길음래미안아파트817동 상가 앞,ST-1211,서울특별시 성북구 길음로 33,길음래미안아파트817동 상가 앞,37.607105,127.0215
성북구,1348. 성북제일새마을금고 본점 앞,202501,212,241,성북제일새마을금고 본점 앞,ST-1212,서울특별시 성북구 길음로 20,성북제일새마을금고 본점 앞,37.604752,127.022758
성북구,1352. e 편한세상 보문아파트 내,202501,81,46,e 편한세상 보문아파트 내,ST-1216,서울특별시 성북구 낙산길 255,e 편한세상 보문아파트 내,37.583881,127.017097
성북구,1353. 금호어울림센터힐 내,202501,162,182,금호어울림센터힐 내,ST-1217,서울특별시 성북구 동소문로34길 73,금호어울림센터힐 내,37.60083,127.023552
구로구,1957. 구일고등학교 정문 ,202501,1291,1264,구일고등학교 정문,ST-1219,서울특별시 구로구 구일로 90-51,구일고등학교 정문,37.493401,126.874329
구로구,1958. 강서수도사업소민원센터,202501,1619,1676,강서수도사업소민원센터,ST-1220,서울특별시 구로구 가마산로 272,강서수도사업소민원센터,37.495781,126.890121
구로구,1962. 가리봉동주민센터,202501,1025,1023,가리봉동주민센터,ST-1224,서울특별시 구로구 디지털로26길 5,가리봉동주민센터,37.481602,126.892799
구로구,1964. 원메디타운 앞,202501,1075,1052,원메디타운 앞,ST-1226,서울특별시 구로구 경인로 403,원메디타운 앞,37.49789,126.864502
구로구,1966. 한마을아파트 정문상가,202501,584,563,한마을아파트 정문상가,ST-1228,서울특별시 구로구 경인로 382,한마을아파트 정문상가,37.496498,126.863098
구로구,1967. 참새공원(백곡경노당),202501,269,262,참새공원(백곡경노당),ST-1229,서울특별시 구로구 고척로21길 85,참새공원(백곡경노당),37.505138,126.844337
종로구,307. 서울역사박물관 앞,202501,508,487,서울역사박물관 앞,ST-123,서울특별시 종로구 새문안로 55,서울역사박물관 앞,37.57,126.9711
구로구,1969. 궁동생태공원,202501,37,37,궁동생태공원,ST-1231,서울특별시 구로구 오리로 1352,궁동생태공원,37.501904,126.828964
구로구,1973. 오리로와 서해안도로 교차로 앞,202501,252,169,오리로와 서해안도로 교차로 앞,ST-1235,서울특별시 구로구 오리로 1181,오리로와 서해안도로 교차로 앞,37.488598,126.836494
구로구,1974. 신도림2차e편한세상아파트 203동 앞,202501,598,559,신도림2차e편한세상아파트 203동 앞,ST-1236,서울특별시 구로구 신도림로 16,신도림2차e편한세상아파트 203동 앞,37.50518,126.882538
구로구,1975. 대림역 1번 출입구 밑,202501,990,968,대림역 1번 출입구 밑,ST-1237,서울특별시 구로구 도림천로 351,대림역 1번 출입구 밑,37.492565,126.894753
구로구,1976. 남구로역 5번 출입구 앞,202501,412,261,남구로역 5번 출입구 앞,ST-1238,서울특별시 구로구 도림로 지하 7,남구로역 5번 출입구 앞,37.48568,126.886703
구로구,1977. 천왕역 1번 출입구 앞,202501,1010,679,천왕역 1번 출입구 앞,ST-1239,서울특별시 구로구 오리로 지하 1154,천왕역 1번 출입구 앞,37.48621,126.838821
구로구,1979. 구로1동우체국 앞,202501,132,132,구로1동우체국 앞,ST-1241,서울특별시 구로구 구일로 64,구로1동우체국 앞,37.492031,126.873772
강남구,2383. 보금자리정원,202501,140,188,보금자리정원,ST-1248,서울특별시 강남구 헌릉로569길 39-6,보금자리정원,37.466328,127.094887
강서구,1158. 가양역 8번출구,202501,2220,2247,가양역 8번출구,ST-1249,서울특별시 강서구 양천로 지하 485,가양역 8번출구,37.561035,126.854813
강서구,1162. 공항초등학교건너편,202501,2102,1919,공항초등학교건너편,ST-1253,서울특별시 강서구 마곡서1로 68,공항초등학교건너편,37.562679,126.820473
관악구,2164. 관악우체국,202501,478,475,관악우체국,ST-1259,서울특별시 관악구 남부순환로 1641,관악우체국,37.484768,126.932877
중구,310. 청계광장 옆,202501,532,532,청계광장 옆,ST-126,서울특별시 중구 세종대로 136,청계광장 옆,37.568878,126.97747
관악구,2165. JK장평타워,202501,144,93,JK장평타워,ST-1260,서울특별시 관악구 남부순환로 1943,JK장평타워,37.476482,126.965363
관악구,2167. 낙성대역 1번출구,202501,155,152,낙성대역 1번출구,ST-1262,서울특별시 관악구 남부순환로 1944,낙성대역 1번출구,37.476295,126.964958
관악구,2169. 봉천역 2번출구,202501,596,605,봉천역 2번출구,ST-1264,서울특별시 관악구 남부순환로 1728,봉천역 2번출구,37.482189,126.942131
광진구,3517. 용마사거리,202501,885,992,용마사거리,ST-1266,서울특별시 광진구 능동로 373,용마사거리,37.562527,127.082275
관악구,2172. 나들목공원,202501,242,204,나들목공원,ST-1267,서울특별시 관악구 신림로 41,나들목공원,37.469406,126.944511
관악구,2173. 당곡사거리,202501,1178,1171,당곡사거리,ST-1268,서울특별시 관악구 보라매로 3,당곡사거리,37.48975,126.927467
관악구,2174. 삼성디지털프라자관악점,202501,299,285,삼성디지털프라자관악점,ST-1269,서울특별시 관악구 신림로 386,삼성디지털프라자관악점,37.488564,126.928482
관악구,2175. 신림동걷고싶은문화의거리입구,202501,540,532,신림동걷고싶은문화의거리입구,ST-1270,서울특별시 관악구 신림로 369,신림동걷고싶은문화의거리입구,37.487301,126.928703
구로구,1983. 구로동롯데아파트,202501,491,466,구로동롯데아파트,ST-1273,서울특별시 구로구 새말로 31,구로동롯데아파트,37.502548,126.883881
구로구,1985. 구로도서관,202501,2118,1992,구로도서관,ST-1275,서울특별시 구로구 공원로 15,구로도서관,37.498516,126.891991
금천구,1849. 대륭포스트타워5차,202501,251,320,대륭포스트타워5차,ST-1276,서울특별시 금천구 디지털로9길 68,대륭포스트타워5차,37.481354,126.88694
금천구,1850. 코오롱테크노밸리,202501,191,203,코오롱테크노밸리,ST-1277,서울특별시 금천구 디지털로9길 56,코오롱테크노밸리,37.48016,126.886368
노원구,1661. 당현천근린공원,202501,925,864,당현천근린공원,ST-1278,서울특별시 노원구 동일로 1342,당현천근린공원,37.649639,127.065605
노원구,1663. 동해문화예술관앞,202501,1086,1064,동해문화예술관앞,ST-1280,서울특별시 노원구 화랑로 429,동해문화예술관앞,37.619381,127.057854
노원구,1664. 노해근린공원내,202501,277,261,노해근린공원내,ST-1281,서울특별시 노원구 노원로22길 1,노해근린공원내,37.649361,127.070442
노원구,1666. 노원소방서인근,202501,442,356,노원소방서인근,ST-1283,서울특별시 노원구 노원로26길 111,노원소방서인근,37.655781,127.071777
노원구,1667. 중계중학교,202501,993,852,중계중학교,ST-1284,서울특별시 노원구 덕릉로76길 23,중계중학교,37.654499,127.074387
노원구,1669. 중계역 3번출구,202501,1248,1241,중계역 3번출구,ST-1286,서울특별시 노원구 동일로 지하 1308-1,중계역 3번출구,37.643528,127.065224
노원구,1670. 노원경찰서교차로,202501,644,641,노원경찰서교차로,ST-1287,서울특별시 노원구 노원로 283,노원경찰서교차로,37.64341,127.071838
노원구,1671. 인덕대학교,202501,332,338,인덕대학교,ST-1288,서울특별시 노원구 초안산로 12,인덕대학교,37.629349,127.054825
노원구,1672. 상계동수락리버시티,202501,233,216,상계동수락리버시티,ST-1289,서울특별시 노원구 누원로 18,상계동수락리버시티,37.688599,127.053406
노원구,1674. 서울북부고용센터앞,202501,1546,1543,서울북부고용센터앞,ST-1291,서울특별시 노원구 노해로 450,서울북부고용센터앞,37.653549,127.058083
도봉구,1722. 창동청소년수련관,202501,518,490,창동청소년수련관,ST-1292,서울특별시 도봉구 노해로69길 132,창동청소년수련관,37.657799,127.050049
도봉구,1723. 방학동학마을도서관,202501,209,208,방학동학마을도서관,ST-1293,서울특별시 도봉구 시루봉로 128,방학동학마을도서관,37.662079,127.027718
도봉구,1725. 창1동주민센터,202501,234,234,창1동주민센터,ST-1295,서울특별시 도봉구 해등로 46,창1동주민센터,37.647503,127.043312
도봉구,1727. 서울도봉초등학교인근,202501,258,200,서울도봉초등학교인근,ST-1297,서울특별시 도봉구 도봉로173길 96,서울도봉초등학교인근,37.678677,127.040764
동대문구,648. 장안동위더스빌옆,202501,1643,1621,장안동위더스빌옆,ST-1300,서울특별시 동대문구 한천로 42,장안동위더스빌옆,37.5667,127.062424
동대문구,650. 중랑교사거리,202501,505,461,중랑교사거리,ST-1302,서울특별시 동대문구 망우로 131,중랑교사거리,37.591534,127.067741
서초구,2285. LH서초3단지 301동 맞은편,202501,96,91,LH서초3단지 301동 맞은편,ST-1311,서울특별시 서초구 양재대로2길 33,LH서초3단지 301동 맞은편,37.457424,127.022652
서초구,2286. 탑성마을입구,202501,9,2,탑성마을입구,ST-1312,서울특별시 서초구 탑성말길 2,탑성마을입구,37.45855,127.055885
서초구,2287. 능안마을입구,202501,18,16,능안마을입구,ST-1313,서울특별시 서초구 능안말길 1-2,능안마을입구,37.45562,127.067101
서초구,2289. 남태령역 2번출구,202501,62,33,남태령역 2번출구,ST-1315,서울특별시 서초구 과천대로 810,남태령역 2번출구,37.464298,126.988525
성북구,1354. 고려대학교 2번출구,202501,713,744,고려대학교 2번출구,ST-1317,서울특별시 성북구 종암로 지하 1,고려대학교 2번출구,37.590714,127.036194
종로구,316. 종각역 1번출구 앞,202501,1029,1021,종각역 1번출구 앞,ST-132,서울특별시 종로구 종로 47,종각역 1번출구 앞,37.570396,126.981789
영등포구,278. 쌍용플레티넘오피스텔,202501,1314,1175,쌍용플레티넘오피스텔,ST-1323,서울특별시 영등포구 도영로 18,쌍용플레티넘오피스텔,37.507931,126.895233
용산구,828. 숙대입구역 8번,202501,412,476,숙대입구역 8번,ST-1325,서울특별시 용산구 한강대로 289,숙대입구역 8번,37.544079,126.972
은평구,954. 은평뉴타운구파발9단지,202501,246,288,은평뉴타운구파발9단지,ST-1329,서울특별시 은평구 진관3로 77,은평뉴타운구파발9단지,37.642609,126.921478
중랑구,1449. 상봉역 1번출구,202501,1184,1200,상봉역 1번출구,ST-1332,서울특별시 중랑구 망우로 297,상봉역 1번출구,37.596558,127.085838
중랑구,1451. 중랑세무서,202501,1022,1054,중랑세무서,ST-1334,서울특별시 중랑구 망우로 176,중랑세무서,37.592758,127.07267
관악구,2171. 서울대입구역 5번출구,202501,486,491,서울대입구역 5번출구,ST-1337,서울특별시 관악구 남부순환로 1817,서울대입구역 5번출구,37.481548,126.952003
강서구,1165. 마곡중학교 후문,202501,957,641,마곡중학교 후문,ST-1338,서울특별시 강서구 마곡중앙5로 58,마곡중학교 후문,37.568447,126.821648
용산구,832. 이촌1동 주민센터 뒤,202501,345,382,이촌1동 주민센터 뒤,ST-1339,서울특별시 용산구 이촌로71길 24,이촌1동 주민센터 뒤,37.521282,126.973465
용산구,836. 현대자동차서비스 앞,202501,224,204,현대자동차서비스 앞,ST-1343,서울특별시 용산구 원효로 74,현대자동차서비스 앞,37.531422,126.9515
중랑구,1453. 중랑캠핑숲,202501,47,47,중랑캠핑숲,ST-1345,서울특별시 중랑구 송림길 172,중랑캠핑숲,37.604603,127.109253
중랑구,1454. 한국전력공사(동대문 중랑지사),202501,453,482,한국전력공사(동대문 중랑지사),ST-1346,서울특별시 중랑구 동일로 862,한국전력공사(동대문 중랑지사),37.607349,127.07859
노원구,1675. 월계문화체육센터,202501,148,129,월계문화체육센터,ST-1348,서울특별시 노원구 월계로 280,월계문화체육센터,37.626942,127.05513
강서구,1166. 강서구립등빛도서관,202501,2809,2804,강서구립등빛도서관,ST-1351,서울특별시 강서구 강서로62길 48,강서구립등빛도서관,37.562569,126.842461
동작구,2064. 흑석한강푸르지오 106동앞,202501,22,15,흑석한강푸르지오 106동앞,ST-1355,서울특별시 동작구 흑석한강로 27,흑석한강푸르지오 106동앞,37.505356,126.966179
관악구,2176. 보라매공원 보도육교,202501,951,901,보라매공원 보도육교,ST-1357,서울특별시 관악구 신사로 132,보라매공원 보도육교,37.488991,126.916382
서초구,2293. SPC 앞,202501,336,294,SPC 앞,ST-1360,서울특별시 서초구 남부순환로 2620,SPC 앞,37.484798,127.036995
서초구,2294. 두상빌딩 앞,202501,688,690,두상빌딩 앞,ST-1361,서울특별시 서초구 언남길 87,두상빌딩 앞,37.475906,127.046242
강남구,2384. 자곡사거리,202501,813,866,자곡사거리,ST-1364,서울특별시 강남구 밤고개로 206,자곡사거리,37.476028,127.105942
강남구,2385. 학동역,202501,293,266,학동역,ST-1365,서울특별시 강남구 학동로 지하 180,학동역,37.51395,127.030151
송파구,1275. 거여초등학교 옆,202501,289,292,거여초등학교 옆,ST-1367,서울특별시 송파구 마천로25길 18,거여초등학교 옆,37.504589,127.139366
종로구,394. 경희궁 자이 3단지,202501,485,581,경희궁 자이 3단지,ST-1374,서울특별시 종로구 송월길 99,경희궁 자이 3단지,37.568855,126.964561
중랑구,1455. 상봉역 2번 출구,202501,1422,1526,상봉역 2번 출구,ST-1375,서울특별시 중랑구 망우로 297,상봉역 2번 출구,37.596329,127.085899
광진구,3520. 광진경찰서,202501,1558,1489,광진경찰서,ST-1378,서울특별시 광진구 자양로 167,광진경찰서,37.542519,127.084084
광진구,3521. 현대홈타운 뒷길,202501,70,69,현대홈타운 뒷길,ST-1379,서울특별시 광진구 아차산로69길 29,현대홈타운 뒷길,37.543427,127.096619
중구,322. 명동성당 앞,202501,330,323,명동성당 앞,ST-138,서울특별시 중구 명동길 74,명동성당 앞,37.564476,126.986969
중랑구,1456. 상아빌딩(우림시장 교차로),202501,566,606,상아빌딩(우림시장 교차로),ST-1380,서울특별시 중랑구 용마산로 494,상아빌딩(우림시장 교차로),37.595112,127.100327
중랑구,1457. 동원사거리,202501,317,276,동원사거리,ST-1381,서울특별시 중랑구 겸재로 229,동원사거리,37.58976,127.093239
성북구,1357. 북한산보국문역,202501,117,113,북한산보국문역,ST-1383,서울특별시 성북구 보국문로 91,북한산보국문역,37.612072,127.008133
성북구,1358. 정릉도서관 앞,202501,204,215,정릉도서관 앞,ST-1384,서울특별시 성북구 보국문로 7-10,정릉도서관 앞,37.60479,127.010582
성북구,1360. 정릉역,202501,243,250,정릉역,ST-1386,서울특별시 성북구 정릉로 272,정릉역,37.603096,127.013504
강북구,1537. 북한산 우이역,202501,205,176,북한산 우이역,ST-1387,서울특별시 강북구 삼양로 670,북한산 우이역,37.663666,127.012428
강북구,1538. 솔밭공원역,202501,91,89,솔밭공원역,ST-1388,서울특별시 강북구 삼양로 595,솔밭공원역,37.656158,127.013138
강북구,1540. 가오리역,202501,491,485,가오리역,ST-1390,서울특별시 강북구 삼양로 426,가오리역,37.64167,127.016884
강북구,1541. 삼양역,202501,115,100,삼양역,ST-1391,서울특별시 강북구 삼양로 263,삼양역,37.62653,127.018059
강북구,1542. 삼양사거리역,202501,222,213,삼양사거리역,ST-1392,서울특별시 강북구 삼양로 197,삼양사거리역,37.621552,127.02037
노원구,1678. 성서대학교 밀알관,202501,84,67,성서대학교 밀알관,ST-1394,서울특별시 노원구 동일로214길 32,성서대학교 밀알관,37.648438,127.064446
노원구,1679. 삼육대 도서관,202501,37,24,삼육대 도서관,ST-1395,서울특별시 노원구 화랑로 815,삼육대 도서관,37.64283,127.106667
양천구,752. 성원2차 아파트,202501,556,453,성원2차 아파트,ST-1400,서울특별시 양천구 목동중앙남로 100,성원2차 아파트,37.542183,126.863304
서초구,2297. 남부터미널역 1번출구,202501,300,268,남부터미널역 1번출구,ST-1404,서울특별시 서초구 서초중앙로 38,남부터미널역 1번출구,37.485672,127.015923
서초구,2299. 한전아트센터 앞,202501,345,361,한전아트센터 앞,ST-1406,서울특별시 서초구 효령로72길 60,한전아트센터 앞,37.486469,127.028061
강남구,2387. 래미안강남힐즈 사거리,202501,306,285,래미안강남힐즈 사거리,ST-1407,서울특별시 강남구 자곡로 101,래미안강남힐즈 사거리,37.472454,127.096077
송파구,1279. 마천금호어울림 1차아파트 건너편,202501,155,151,마천금호어울림 1차아파트 건너편,ST-1410,서울특별시 송파구 성내천로39길 4,마천금호어울림 1차아파트 건너편,37.497517,127.154678
송파구,1280. 송파파크데일 2단지입구 앞 주차장,202501,202,201,송파파크데일 2단지입구 앞 주차장,ST-1411,서울특별시 송파구 성내천로47길 23,송파파크데일 2단지입구 앞 주차장,37.495659,127.157173
송파구,1282. 송파소방서 맞은편(성내4교),202501,803,904,송파소방서 맞은편(성내4교),ST-1413,서울특별시 송파구 오금로51길 56,송파소방서 맞은편(성내4교),37.499874,127.141479
송파구,1285. 위례별 유치원 뒤,202501,227,193,위례별 유치원 뒤,ST-1416,서울특별시 송파구 위례광장로 136,위례별 유치원 뒤,37.47747,127.144592
송파구,1286. 위례중앙푸르지오 1단지 앞,202501,480,475,위례중앙푸르지오 1단지 앞,ST-1417,서울특별시 송파구 위례광장로 120,위례중앙푸르지오 1단지 앞,37.474377,127.140671
송파구,1288. 문정중교 사거리,202501,536,466,문정중교 사거리,ST-1419,서울특별시 송파구 송이로 238,문정중교 사거리,37.487999,127.131088
종로구,326. 안국역 5번출구 앞,202501,648,540,안국역 5번출구 앞,ST-142,서울특별시 종로구 율곡로 지하62,안국역 5번출구 앞,37.576241,126.98616
강북구,1543. 수유1동 주민센터,202501,362,357,수유1동 주민센터,ST-1423,서울특별시 강북구 삼양로 299,수유1동 주민센터,37.630188,127.017738
노원구,1681. 현대6차 아파트,202501,867,588,현대6차 아파트,ST-1425,서울특별시 노원구 중계로8길 20,현대6차 아파트,37.645802,127.08226
광진구,3510. 중곡SK아파트앞,202501,367,251,중곡SK아파트앞,ST-1427,서울특별시 광진구 용마산로32길 32,중곡SK아파트앞,37.568649,127.08625
광진구,3523. 건국대학교 과학관(이과대) 앞,202501,202,203,건국대학교 과학관(이과대) 앞,ST-1429,서울특별시 광진구 능동로 120,건국대학교 과학관(이과대) 앞,37.541718,127.08017
종로구,327. 낙원상가 옆,202501,697,691,낙원상가 옆,ST-143,서울특별시 종로구 삼일대로 428,낙원상가 옆,37.573357,126.987465
종로구,397. 종묘공영주차장 건너편,202501,164,170,종묘공영주차장 건너편,ST-1432,서울특별시 종로구 종로 지하 200,종묘공영주차장 건너편,37.57048,126.996635
강남구,2388. 강남구 도시관리공단,202501,187,97,강남구 도시관리공단,ST-1433,서울특별시 강남구 삼성로 628,강남구 도시관리공단,37.516785,127.051613
중구,399. 서울역 센트럴 자이아파트,202501,575,321,서울역 센트럴 자이아파트,ST-1436,서울특별시 중구 만리재로 175,서울역 센트럴 자이아파트,37.554108,126.965408
중구,428. 명보사거리,202501,257,251,명보사거리,ST-1437,서울특별시 중구 을지로 지하 129,명보사거리,37.5644,126.991432
중구,429. 송도병원,202501,63,14,송도병원,ST-1438,서울특별시 중구 다산로 59-1,송도병원,37.549889,127.007347
종로구,328. 탑골공원 앞,202501,360,368,탑골공원 앞,ST-144,서울특별시 종로구 종로 99,탑골공원 앞,37.570396,126.98819
용산구,839. 보광동 삼성리버빌아파트 앞,202501,174,167,보광동 삼성리버빌아파트 앞,ST-1441,서울특별시 용산구 보광로5길 40,보광동 삼성리버빌아파트 앞,37.52401,127.00145
용산구,840. 용산 파크타워 앞,202501,234,231,용산 파크타워 앞,ST-1442,서울특별시 용산구 서빙고로 67,용산 파크타워 앞,37.523651,126.970268
용산구,841. 신용산역 1번 출구,202501,682,821,신용산역 1번 출구,ST-1443,서울특별시 용산구 한강대로 100,신용산역 1번 출구,37.52961,126.968872
용산구,844. 이촌2동 동원베네스트 아파트 앞,202501,532,525,이촌2동 동원베네스트 아파트 앞,ST-1446,서울특별시 용산구 이촌로14길 7,이촌2동 동원베네스트 아파트 앞,37.527149,126.955162
동대문구,652. 답십리 래미안엘파인아파트 입구,202501,372,408,답십리 래미안엘파인아파트 입구,ST-1447,서울특별시 동대문구 사가정로 190,답십리 래미안엘파인아파트 입구,37.57653,127.065941
동대문구,654. 전농동 텃골공원,202501,369,297,전농동 텃골공원,ST-1449,서울특별시 동대문구 사가정로 65,전농동 텃골공원,37.577621,127.052109
성북구,1363. 보문4교 인근,202501,898,898,보문4교 인근,ST-1455,서울특별시 성북구 보문로22길 28,보문4교 인근,37.583752,127.02195
성북구,1364. 성북동 치안센터 앞,202501,302,302,성북동 치안센터 앞,ST-1456,서울특별시 성북구 성북로 25,성북동 치안센터 앞,37.590172,127.004089
성북구,1365. 선잠단지 앞,202501,133,90,선잠단지 앞,ST-1457,서울특별시 성북구 성북로 102-10,선잠단지 앞,37.593361,126.999092
성북구,1366. 일신초등학교 옆,202501,153,154,일신초등학교 옆,ST-1458,서울특별시 성북구 월곡로 74,일신초등학교 옆,37.59972,127.040382
도봉구,1730. 도봉산역 교차로 앞,202501,78,104,도봉산역 교차로 앞,ST-1462,서울특별시 도봉구 도봉산길 10,도봉산역 교차로 앞,37.687592,127.045502
도봉구,1733. 방학사거리 (봄마당 앞),202501,313,311,방학사거리 (봄마당 앞),ST-1465,서울특별시 도봉구 방학로 102,방학사거리 (봄마당 앞),37.662979,127.041939
도봉구,1734. 쌍문현대1차아파트 108동 앞,202501,364,308,쌍문현대1차아파트 108동 앞,ST-1466,서울특별시 도봉구 해등로 218,쌍문현대1차아파트 108동 앞,37.65815,127.032669
도봉구,"1735. 도봉역 1,2번 출구사이 건너편",202501,510,492,"도봉역 1,2번 출구사이 건너편",ST-1467,서울특별시 도봉구 도봉로170길 2,"도봉역 1,2번 출구사이 건너편",37.679119,127.044983
도봉구,1736. 버스정류장 앞,202501,201,151,버스정류장 앞,ST-1468,서울특별시 도봉구 도봉로 528,버스정류장 앞,37.652241,127.037064
중구,331. 을지로2가 사거리 북측,202501,559,637,을지로2가 사거리 북측,ST-147,서울특별시 중구 을지로 79,을지로2가 사거리 북측,37.566383,126.987206
도봉구,1738. 창동주공17단지 상가앞,202501,713,721,창동주공17단지 상가앞,ST-1470,서울특별시 도봉구 덕릉로 404,창동주공17단지 상가앞,37.646309,127.052742
노원구,1683. 노원문화예술회관,202501,989,971,노원문화예술회관,ST-1473,서울특별시 노원구 중계로 181,노원문화예술회관,37.650459,127.080887
노원구,1685. 불암고등학교 앞 횡단보도,202501,694,689,불암고등학교 앞 횡단보도,ST-1475,서울특별시 노원구 중계로 155,불암고등학교 앞 횡단보도,37.64819,127.080482
중구,332. 을지로2가 사거리 남측,202501,454,450,을지로2가 사거리 남측,ST-148,서울특별시 중구 을지로 100,을지로2가 사거리 남측,37.56599,126.987793
은평구,960. 구파발역 환승센터,202501,338,378,구파발역 환승센터,ST-1481,서울특별시 은평구 진관2로 지하 15-25,구파발역 환승센터,37.638252,126.919456
은평구,961. 불광역 9번 출구,202501,511,512,불광역 9번 출구,ST-1482,서울특별시 은평구 통일로 732,불광역 9번 출구,37.61097,126.92981
은평구,965. 서울특별시 은평병원,202501,244,67,서울특별시 은평병원,ST-1486,서울특별시 은평구 백련산로 90,서울특별시 은평병원,37.593479,126.923187
은평구,968. 은평뉴타운 상림마을 13단지,202501,61,60,은평뉴타운 상림마을 13단지,ST-1489,서울특별시 은평구 진관4로 48-50,은평뉴타운 상림마을 13단지,37.64209,126.929413
서대문구,3103. 홍제삼거리 북측,202501,364,352,홍제삼거리 북측,ST-1491,서울특별시 서대문구 통일로 지하 440-1,홍제삼거리 북측,37.5867,126.94677
서대문구,3104. e편한세상 신촌4단지 앞,202501,352,368,e편한세상 신촌4단지 앞,ST-1492,서울특별시 마포구 신촌로 지하 270,e편한세상 신촌4단지 앞,37.558128,126.956207
서대문구,3105. 홍은센트레빌 아파트 앞,202501,142,74,홍은센트레빌 아파트 앞,ST-1493,서울특별시 서대문구 통일로 553,홍은센트레빌 아파트 앞,37.597149,126.93853
마포구,432. 마포중앙도서관,202501,101,20,마포중앙도서관,ST-1494,서울특별시 마포구 성산로 128,마포중앙도서관,37.563339,126.908203
양천구,756. 목동주차장,202501,718,801,목동주차장,ST-1497,서울특별시 양천구 목동동로 298,목동주차장,37.52668,126.876167
양천구,757. 신정이펜하우스 1단지아파트 입구 사거리,202501,285,191,신정이펜하우스 1단지아파트 입구 사거리,ST-1498,서울특별시 양천구 신정이펜1로 99,신정이펜하우스 1단지아파트 입구 사거리,37.514278,126.828743
양천구,758. 한사랑교회 앞,202501,641,643,한사랑교회 앞,ST-1499,서울특별시 양천구 목동동로 33,한사랑교회 앞,37.514721,126.8592
종로구,334. 종로3가역 2번출구 뒤,202501,659,669,종로3가역 2번출구 뒤,ST-150,서울특별시 종로구 종로 지하129,종로3가역 2번출구 뒤,37.570599,126.991791
양천구,759. 보아스아파트 앞,202501,467,477,보아스아파트 앞,ST-1500,서울특별시 양천구 오목로3길 32,보아스아파트 앞,37.524071,126.8386
양천구,760. 잣절보도육교 아래,202501,305,278,잣절보도육교 아래,ST-1501,서울특별시 양천구 남부순환로 699,잣절보도육교 아래,37.506821,126.844299
양천구,763. 목동11단지 아파트,202501,624,580,목동11단지 아파트,ST-1504,서울특별시 양천구 목동동로 10,목동11단지 아파트,37.510658,126.859161
강서구,1169. 염창역 1번 출구,202501,1142,1163,염창역 1번 출구,ST-1506,서울특별시 강서구 공항대로 625,염창역 1번 출구,37.547199,126.874489
강서구,1172. 가양3동 주민센터,202501,1014,1130,가양3동 주민센터,ST-1509,서울특별시 강서구 허준로 202,가양3동 주민센터,37.561249,126.86058
강서구,1173. 강서구청사거리(SH타워),202501,1918,1819,강서구청사거리(SH타워),ST-1510,서울특별시 강서구 공항대로 411,강서구청사거리(SH타워),37.556736,126.853073
강서구,1175. 대한항공 인력개발센터,202501,749,507,대한항공 인력개발센터,ST-1512,서울특별시 강서구 공항대로 453,대한항공 인력개발센터,37.554379,126.857536
강서구,1178. 개화산역 2번 출구,202501,379,388,개화산역 2번 출구,ST-1515,서울특별시 강서구 양천로 22,개화산역 2번 출구,37.572472,126.806168
강서구,1180. 마곡엠밸리 15단지(1502동) 건너편,202501,1848,1879,마곡엠밸리 15단지(1502동) 건너편,ST-1517,서울특별시 강서구 마곡중앙로 36,마곡엠밸리 15단지(1502동) 건너편,37.557468,126.82972
강서구,1182. KBS 스포츠월드,202501,2085,2103,KBS 스포츠월드,ST-1519,서울특별시 강서구 공항대로 376,KBS 스포츠월드,37.556877,126.848808
구로구,1987. 개봉아이파크아파트 앞,202501,478,518,개봉아이파크아파트 앞,ST-1522,서울특별시 구로구 개봉로2길 133-15,개봉아이파크아파트 앞,37.490341,126.860931
구로구,1988. 고척LIGA아파트 앞,202501,1168,1158,고척LIGA아파트 앞,ST-1523,서울특별시 구로구 중앙로 100,고척LIGA아파트 앞,37.50605,126.860786
구로구,1992. 구로구배드민턴실내체육관 앞,202501,168,180,구로구배드민턴실내체육관 앞,ST-1527,서울특별시 구로구 경인로15길 75,구로구배드민턴실내체육관 앞,37.491798,126.83242
구로구,1993. 금강수목원아파트 앞,202501,405,397,금강수목원아파트 앞,ST-1528,서울특별시 구로구 오리로 1197,금강수목원아파트 앞,37.48938,126.834198
구로구,1994. 삼성전자 물류센터 앞,202501,976,987,삼성전자 물류센터 앞,ST-1529,서울특별시 구로구 구일로 126,삼성전자 물류센터 앞,37.496998,126.87178
종로구,337. 창경궁 입구,202501,310,299,창경궁 입구,ST-153,서울특별시 종로구 창경궁로 185,창경궁 입구,37.578979,126.996475
구로구,1996. 구일역 1번 출입구 앞,202501,746,729,구일역 1번 출입구 앞,ST-1240,서울특별시 구로구 구일로 133,구일역 1번 출입구 앞,0.0,0.0
금천구,1853. 서울디자인직업전문학교 앞,202501,287,249,서울디자인직업전문학교 앞,ST-1534,서울특별시 금천구 가산로 70,서울디자인직업전문학교 앞,37.472481,126.895866
금천구,1854. 가산아네스트 오피스텔 앞,202501,518,170,가산아네스트 오피스텔 앞,ST-1535,서울특별시 금천구 남부순환로 1314,가산아네스트 오피스텔 앞,37.47818,126.897408
금천구,1855. 성지아파트 옆 도로변,202501,77,85,성지아파트 옆 도로변,ST-1536,서울특별시 금천구 시흥대로51길 55,성지아파트 옆 도로변,37.451321,126.897621
금천구,1856. 모두의학교,202501,332,264,모두의학교,ST-1537,서울특별시 금천구 남부순환로128길 42,모두의학교,37.478409,126.907372
금천구,1857. 주공14단지,202501,186,166,주공14단지,ST-1538,서울특별시 금천구 한내로 69-54,주공14단지,37.46056,126.887093
종로구,338. 세운스퀘어 앞,202501,334,337,세운스퀘어 앞,ST-154,서울특별시 종로구 창경궁로 109,세운스퀘어 앞,37.570957,126.997124
동작구,2068. 총신대 앞(육교),202501,49,13,총신대 앞(육교),ST-1544,서울특별시 동작구 동작대로 지하 3,총신대 앞(육교),37.488159,126.966476
동작구,2070. 노량진역 2번 출구 앞,202501,472,488,노량진역 2번 출구 앞,ST-1545,서울특별시 동작구 노량진로 155,노량진역 2번 출구 앞,37.51392,126.943069
관악구,2179. 양녕로 입구,202501,453,471,양녕로 입구,ST-1548,서울특별시 관악구 남부순환로 1761,양녕로 입구,37.482189,126.946159
종로구,339. 종로4가 사거리,202501,617,591,종로4가 사거리,ST-155,서울특별시 종로구 종로 185,종로4가 사거리,37.571068,126.998192
서초구,2501. 서초 포레스타5단지,202501,203,191,서초 포레스타5단지,ST-1552,서울특별시 서초구 청계산로7길 43,서초 포레스타5단지,37.450661,127.05706
서초구,2502. 서초역1번출구 앞,202501,182,173,서초역1번출구 앞,ST-1553,서울특별시 서초구 서초대로 248,서초역1번출구 앞,37.491951,127.008553
서초구,2503. 반포1동 서초빌딩 앞,202501,675,710,반포1동 서초빌딩 앞,ST-1554,서울특별시 서초구 사평대로 349,반포1동 서초빌딩 앞,37.503811,127.021362
서초구,2504. 신사역 4번출구 뒤,202501,550,365,신사역 4번출구 뒤,ST-1555,서울특별시 서초구 강남대로 605,신사역 4번출구 뒤,37.515881,127.019302
서초구,2506. LG유플러스 (방배사옥),202501,48,27,LG유플러스 (방배사옥),ST-1557,서울특별시 서초구 효령로 58,LG유플러스 (방배사옥),37.479092,126.990677
강남구,2389. 경기여자고등학교 후문 (삼성로3길 입구),202501,406,342,경기여자고등학교 후문 (삼성로3길 입구),ST-1559,서울특별시 강남구 개포로 지하 420,경기여자고등학교 후문 (삼성로3길 입구),37.48616,127.067238
종로구,340. 혜화동 로터리,202501,623,654,혜화동 로터리,ST-156,서울특별시 종로구 창경궁로 271-1,혜화동 로터리,37.585629,127.000679
강남구,2390. 구룡마을 입구 (래미안블레스티지 아파트),202501,257,257,구룡마을 입구 (래미안블레스티지 아파트),ST-1560,서울특별시 강남구 양재대로 478,구룡마을 입구 (래미안블레스티지 아파트),37.480881,127.063042
강남구,2396. 영동3교 북단(우성캐릭터 앞 보도),202501,205,172,영동3교 북단(우성캐릭터 앞 보도),ST-1566,서울특별시 강남구 언주로 118,영동3교 북단(우성캐릭터 앞 보도),37.485741,127.051048
강남구,2398. 더라움,202501,189,106,더라움,ST-1568,서울특별시 강남구 언주로 564,더라움,37.50811,127.039452
종로구,341. 혜화역 3번출구 뒤,202501,593,614,혜화역 3번출구 뒤,ST-157,서울특별시 종로구 대학로 지하120,혜화역 3번출구 뒤,37.58157,127.001785
강남구,2401. 밀알학교 입구 (삼성서울병원 입구),202501,133,76,밀알학교 입구 (삼성서울병원 입구),ST-1571,서울특별시 강남구 일원로 90,밀알학교 입구 (삼성서울병원 입구),37.486561,127.082672
강남구,2403. 공무원연금매점 교차로 (개포주공9단지 입구),202501,453,378,공무원연금매점 교차로 (개포주공9단지 입구),ST-1573,서울특별시 강남구 영동대로4길 10,공무원연금매점 교차로 (개포주공9단지 입구),37.48872,127.074539
강남구,2404. 대모산입구역 4번 출구 앞,202501,745,750,대모산입구역 4번 출구 앞,ST-1574,서울특별시 강남구 개포로 지하 522,대모산입구역 4번 출구 앞,37.49181,127.073158
강남구,2405. 청담공원앞 교차로,202501,512,176,청담공원앞 교차로,ST-1575,서울특별시 강남구 학동로 지하 346,청담공원앞 교차로,37.518711,127.05085
강남구,2406. 논현동 광명빌딩 앞,202501,166,145,논현동 광명빌딩 앞,ST-1576,서울특별시 강남구 도산대로 138,논현동 광명빌딩 앞,37.517571,127.023643
강남구,2408. 강남한양수자인아파트,202501,594,579,강남한양수자인아파트,ST-1578,서울특별시 강남구 자곡로 260,강남한양수자인아파트,37.477341,127.113274
송파구,1291. 서울체육고등학교 앞,202501,542,690,서울체육고등학교 앞,ST-1580,서울특별시 송파구 강동대로 232,서울체육고등학교 앞,37.521938,127.131866
송파구,1295. 잠실역 8번출구,202501,1574,1574,잠실역 8번출구,ST-1584,서울특별시 송파구 올림픽로 305,잠실역 8번출구,37.513962,127.100304
송파구,1296. 석촌호수교차로 (송파나루근린공원 앞),202501,291,286,석촌호수교차로 (송파나루근린공원 앞),ST-1585,서울특별시 송파구 석촌호수로12길 1-16,석촌호수교차로 (송파나루근린공원 앞),37.508678,127.103432
송파구,1297. 석촌호수교차로(동호 팔각정 앞),202501,1446,1447,석촌호수교차로(동호 팔각정 앞),ST-1586,서울특별시 송파구 석촌호수로12길 1-16,석촌호수교차로(동호 팔각정 앞),37.509201,127.104118
송파구,1299. 송파소방서 (방이119안전센터),202501,357,317,송파소방서 (방이119안전센터),ST-1588,서울특별시 송파구 강동대로 286,송파소방서 (방이119안전센터),37.519878,127.136711
송파구,1300. 오륜사거리,202501,292,281,오륜사거리,ST-1589,서울특별시 송파구 성내천로16길 17,오륜사거리,37.506939,127.139221
광진구,3528. 광진정보도서관,202501,659,804,광진정보도서관,ST-1602,서울특별시 광진구 아차산로78길 90,광진정보도서관,37.550598,127.110512
광진구,3529. 어린이대공원정문,202501,329,270,어린이대공원정문,ST-1603,서울특별시 광진구 능동로 216,어린이대공원정문,37.549789,127.075928
종로구,452. 동대문 종합시장 버스정류장,202501,437,464,동대문 종합시장 버스정류장,ST-1605,서울특별시 종로구 종로 239,동대문 종합시장 버스정류장,37.571239,127.00441
종로구,454. 종로2가 버스정류장 (종각방향),202501,563,575,종로2가 버스정류장 (종각방향),ST-1607,서울특별시 종로구 종로 79-1,종로2가 버스정류장 (종각방향),37.570358,126.986382
종로구,345. 서울보증보험본사 앞,202501,810,825,서울보증보험본사 앞,ST-161,서울특별시 종로구 김상옥로 29,서울보증보험본사 앞,37.573307,127.00071
성동구,3530. 왕십리자이아파트 후문(삼거리),202501,194,130,왕십리자이아파트 후문(삼거리),ST-1616,서울특별시 성동구 무학봉길 35,왕십리자이아파트 후문(삼거리),37.560146,127.02636
성동구,3531. 논골사거리(금호도서관 입구),202501,124,24,논골사거리(금호도서관 입구),ST-1617,서울특별시 성동구 난계로 20,논골사거리(금호도서관 입구),37.554779,127.024841
성동구,3532. 왕십리KCC스위첸아파트,202501,112,116,왕십리KCC스위첸아파트,ST-1618,서울특별시 성동구 무학봉길 35,왕십리KCC스위첸아파트,37.56068,127.026779
종로구,461. 서울지방경찰청,202501,514,516,서울지방경찰청,ST-1619,서울특별시 종로구 사직로8길 31,서울지방경찰청,37.574364,126.972366
동대문구,656. 영휘원 교차로,202501,457,528,영휘원 교차로,ST-1628,서울특별시 동대문구 홍릉로 78-1,영휘원 교차로,37.587238,127.043137
중구,347. 동대문역사문화공원역 9번출구 앞,202501,370,384,동대문역사문화공원역 9번출구 앞,ST-163,서울특별시 중구 장충단로 지하230,동대문역사문화공원역 9번출구 앞,37.565331,127.007843
동대문구,660. 동의보감타워,202501,1178,1282,동의보감타워,ST-1632,서울특별시 동대문구 왕산로 128,동의보감타워,37.577999,127.037628
성북구,1370. 복자사랑 피정의 집,202501,165,96,복자사랑 피정의 집,ST-1634,서울특별시 성북구 성북로 132-4,복자사랑 피정의 집,37.59454,126.995209
성북구,1372. KEB은행 고대점,202501,497,403,KEB은행 고대점,ST-1636,서울특별시 성북구 인촌로 113,KEB은행 고대점,37.586445,127.031601
도봉구,1741. 제일강산수산입구,202501,483,390,제일강산수산입구,ST-1638,서울특별시 도봉구 도봉로 444,제일강산수산입구,37.645199,127.032982
노원구,1688. 마들역 7번출구,202501,1154,1156,마들역 7번출구,ST-1639,서울특별시 노원구 동일로 지하 1530-1,마들역 7번출구,37.665661,127.057297
노원구,1689. 마들역 3번출구,202501,793,804,마들역 3번출구,ST-1640,서울특별시 노원구 동일로 지하 1530-1,마들역 3번출구,37.665249,127.057892
강서구,1184. 마곡13단지,202501,2336,2261,마곡13단지,ST-1645,서울특별시 강서구 방화대로7길 6,마곡13단지,37.55645,126.815979
강서구,1185. 등촌9단지,202501,972,874,등촌9단지,ST-1646,서울특별시 강서구 화곡로63가길 92,등촌9단지,37.562901,126.849472
강서구,1186. 송정중학교,202501,698,690,송정중학교,ST-1647,서울특별시 강서구 방화대로5길 7,송정중학교,37.554729,126.816093
영등포구,283. 아크로타워 스퀘어(영등포시장),202501,1653,1506,아크로타워 스퀘어(영등포시장),ST-1649,서울특별시 영등포구 양산로 213,아크로타워 스퀘어(영등포시장),37.522518,126.907219
영등포구,284. 센트럴 푸르지오 시티 앞,202501,1295,1219,센트럴 푸르지오 시티 앞,ST-1650,서울특별시 영등포구 문래로 180,센트럴 푸르지오 시티 앞,37.518211,126.902229
영등포구,286. 우성아파트 교차로,202501,643,679,우성아파트 교차로,ST-1652,서울특별시 영등포구 대림로 153,우성아파트 교차로,37.494572,126.89975
영등포구,287. 영등포전화국사거리 (서강어린이공원),202501,1178,1215,영등포전화국사거리 (서강어린이공원),ST-1653,서울특별시 영등포구 영중로 107,영등포전화국사거리 (서강어린이공원),37.525768,126.905739
광진구,3536. 중앙농협(자양동),202501,1364,1371,중앙농협(자양동),ST-1663,서울특별시 광진구 뚝섬로 639,중앙농협(자양동),37.531811,127.080742
광진구,3537. 아차산 휴먼시아 아파트 옆,202501,274,109,아차산 휴먼시아 아파트 옆,ST-1664,서울특별시 광진구 천호대로 716,아차산 휴먼시아 아파트 옆,37.548489,127.093758
강북구,1546. 송천동우체국,202501,166,263,송천동우체국,ST-1665,서울특별시 강북구 도봉로 71,송천동우체국,37.615459,127.029701
동작구,2069. 숭실대 입구역3번 출구 앞,202501,190,146,숭실대 입구역3번 출구 앞,ST-1667,서울특별시 동작구 상도로 지하 378,숭실대 입구역3번 출구 앞,37.496601,126.953682
중구,435. SK 남산빌딩,202501,104,98,SK 남산빌딩,ST-1670,서울특별시 중구 퇴계로 33,SK 남산빌딩,37.556862,126.975616
노원구,1692. 온곡초교 교차로,202501,1010,702,온곡초교 교차로,ST-1672,서울특별시 노원구 한글비석로 471,온곡초교 교차로,37.664188,127.06601
마포구,436. 이대역 5번출구,202501,404,88,이대역 5번출구,ST-1675,서울특별시 마포구 신촌로 지하 180,이대역 5번출구,37.556591,126.94619
강서구,1187. 강서수산물도매시장,202501,781,870,강서수산물도매시장,ST-1676,서울특별시 강서구 발산로 24,강서수산물도매시장,37.55302,126.818367
관악구,2183. 동방1교,202501,583,583,동방1교,ST-1678,서울특별시 관악구 신림로 144,동방1교,37.471828,126.933922
강남구,2409. 역삼동 디오슈페리움 (우성아파트 사거리),202501,438,430,역삼동 디오슈페리움 (우성아파트 사거리),ST-1679,서울특별시 강남구 강남대로 324,역삼동 디오슈페리움 (우성아파트 사거리),37.492062,127.030746
종로구,352. 중앙고입구 삼거리,202501,120,63,중앙고입구 삼거리,ST-168,서울특별시 종로구 창덕궁길 191,중앙고입구 삼거리,37.583416,126.985237
강남구,2410. 포스코피앤에스타워 (역삼역 3번출구 부근),202501,435,343,포스코피앤에스타워 (역삼역 3번출구 부근),ST-1680,서울특별시 강남구 테헤란로 134,포스코피앤에스타워 (역삼역 3번출구 부근),37.499599,127.033752
송파구,2609. 보성중고등학교 후문 앞,202501,75,57,보성중고등학교 후문 앞,ST-1682,서울특별시 송파구 양재대로 1278,보성중고등학교 후문 앞,37.520489,127.135201
강서구,1193. 마곡센트럴타워 1차,202501,1740,1946,마곡센트럴타워 1차,ST-1688,서울특별시 강서구 공항대로 227,마곡센트럴타워 1차,37.559471,126.832077
종로구,353. 재동초교 앞 삼거리,202501,435,419,재동초교 앞 삼거리,ST-169,서울특별시 종로구 재동 19,재동초교 앞 삼거리,37.579388,126.984947
마포구,438. 성산2-1 공영주차장,202501,691,531,성산2-1 공영주차장,ST-1692,서울특별시 마포구 모래내로 31,성산2-1 공영주차장,37.56472,126.906769
강서구,1199. 우장산역 3번출구,202501,684,496,우장산역 3번출구,ST-1694,서울특별시 강서구 강서로 247,우장산역 3번출구,37.547821,126.836128
강서구,1200. 개화광역환승센터,202501,151,179,개화광역환승센터,ST-1695,서울특별시 강서구 개화동로8길 38,개화광역환승센터,37.578449,126.798973
영등포구,289. 대림3동사거리,202501,775,770,대림3동사거리,ST-1697,서울특별시 영등포구 가마산로 352,대림3동사거리,37.499809,126.898003
종로구,354. 포르투갈 대사관 앞,202501,630,422,포르투갈 대사관 앞,ST-170,서울특별시 종로구 창덕궁1길 3,포르투갈 대사관 앞,37.579155,126.98896
영등포구,292. 영일 어린이공원,202501,984,944,영일 어린이공원,ST-1700,서울특별시 영등포구 도신로29길 28,영일 어린이공원,37.51012,126.904068
영등포구,293. 충북 미래관,202501,1786,1514,충북 미래관,ST-1701,서울특별시 영등포구 버드나루로 125,충북 미래관,37.529171,126.907578
강남구,2411. 세곡동 성당,202501,359,352,세곡동 성당,ST-1703,서울특별시 강남구 밤고개로21길 50,세곡동 성당,37.472969,127.112228
송파구,2614. 가락고등학교 앞,202501,191,144,가락고등학교 앞,ST-1706,서울특별시 송파구 송이로 42,가락고등학교 앞,37.501862,127.117233
송파구,2615. 테라타워2,202501,1428,1485,테라타워2,ST-1707,서울특별시 송파구 송파대로 201,테라타워2,37.48835,127.120781
강서구,1188. 롯데중앙연구소,202501,219,225,롯데중앙연구소,ST-1708,서울특별시 강서구 마곡중앙로 201,롯데중앙연구소,37.571381,126.828339
강서구,1190. 마곡역 교차로(2번출구),202501,794,809,마곡역 교차로(2번출구),ST-1709,서울특별시 강서구 공항대로 지하 163,마곡역 교차로(2번출구),37.560501,126.826653
강서구,1196. 서울식물원(문화센터) 건너편,202501,147,132,서울식물원(문화센터) 건너편,ST-1713,서울특별시 강서구 마곡동로 161,서울식물원(문화센터) 건너편,37.568241,126.835831
강서구,1198. LG 사이언스파크,202501,821,754,LG 사이언스파크,ST-1715,서울특별시 강서구 마곡중앙10로 10,LG 사이언스파크,37.56255,126.827438
송파구,2617. 가락삼환아파트 앞,202501,178,169,가락삼환아파트 앞,ST-1717,서울특별시 송파구 오금로 지하 402,가락삼환아파트 앞,37.496181,127.138031
송파구,2621. 한성백제역 2번 출구,202501,971,976,한성백제역 2번 출구,ST-1719,서울특별시 송파구 위례성대로 51,한성백제역 2번 출구,37.516659,127.116257
종로구,356. KT혜화지사 앞,202501,581,603,KT혜화지사 앞,ST-172,서울특별시 종로구 대학로 65,KT혜화지사 앞,37.577145,127.00206
송파구,2622. 올림픽공원역 3번출구,202501,1837,1813,올림픽공원역 3번출구,ST-1720,서울특별시 송파구 양재대로 지하 1233,올림픽공원역 3번출구,37.516258,127.130592
성북구,1375. 생명의 전화 종합복지관 앞 교차로,202501,570,573,생명의 전화 종합복지관 앞 교차로,ST-1723,서울특별시 성북구 오패산로 21,생명의 전화 종합복지관 앞 교차로,37.603909,127.037376
강북구,1548. 북서울 꿈의숲 서문,202501,254,124,북서울 꿈의숲 서문,ST-1725,서울특별시 강북구 월계로 173,북서울 꿈의숲 서문,37.622688,127.037811
도봉구,1742. 북한산 코오롱 하늘채,202501,820,833,북한산 코오롱 하늘채,ST-1726,서울특별시 도봉구 우이천로 367,북한산 코오롱 하늘채,37.648891,127.023018
송파구,2618. 삼전역 1번출구,202501,1001,1040,삼전역 1번출구,ST-1728,서울특별시 송파구 백제고분로 187,삼전역 1번출구,37.504711,127.087563
송파구,2619. 석촌고분역 4번출구,202501,999,1055,석촌고분역 4번출구,ST-1729,서울특별시 송파구 백제고분로 272,석촌고분역 4번출구,37.502338,127.096443
송파구,2620. 송파나루역 4번 출구옆,202501,2189,2469,송파나루역 4번 출구옆,ST-1730,서울특별시 송파구 오금로 162,송파나루역 4번 출구옆,37.509979,127.112312
양천구,765. 오목교역 3번출구,202501,3229,3353,오목교역 3번출구,ST-1731,서울특별시 양천구 목동동로 270,오목교역 3번출구,37.524776,126.875481
구로구,2000. 신도림4차 e편한세상 아파트 1109동 앞,202501,831,736,신도림4차 e편한세상 아파트 1109동 앞,ST-1733,서울특별시 구로구 경인로65길 16-15,신도림4차 e편한세상 아파트 1109동 앞,37.512329,126.886833
금천구,1859. 대륭테크노타운 18차,202501,358,357,대륭테크노타운 18차,ST-1734,서울특별시 금천구 가산디지털1로 19,대륭테크노타운 18차,37.467999,126.886841
서초구,2510. JW타워,202501,168,94,JW타워,ST-1735,서울특별시 서초구 남부순환로 2477,JW타워,37.48304,127.021461
종로구,359. 원남동사거리,202501,613,704,원남동사거리,ST-174,서울특별시 종로구 율곡로 169,원남동사거리,37.576061,126.997681
동작구,2071. 대림아파트 후문 상가 옆,202501,275,51,대림아파트 후문 상가 옆,ST-1742,서울특별시 동작구 사당로23길 137,대림아파트 후문 상가 옆,37.488869,126.971909
종로구,361. 동묘앞역 1번출구 뒤,202501,1867,2028,동묘앞역 1번출구 뒤,ST-175,서울특별시 종로구 숭인동 81-39,동묘앞역 1번출구 뒤,37.573242,127.015907
종로구,464. 삼청동 골목,202501,444,402,삼청동 골목,ST-1756,서울특별시 종로구 팔판길 46,삼청동 골목,37.58419,126.981697
중구,443.호암아트홀,202501,133,136,호암아트홀,ST-1769,서울특별시 중구 세종대로7길 57-1 구두수선대207,호암아트홀,37.562111,126.970718
종로구,364. 창신역 1번출구 앞,202501,267,212,창신역 1번출구 앞,ST-178,서울특별시 종로구 지봉로 87,창신역 1번출구 앞,37.579334,127.015083
종로구,368. SK 서린빌딩 앞,202501,767,874,SK 서린빌딩 앞,ST-181,서울특별시 종로구 서린동 93-2,SK 서린빌딩 앞,37.569248,126.980537
중구,370. 시청역(2호선) 9번출구 뒤,202501,968,918,시청역(2호선) 9번출구 뒤,ST-185,서울특별시 중구 서소문로 지하127,시청역(2호선) 9번출구 뒤,37.563229,126.974838
중구,371. 동대입구역 6번출구 뒤,202501,233,237,동대입구역 6번출구 뒤,ST-186,서울특별시 중구 동호로 지하256,동대입구역 6번출구 뒤,37.558872,127.005539
중구,379. 서울역9번출구,202501,406,431,서울역9번출구,ST-194,서울특별시 중구 세종대로 지하2,서울역9번출구,37.556,126.973358
중구,380. CJ제일제당 앞,202501,635,692,CJ제일제당 앞,ST-195,서울특별시 중구 동호로 330,CJ제일제당 앞,37.563866,127.002747
구로구,2817.천왕이펜하우스5단지 앞,202501,89,58,천왕이펜하우스5단지 앞,ST-1243,서울특별시 구로구 천왕로 10,천왕이펜하우스5단지 앞,37.479431,126.842697
중구,381. 장충체육관,202501,39,28,장충체육관,ST-196,서울특별시 중구 장충동2가 200-99,장충체육관,37.558533,127.006989
중구,382. 약수역 10번출구 앞,202501,134,152,약수역 10번출구 앞,ST-197,서울특별시 중구 신당동 357-1,약수역 10번출구 앞,37.555199,127.010048
마포구,142. 아현역 4번출구 앞,202501,356,344,아현역 4번출구 앞,ST-200,서울특별시 마포구 아현동 329-15,아현역 4번출구 앞,37.557201,126.955666
마포구,145. 공덕역 5번출구,202501,610,919,공덕역 5번출구,ST-203,서울특별시 마포구 공덕동 237-9,공덕역 5번출구,37.54425,126.951637
마포구,147. 마포역 4번출구 뒤,202501,1025,1320,마포역 4번출구 뒤,ST-205,서울특별시 마포구 도화동 292-29,마포역 4번출구 뒤,37.539272,126.945915
마포구,148. 용강동 주민센터 앞,202501,494,474,용강동 주민센터 앞,ST-206,서울특별시 마포구 용강동 234-1,용강동 주민센터 앞,37.542347,126.943024
마포구,150. 서강대역 2번출구 앞,202501,514,569,서강대역 2번출구 앞,ST-207,서울특별시 마포구 노고산동 112-13,서강대역 2번출구 앞,37.552956,126.934341
마포구,153. 성산2교 사거리,202501,885,873,성산2교 사거리,ST-210,서울특별시 마포구 성산동 54-17,성산2교 사거리,37.564697,126.912613
마포구,154. 마포구청역 ,202501,986,1256,마포구청역,ST-211,서울특별시 마포구 망원동 477-23,마포구청역,37.560909,126.905495
마포구,157. 애오개역 4번출구 앞,202501,800,844,애오개역 4번출구 앞,ST-214,서울특별시 마포구 아현동 607-1,애오개역 4번출구 앞,37.553001,126.956688
서대문구,159. 이대역 4번 출구,202501,184,87,이대역 4번 출구,ST-216,서울특별시 서대문구 대현동 60-11,이대역 4번 출구,37.556953,126.946342
서대문구,161. 무악재역1번 출구,202501,80,81,무악재역1번 출구,ST-218,서울특별시 서대문구 통일로 380-4,무악재역1번 출구,37.582245,126.950645
서대문구,163. 명지전문대학교 정문 앞,202501,207,199,명지전문대학교 정문 앞,ST-220,서울특별시 서대문구 홍은동 산25-3,명지전문대학교 정문 앞,37.583698,126.924965
서대문구,164. 북가좌1동 주민센터 ,202501,238,147,북가좌1동 주민센터,ST-221,서울특별시 서대문구 북가좌동 477-1,북가좌1동 주민센터,37.574478,126.910049
서대문구,167. 연가초등학교 옆,202501,266,71,연가초등학교 옆,ST-224,서울특별시 서대문구 북가좌동 70-119,연가초등학교 옆,37.57946,126.91713
서대문구,169. 북가좌 삼거리,202501,298,276,북가좌 삼거리,ST-226,서울특별시 서대문구 북가좌동 400,북가좌 삼거리,37.573002,126.907799
서대문구,171. 임광빌딩 앞,202501,276,278,임광빌딩 앞,ST-228,서울특별시 서대문구 미근동 317-1,임광빌딩 앞,37.564724,126.967278
서대문구,173. 서대문역 8번출구 앞,202501,140,136,서대문역 8번출구 앞,ST-230,서울특별시 서대문구 충정로2가 138,서대문역 8번출구 앞,37.564777,126.966148
성동구,518. 청계천 박물관 앞,202501,452,468,청계천 박물관 앞,ST-234,서울특별시 성동구 마장동 610,청계천 박물관 앞,37.571526,127.035355
성동구,519. 양지사거리,202501,387,318,양지사거리,ST-235,서울특별시 성동구 홍익동 590,양지사거리,37.566994,127.029915
성동구,520. 상왕십리역 4번 출구 앞,202501,453,395,상왕십리역 4번 출구 앞,ST-236,서울특별시 성동구 하왕십리동 960-3,상왕십리역 4번 출구 앞,37.563858,127.030319
성동구,521. 왕십리역 11번 출구 앞,202501,691,715,왕십리역 11번 출구 앞,ST-237,서울특별시 성동구 행당동 188-9,왕십리역 11번 출구 앞,37.561447,127.03492
관악구,2189. 봉천역 4번출구,202501,570,561,봉천역 4번출구,ST-1258,서울특별시 관악구 남부순환로 1719,봉천역 4번출구,0.0,0.0
성동구,522. 금호역 1번출구 앞,202501,119,115,금호역 1번출구 앞,ST-238,서울특별시 성동구 금호동3가 1575-3,금호역 1번출구 앞,37.548641,127.016426
성동구,523. 옥수동성당 옆,202501,73,28,옥수동성당 옆,ST-239,서울특별시 성동구 옥수동 산5-148,옥수동성당 옆,37.543663,127.014061
성동구,524. 래미안금호하이리버 아파트 102동 옆,202501,159,120,래미안금호하이리버 아파트 102동 옆,ST-240,서울특별시 성동구 금호동2가 1220-1,래미안금호하이리버 아파트 102동 옆,37.5522,127.025055
성동구,525. 한양대병원사거리,202501,563,501,한양대병원사거리,ST-241,서울특별시 성동구 행당동 20-2,한양대병원사거리,37.558052,127.040352
성동구,526. 용답토속공원 앞,202501,511,545,용답토속공원 앞,ST-242,서울특별시 성동구 용답동 224-1,용답토속공원 앞,37.563511,127.056725
성동구,534. 금호사거리,202501,113,111,금호사거리,ST-246,서울특별시 성동구 금호동2가 1205-1,금호사거리,37.548634,127.025726
성동구,535. 응봉삼거리,202501,405,146,응봉삼거리,ST-247,서울특별시 성동구 응봉동 134-26,응봉삼거리,37.553986,127.033592
성동구,536. 행당역 2번출구 앞,202501,278,309,행당역 2번출구 앞,ST-248,서울특별시 성동구 행당동 347-11,행당역 2번출구 앞,37.55735,127.029213
성동구,538. 답십리역 8번출구 앞,202501,217,293,답십리역 8번출구 앞,ST-250,서울특별시 성동구 용답동 102-1,답십리역 8번출구 앞,37.56765,127.051155
성동구,550. 서울시설공단 앞,202501,755,865,서울시설공단 앞,ST-251,서울특별시 성동구 마장동 610,서울시설공단 앞,37.57164,127.03566
광진구,539. 군자교교차로,202501,706,693,군자교교차로,ST-252,서울특별시 광진구 중곡동 263-1,군자교교차로,37.559795,127.074203
광진구,540. 군자역 7번출구 베스트샵 앞,202501,1000,996,군자역 7번출구 베스트샵 앞,ST-253,서울특별시 광진구 군자동 499,군자역 7번출구 베스트샵 앞,37.55603,127.078644
광진구,544. 광남중학교,202501,299,297,광남중학교,ST-256,서울특별시 광진구 광장동 561-15,광남중학교,37.54073,127.102905
광진구,546. 잠실대교북단 교차로,202501,974,970,잠실대교북단 교차로,ST-257,서울특별시 광진구 자양동 722,잠실대교북단 교차로,37.532478,127.085091
광진구,548. 자양나들목,202501,1049,1006,자양나들목,ST-258,서울특별시 광진구 자양동 738,자양나들목,37.52977,127.07486
광진구,549. 아차산역 3번출구,202501,1091,1096,아차산역 3번출구,ST-259,서울특별시 광진구 구의동 96,아차산역 3번출구,37.551224,127.089706
동대문구,600. 휘경2동 주민센터,202501,136,136,휘경2동 주민센터,ST-260,서울특별시 동대문구 한천로 329,휘경2동 주민센터,37.589912,127.06868
동대문구,602. 장안동 사거리,202501,1747,2053,장안동 사거리,ST-262,서울특별시 동대문구 장한로 25길 2,장안동 사거리,37.572174,127.071388
동대문구,607. 신이문역 2번출구,202501,336,363,신이문역 2번출구,ST-267,서울특별시 동대문구 이문동186-1,신이문역 2번출구,37.602711,127.067863
동대문구,608. 전농삼성아파트,202501,225,205,전농삼성아파트,ST-268,서울특별시 동대문구 전농로 192,전농삼성아파트,37.58131,127.055344
동대문구,610. 동대문중 교차로,202501,710,651,동대문중 교차로,ST-270,서울특별시 동대문구 답십리동 524-1,동대문중 교차로,37.573086,127.052162
동대문구,612. 시립동부병원 앞 사거리,202501,1530,1695,시립동부병원 앞 사거리,ST-271,서울특별시 동대문구 용두동 237-10,시립동부병원 앞 사거리,37.573666,127.030815
동대문구,613. 신설동역 10번출구 앞,202501,841,920,신설동역 10번출구 앞,ST-272,서울특별시 동대문구 신설동 92-34,신설동역 10번출구 앞,37.575272,127.023468
동대문구,614. 용두동 사거리,202501,1110,1143,용두동 사거리,ST-273,서울특별시 동대문구 용두동 237-10,용두동 사거리,37.577686,127.031013
동대문구,617. 청솔우성아파트 앞,202501,552,554,청솔우성아파트 앞,ST-276,서울특별시 동대문구 답십리동 94-2,청솔우성아파트 앞,37.574203,127.057693
영등포구,228. 선유도역 3번출구 앞,202501,1450,1531,선유도역 3번출구 앞,ST-278,서울특별시 영등포구 양평동4가 202-1,선유도역 3번출구 앞,37.53846,126.894508
영등포구,229. 양평1 보행육교 앞,202501,1129,1133,양평1 보행육교 앞,ST-279,서울특별시 영등포구 양평동4가 20-4,양평1 보행육교 앞,37.535873,126.892181
영등포구,231. 남부고용노동지청 남측,202501,1353,1367,남부고용노동지청 남측,ST-280,서울특별시 영등포구 양평동1가 115-2,남부고용노동지청 남측,37.524506,126.891823
영등포구,232. 양평우림 이비즈센타 앞,202501,1648,1641,양평우림 이비즈센타 앞,ST-281,서울특별시 영등포구 양평동3가 14-1,양평우림 이비즈센타 앞,37.52565,126.887817
영등포구,235. 신길동 우리은행 옆,202501,317,301,신길동 우리은행 옆,ST-284,서울특별시 영등포구 신길동 250-4,신길동 우리은행 옆,37.504566,126.910233
영등포구,236. 문래동자이아파트 앞,202501,1754,1865,문래동자이아파트 앞,ST-285,서울특별시 영등포구 문래동3가 68-1,문래동자이아파트 앞,37.516155,126.894615
영등포구,238. 제2구민체육센타 앞,202501,1890,1907,제2구민체육센타 앞,ST-287,서울특별시 영등포구 당산동4가 96-2,제2구민체육센타 앞,37.526386,126.902756
관악구,3813. 낙성대역 5번출구,202501,188,190,낙성대역 5번출구,ST-1261,서울특별시 관악구 남부순환로 1917,낙성대역 5번출구,0.0,0.0
영등포구,239. 유스호스텔 앞,202501,728,689,유스호스텔 앞,ST-288,서울특별시 영등포구 영등포동7가 58-2,유스호스텔 앞,37.525852,126.903282
영등포구,240. 문래역 4번출구 앞,202501,2515,2397,문래역 4번출구 앞,ST-289,서울특별시 영등포구 문래동3가 55-12,문래역 4번출구 앞,37.518738,126.895576
영등포구,242. 신길선원가와인아파트 앞,202501,606,346,신길선원가와인아파트 앞,ST-291,서울특별시 영등포구 신길동 215-28,신길선원가와인아파트 앞,37.510933,126.910225
영등포구,243. 이앤씨드림타워 앞,202501,2292,2353,이앤씨드림타워 앞,ST-292,서울특별시 영등포구 양평동3가 48-1,이앤씨드림타워 앞,37.527084,126.89138
영등포구,244. 영등포삼환아파트 앞,202501,1058,930,영등포삼환아파트 앞,ST-293,서울특별시 영등포구 영등포동8가 82-4,영등포삼환아파트 앞,37.530079,126.905708
영등포구,245. 삼성생명 당산사옥 앞,202501,2075,2104,삼성생명 당산사옥 앞,ST-294,서울특별시 영등포구 당산동4가 35-24,삼성생명 당산사옥 앞,37.528263,126.896629
영등포구,248. 초원아파트 앞,202501,347,342,초원아파트 앞,ST-296,서울특별시 영등포구 여의도동8-13,초원아파트 앞,37.531055,126.92421
영등포구,251. 서울지방병무청 버스정류장,202501,426,393,서울지방병무청 버스정류장,ST-299,서울특별시 영등포구 신길동853,서울지방병무청 버스정류장,37.504494,126.921951
영등포구,254. 도림신협 앞,202501,996,981,도림신협 앞,ST-302,서울특별시 영등포구 신길동263-76,도림신협 앞,37.503803,126.903419
영등포구,256. 동아에코빌입구,202501,710,681,동아에코빌입구,ST-304,서울특별시 영등포구 도림동 159-70,동아에코빌입구,37.509476,126.8993
영등포구,258. 신길역3번출구,202501,1112,1129,신길역3번출구,ST-306,서울특별시 영등포구 영등포동1가35,신길역3번출구,37.517693,126.914299
영등포구,259. 대방역6번출구,202501,1702,1702,대방역6번출구,ST-307,서울특별시 영등포구 신길동1368,대방역6번출구,37.513592,126.925934
양천구,700. KB국민은행 염창역 지점 앞,202501,632,546,KB국민은행 염창역 지점 앞,ST-308,서울특별시 양천구 목동 559,KB국민은행 염창역 지점 앞,37.546848,126.872772
양천구,701. 목동사거리 부근,202501,1034,1041,목동사거리 부근,ST-309,서울특별시 양천구 목동 813,목동사거리 부근,37.532803,126.86393
양천구,702. 목4동주민센터 옆,202501,1147,1133,목4동주민센터 옆,ST-310,서울특별시 양천구 목동 904-3,목4동주민센터 옆,37.532543,126.868729
양천구,704. 남부법원검찰청 교차로,202501,1357,1388,남부법원검찰청 교차로,ST-312,서울특별시 양천구 신정동 1095,남부법원검찰청 교차로,37.523254,126.864906
양천구,706. 신정네거리역,202501,638,562,신정네거리역,ST-313,서울특별시 양천구 신월동 894,신정네거리역,37.521881,126.851753
양천구,708. 서울출입국관리사무소 앞,202501,2487,2660,서울출입국관리사무소 앞,ST-315,서울특별시 양천구 신정동 319-3,서울출입국관리사무소 앞,37.51897,126.869965
양천구,709. 신정3동 현장민원실 앞,202501,336,328,신정3동 현장민원실 앞,ST-316,서울특별시 양천구 신정동 760-2,신정3동 현장민원실 앞,37.511585,126.84156
양천구,711. 신일해피트리아파트 앞,202501,587,178,신일해피트리아파트 앞,ST-318,서울특별시 양천구 신월동 1063-4,신일해피트리아파트 앞,37.517059,126.848488
양천구,712. 강월초교입구 사거리,202501,386,462,강월초교입구 사거리,ST-319,서울특별시 양천구 신월동 905,강월초교입구 사거리,37.516998,126.838318
양천구,713. 양서중학교 옆,202501,427,391,양서중학교 옆,ST-320,서울특별시 양천구 신월동 790,양서중학교 옆,37.533047,126.829956
양천구,714. 한국SGI 양천문화회관 앞,202501,395,363,한국SGI 양천문화회관 앞,ST-321,서울특별시 양천구 신월동 790,한국SGI 양천문화회관 앞,37.532547,126.830803
용산구,800. 목월공원 앞,202501,391,323,목월공원 앞,ST-322,서울특별시 용산구 원효로4가 109-10,목월공원 앞,37.532433,126.954742
용산구,802. 한강진역 2번 출구 앞,202501,243,170,한강진역 2번 출구 앞,ST-324,서울특별시 용산구 한남동 726-494,한강진역 2번 출구 앞,37.541153,127.002213
용산구,805. 문배어린이공원 앞,202501,439,457,문배어린이공원 앞,ST-326,서울특별시 용산구 문배동 34-10,문배어린이공원 앞,37.536758,126.970001
용산구,806. 전자랜드 본관 앞,202501,486,483,전자랜드 본관 앞,ST-327,서울특별시 용산구 한강로3가 16-8,전자랜드 본관 앞,37.533066,126.960732
용산구,807. 서울역 12번 출구 앞,202501,399,435,서울역 12번 출구 앞,ST-328,서울특별시 용산구 동자동 14-229,서울역 12번 출구 앞,37.552277,126.972687
용산구,808. 서빙고동 금호맨션 앞,202501,113,136,서빙고동 금호맨션 앞,ST-329,서울특별시 용산구 서빙고동 235-5,서빙고동 금호맨션 앞,37.520504,126.989738
용산구,809. 한남 유수지 복개주차장,202501,287,332,한남 유수지 복개주차장,ST-330,서울특별시 용산구 독서당로 18,한남 유수지 복개주차장,37.530167,127.007439
용산구,810. 이태원지하보도,202501,237,234,이태원지하보도,ST-331,서울특별시 용산구 용산동2가 5-1812,이태원지하보도,37.53841,126.986649
영등포구,5878. 우리은행 앞,202501,1158,1183,우리은행 앞,ST-1464,서울특별시 도봉구 도봉로 707,우리은행 앞,37.667599,127.042999
용산구,811. 녹사평역1번출구,202501,162,76,녹사평역1번출구,ST-332,서울특별시 용산구 용산동2가 6-7,녹사평역1번출구,37.53508,126.985382
용산구,813. 삼각지역 3번출구,202501,309,334,삼각지역 3번출구,ST-334,서울특별시 용산구 한강로1가 228-1,삼각지역 3번출구,37.533512,126.972275
용산구,815. LIG강촌아파트 103동앞,202501,411,438,LIG강촌아파트 103동앞,ST-335,서울특별시 용산구 이촌동301-5,LIG강촌아파트 103동앞,37.518509,126.978798
종로구,385. 종각역 5번출구,202501,859,901,종각역 5번출구,ST-336,서울특별시 종로구 서린동 26-1,종각역 5번출구,37.569836,126.982658
중구,387. 훈련원공원주차장 앞,202501,503,506,훈련원공원주차장 앞,ST-338,서울특별시 중구 을지로 227,훈련원공원주차장 앞,37.566994,127.003464
마포구,181. 망원초록길 입구,202501,289,266,망원초록길 입구,ST-339,서울특별시 마포구 마포나루길 467,망원초록길 입구,37.551342,126.902672
마포구,185. 마포 신수공원 앞,202501,567,361,마포 신수공원 앞,ST-343,서울특별시 마포구 현석동 106-32,마포 신수공원 앞,37.542545,126.934296
마포구,186. 월드컵공원,202501,724,714,월드컵공원,ST-344,서울특별시 마포구 하늘공원로 108-1,월드컵공원,37.563965,126.898209
서대문구,188. 홍은동 정원여중 입구,202501,401,413,홍은동 정원여중 입구,ST-346,서울특별시 서대문구 연희로37안길 51,홍은동 정원여중 입구,37.586388,126.935127
서대문구,192. 연서어린이공원,202501,240,241,연서어린이공원,ST-348,서울특별시 서대문구 연희동 519-7,연서어린이공원,37.572227,126.923065
서대문구,178. 증산3교 앞,202501,746,764,증산3교 앞,ST-349,서울특별시 서대문구 북가좌동 352-9,증산3교 앞,37.579876,126.906349
서대문구,194. 증산교 앞,202501,716,738,증산교 앞,ST-350,서울특별시 서대문구 불광천길 36,증산교 앞,37.577316,126.902969
서대문구,195. 모래내고가차도 ,202501,396,385,모래내고가차도,ST-351,서울특별시 서대문구 연희동 446-76,모래내고가차도,37.567657,126.917809
서대문구,196. 연희교차로 인근,202501,180,104,연희교차로 인근,ST-352,서울특별시 서대문구 홍제천로 48,연희교차로 인근,37.56612,126.925896
성동구,556. 달맞이공원,202501,20,22,달맞이공원,ST-357,서울특별시 성동구 금호동4가 367-1,달맞이공원,37.542053,127.020401
성동구,557. 도선동 주민센터 앞,202501,731,868,도선동 주민센터 앞,ST-358,서울특별시 성동구 무학로10길 6,도선동 주민센터 앞,37.567642,127.025696
성동구,558. 성동광진 교육지원청 앞,202501,718,732,성동광진 교육지원청 앞,ST-359,서울특별시 성동구 고산자로 260,성동광진 교육지원청 앞,37.564606,127.036522
성동구,559. 왕십리역 4번 출구 건너편,202501,943,981,왕십리역 4번 출구 건너편,ST-360,서울특별시 성동구 왕십리광장로 10-1,왕십리역 4번 출구 건너편,37.561096,127.036797
성동구,560. 비전교회 앞,202501,1176,1169,비전교회 앞,ST-361,서울특별시 성동구 동일로 213,비전교회 앞,37.551205,127.068932
성동구,561. 서울숲역 2번출구 앞,202501,865,941,서울숲역 2번출구 앞,ST-362,서울특별시 성동구 왕십리로 64,서울숲역 2번출구 앞,37.542816,127.04467
성동구,563. 성동세무서 건너편,202501,1133,1292,성동세무서 건너편,ST-364,서울특별시 성동구 광나루로 302,성동세무서 건너편,37.547913,127.062752
성동구,564. 금호역 3번출구,202501,61,35,금호역 3번출구,ST-365,서울특별시 성동구 동호로 99,금호역 3번출구,37.547928,127.015572
성동구,578. 성동세무서 부근,202501,959,953,성동세무서 부근,ST-356,서울특별시 성동구 광나루로 297,성동세무서 부근,37.548164,127.06237
성동구,579. 마장역 4번출구,202501,444,494,마장역 4번출구,ST-372,서울특별시 성동구 마장로 292-1,마장역 4번출구,37.565205,127.041847
성동구,582. 경일중학교 앞,202501,989,1017,경일중학교 앞,ST-375,서울특별시 성동구 성수일로 27,경일중학교 앞,37.543179,127.04908
성동구,583. 청계천 생태교실 앞,202501,1378,1434,청계천 생태교실 앞,ST-376,서울특별시 성동구 마장로39길 51,청계천 생태교실 앞,37.56797,127.04689
광진구,552. 대림아크로리버 앞,202501,499,574,대림아크로리버 앞,ST-378,서울특별시 광진구 구의강변로 64,대림아크로리버 앞,37.536579,127.092972
광진구,555. 구의3동주민센터,202501,170,173,구의3동주민센터,ST-381,서울특별시 광진구 강변역로 17,구의3동주민센터,37.537849,127.092171
광진구,573. 구의문주차장 앞,202501,1015,1004,구의문주차장 앞,ST-384,서울특별시 광진구 능동로 216,구의문주차장 앞,37.545231,127.084732
광진구,574. 아차산역4번출구,202501,1161,593,아차산역4번출구,ST-385,서울특별시 광진구 능동로 216,아차산역4번출구,37.551849,127.088982
광진구,576. 광나루역 3번 출구,202501,1032,1097,광나루역 3번 출구,ST-387,서울특별시 광진구 아차산로 552,광나루역 3번 출구,37.54483,127.104263
광진구,577. 광진청소년수련관,202501,778,784,광진청소년수련관,ST-388,서울특별시 광진구 구천면로 2,광진청소년수련관,37.546547,127.106133
동대문구,627. 장안동삼거리 교통섬,202501,704,694,장안동삼거리 교통섬,ST-395,서울특별시 동대문구 사가정로 240,장안동삼거리 교통섬,37.578632,127.071907
동대문구,630. 동대문구 보건소,202501,1284,1285,동대문구 보건소,ST-397,서울특별시 동대문구 천호대로 145,동대문구 보건소,37.574852,127.040306
동대문구,631. 답십리역 1번출구,202501,1562,1662,답십리역 1번출구,ST-398,서울특별시 동대문구 천호대로 269,답십리역 1번출구,37.568184,127.051277
동대문구,634. 외국어대 정문 앞,202501,749,803,외국어대 정문 앞,ST-401,서울특별시 동대문구 이문로 107,외국어대 정문 앞,37.59602,127.05983
동대문구,637. KAIST 경영대학 앞,202501,483,334,KAIST 경영대학 앞,ST-404,서울특별시 동대문구 회기로 85,KAIST 경영대학 앞,37.591614,127.045792
동대문구,638. 서울시립대 정보기술관,202501,230,194,서울시립대 정보기술관,ST-405,서울특별시 동대문구 한천로43길 12-14,서울시립대 정보기술관,37.583008,127.060974
동대문구,641. 용두역 4번출구,202501,1069,1154,용두역 4번출구,ST-408,서울특별시 동대문구 청계천로 563,용두역 4번출구,37.573753,127.038536
영등포구,263. 근로자회관 사거리,202501,2159,2249,근로자회관 사거리,ST-417,서울특별시 영등포구 선유로 34,근로자회관 사거리,37.517151,126.888626
영등포구,264. 교보생명보험 앞,202501,957,820,교보생명보험 앞,ST-418,서울특별시 영등포구 영등포로 96,교보생명보험 앞,37.521931,126.891617
영등포구,265. 영등포유통상가 사거리,202501,1044,1055,영등포유통상가 사거리,ST-419,서울특별시 영등포구 영등포로 124,영등포유통상가 사거리,37.521133,126.896538
영등포구,266. 영등포청과시장 사거리,202501,898,922,영등포청과시장 사거리,ST-420,서울특별시 영등포구 영등포로 177,영등포청과시장 사거리,37.520294,126.901192
영등포구,267. 삼성화재 사옥 옆,202501,1031,969,삼성화재 사옥 옆,ST-421,서울특별시 영등포구 양평로 76,삼성화재 사옥 옆,37.535961,126.8983
영등포구,268. 그랜드컨벤션센터 앞,202501,1410,1398,그랜드컨벤션센터 앞,ST-422,서울특별시 영등포구 양평로 58,그랜드컨벤션센터 앞,37.534718,126.900002
영등포구,270. 증권거래소후문교차로,202501,660,651,증권거래소후문교차로,ST-424,서울특별시 영등포구 여의나루로 76,증권거래소후문교차로,37.522343,126.927101
영등포구,272. 당산육갑문,202501,1543,1746,당산육갑문,ST-426,서울특별시 영등포구 당산로52길 3,당산육갑문,37.535339,126.903679
양천구,720. 서울강월초등학교 앞,202501,404,200,서울강월초등학교 앞,ST-432,서울특별시 양천구 신월로 97,서울강월초등학교 앞,37.516197,126.8349
용산구,816. 신용산역 6번출구 앞,202501,781,828,신용산역 6번출구 앞,ST-435,서울특별시 용산구 한강대로 115,신용산역 6번출구 앞,37.530148,126.968483
용산구,817. 삼각지역 4번출구 앞,202501,400,399,삼각지역 4번출구 앞,ST-436,서울특별시 용산구 한강대로 161,삼각지역 4번출구 앞,37.533451,126.971733
용산구,818. 숙명여대 입구 교차로,202501,515,592,숙명여대 입구 교차로,ST-437,서울특별시 용산구 청파로47길 100,숙명여대 입구 교차로,37.544895,126.969383
용산구,819. 선린인터넷 고등학교,202501,774,798,선린인터넷 고등학교,ST-438,서울특별시 용산구 원효로97길 33-4,선린인터넷 고등학교,37.541653,126.970505
용산구,820. 청파동입구 교차로,202501,360,372,청파동입구 교차로,ST-439,서울특별시 용산구 한강대로 349,청파동입구 교차로,37.549026,126.971947
용산구,823. 효창동주민센터 앞,202501,136,105,효창동주민센터 앞,ST-441,서울특별시 용산구 효창원로 161,효창동주민센터 앞,37.54232,126.96196
용산구,825. 서빙고동 주민센터 앞,202501,569,587,서빙고동 주민센터 앞,ST-442,서울특별시 용산구 서빙고로 279,서빙고동 주민센터 앞,37.520336,126.994263
마포구,199. 서울 월드컵 경기장,202501,388,242,서울 월드컵 경기장,ST-443,서울특별시 마포구 성산동 515,서울 월드컵 경기장,37.566845,126.896446
종로구,388. 동성중학교 앞,202501,247,245,동성중학교 앞,ST-444,서울특별시 종로구 혜화동 56,동성중학교 앞,37.585735,127.00161
광진구,584. 광진광장 교통섬,202501,1813,1368,광진광장 교통섬,ST-445,서울특별시 광진구 군자동 374-8,광진광장 교통섬,37.547829,127.072632
성동구,585. 성수2가1동 공영주차장 인근,202501,2045,2049,성수2가1동 공영주차장 인근,ST-446,서울특별시 성동구 성수동2가 569-3,성수2가1동 공영주차장 인근,37.536808,127.055489
성동구,586. 마장동 주민센터,202501,344,388,마장동 주민센터,ST-447,서울특별시 성동구 마장로42길 14,마장동 주민센터,37.565941,127.045395
은평구,900. 은평예술회관,202501,283,250,은평예술회관,ST-448,서울특별시 은평구 녹번동 85-4,은평예술회관,37.603943,126.927696
은평구,902. 진관동 은빛초등학교,202501,230,236,진관동 은빛초등학교,ST-450,서울특별시 은평구 진관동 45-21,진관동 은빛초등학교,37.643108,126.918221
은평구,903. 은평뉴타운 아이파크,202501,384,374,은평뉴타운 아이파크,ST-451,서울특별시 은평구 진관동 13-20,은평뉴타운 아이파크,37.645866,126.927391
은평구,904. 은평뉴타운 푸르지오,202501,254,309,은평뉴타운 푸르지오,ST-452,서울특별시 은평구 진관동 5-8,은평뉴타운 푸르지오,37.648674,126.930702
은평구,905. 구파발역 2번출구,202501,861,1057,구파발역 2번출구,ST-453,서울특별시 은평구 진관동 86-31,구파발역 2번출구,37.636234,126.918999
은평구,906. 연신내역 5번출구,202501,1207,1428,연신내역 5번출구,ST-454,서울특별시 은평구 대조동 207-8,연신내역 5번출구,37.61721,126.919579
은평구,908. 구산역 4번출구,202501,533,517,구산역 4번출구,ST-456,서울특별시 은평구 갈현동 536-8,구산역 4번출구,37.613186,126.917351
은평구,909. 백련산 힐스테이트 3차,202501,262,80,백련산 힐스테이트 3차,ST-457,서울특별시 은평구 응암동 761-9,백련산 힐스테이트 3차,37.586994,126.922882
은평구,911. 은평평화공원(역촌역4번출구),202501,1049,998,은평평화공원(역촌역4번출구),ST-459,서울특별시 은평구 녹번동 153-31,은평평화공원(역촌역4번출구),37.605583,126.922935
은평구,912. 응암오거리,202501,1186,1374,응암오거리,ST-460,서울특별시 은평구 응암동 604-5,응암오거리,37.589661,126.916946
은평구,915. 증산역 4번출구,202501,742,795,증산역 4번출구,ST-463,서울특별시 은평구 증산동 199-8,증산역 4번출구,37.584381,126.909897
은평구,916. 평생학습관 앞,202501,567,577,평생학습관 앞,ST-464,서울특별시 은평구 역촌동 15-40,평생학습관 앞,37.607849,126.921326
은평구,919. 서울혁신파크,202501,333,327,서울혁신파크,ST-467,서울특별시 은평구 녹번동 15-2,서울혁신파크,37.607025,126.933311
은평구,921. 신도고등학교,202501,124,55,신도고등학교,ST-469,서울특별시 은평구 진관동 242-14,신도고등학교,37.630016,126.919029
은평구,922. 연신내역 4번출구,202501,219,220,연신내역 4번출구,ST-470,서울특별시 은평구 대조동 227-2,연신내역 4번출구,37.617802,126.921967
은평구,923. 국민은행 연서지점,202501,183,183,국민은행 연서지점,ST-471,서울특별시 은평구 불광동 355,국민은행 연서지점,37.620949,126.925636
은평구,925. 불광역 2번출구,202501,299,282,불광역 2번출구,ST-473,서울특별시 은평구 불광동 285-43,불광역 2번출구,37.609566,126.930977
은평구,927. 연신내역 3번출구 인근,202501,174,179,연신내역 3번출구 인근,ST-475,서울특별시 은평구 불광동 304-5,연신내역 3번출구 인근,37.617855,126.922524
은평구,928. 은평역사한옥박물관,202501,125,61,은평역사한옥박물관,ST-476,서울특별시 은평구 진관동 133-29,은평역사한옥박물관,37.641315,126.938042
은평구,930. 구 서부경찰서 건너편,202501,485,496,구 서부경찰서 건너편,ST-478,서울특별시 은평구 역촌동 41-7,구 서부경찰서 건너편,37.601662,126.920303
은평구,931. 역촌파출소,202501,1819,1888,역촌파출소,ST-479,서울특별시 은평구 역촌동 45-34,역촌파출소,37.604736,126.915337
은평구,932. 예일여중,202501,554,626,예일여중,ST-480,서울특별시 은평구 연서로 117,예일여중,37.610004,126.916397
중랑구,1402. 금란주차장 앞,202501,359,337,금란주차장 앞,ST-561,서울특별시 중랑구 망우로 448,금란주차장 앞,37.600071,127.102333
중랑구,1405. 망우역 1번출구,202501,314,321,망우역 1번출구,ST-568,서울특별시 중랑구 망우로55길 11-10,망우역 1번출구,37.599098,127.092949
중랑구,1408. 먹골역 6번출구 앞,202501,441,542,먹골역 6번출구 앞,ST-570,서울특별시 중랑구 동일로 지하 901,먹골역 6번출구 앞,37.610722,127.077477
중랑구,1418. 새솔초등학교,202501,118,25,새솔초등학교,ST-583,서울특별시 중랑구 신내역로1길 164,새솔초등학교,37.617439,127.109016
중랑구,1421. 신내역 4번출구,202501,244,223,신내역 4번출구,ST-586,서울특별시 중랑구 신내로 지하 232,신내역 4번출구,37.612461,127.103378
중랑구,1422. 신내우디안아파트 1단지,202501,61,17,신내우디안아파트 1단지,ST-587,서울특별시 중랑구 신내역로 213,신내우디안아파트 1단지,37.620098,127.106461
중랑구,1424. 양원역 2번출구,202501,115,82,양원역 2번출구,ST-588,서울특별시 중랑구 송림길 147,양원역 2번출구,37.606312,127.107742
중랑구,1426. 면목도시개발아파트 1동 앞,202501,223,29,면목도시개발아파트 1동 앞,ST-590,서울특별시 중랑구 용마산로 지하 227,면목도시개발아파트 1동 앞,37.573589,127.086823
중랑구,1435. 능산삼거리,202501,165,123,능산삼거리,ST-593,서울특별시 중랑구 용마산로 644,능산삼거리,37.608681,127.100792
중랑구,1437. 늘푸른공원 앞,202501,379,390,늘푸른공원 앞,ST-595,서울특별시 중랑구 동일로 594,늘푸른공원 앞,37.58342,127.079926
중랑구,1438. 홈플러스 신내점 앞,202501,828,955,홈플러스 신내점 앞,ST-596,서울특별시 중랑구 신내로 지하 232,홈플러스 신내점 앞,37.616169,127.093483
영등포구,214. 금융감독원 앞,202501,901,919,금융감독원 앞,ST-60,서울특별시 영등포구 여의대로 38,금융감독원 앞,37.523022,126.920837
영등포구,219. 롯데캐슬엠파이어 옆,202501,1370,1395,롯데캐슬엠파이어 옆,ST-62,서울특별시 영등포구 의사당대로 127,롯데캐슬엠파이어 옆,37.520695,126.925835
영등포구,220. 미성아파트 A동 앞,202501,871,828,미성아파트 A동 앞,ST-63,서울특별시 영등포구 의사당대로 110,미성아파트 A동 앞,37.519363,126.926048
강북구,1506. 강북문화예술회관,202501,614,531,강북문화예술회관,ST-645,서울특별시 강북구 삼각산로 85,강북문화예술회관,37.640327,127.013359
강북구,1515. 송천동 주민센터,202501,253,241,송천동 주민센터,ST-648,서울특별시 강북구 솔샘로 284,송천동 주민센터,37.618286,127.024048
영등포구,217. NH농협은행 앞,202501,1877,1958,NH농협은행 앞,ST-66,서울특별시 영등포구 국제금융로8길 2,NH농협은행 앞,37.522079,126.930367
영등포구,224. 롯데캐슬 앞,202501,1115,1206,롯데캐슬 앞,ST-70,서울특별시 영등포구 국제금융로 86,롯데캐슬 앞,37.520088,126.932365
영등포구,226. 샛강역 1번출구 앞,202501,1239,1077,샛강역 1번출구 앞,ST-72,서울특별시 영등포구 의사당대로 지하166,샛강역 1번출구 앞,37.517765,126.928413
영등포구,207. 여의나루역 1번출구 앞,202501,1605,1490,여의나루역 1번출구 앞,ST-73,서울특별시 영등포구 여의동로 지하343,여의나루역 1번출구 앞,37.527157,126.9319
마포구,401. 상암월드컵파크 10단지 앞,202501,479,483,상암월드컵파크 10단지 앞,ST-76,서울특별시 마포구 월드컵북로 502-36,상암월드컵파크 10단지 앞,37.586189,126.881615
강남구,2301. 현대고등학교 건너편,202501,307,379,현대고등학교 건너편,ST-777,서울특별시 강남구 압구정로 134,현대고등학교 건너편,37.524071,127.02179
강남구,2344. 리엔파크 2단지 앞,202501,224,241,리엔파크 2단지 앞,ST-779,서울특별시 강남구 헌릉로590길 10,리엔파크 2단지 앞,37.465061,127.101196
서초구,2251. 더케이호텔 입구(양재2) ,202501,377,383,더케이호텔 입구(양재2),ST-781,서울특별시 서초구 바우뫼로12길 70,더케이호텔 입구(양재2),37.467506,127.034477
강남구,2337. 대모산입구역 2번출구 앞,202501,271,250,대모산입구역 2번출구 앞,ST-782,서울특별시 강남구 영동대로 101,대모산입구역 2번출구 앞,37.492077,127.071976
강남구,2317. 삼성도로공원,202501,246,272,삼성도로공원,ST-784,서울특별시 강남구 영동대로112길 66,삼성도로공원,37.515888,127.0662
강남구,2311. 학동로 래미안 아파트 앞,202501,113,47,학동로 래미안 아파트 앞,ST-786,서울특별시 강남구 학동로 지하 508,학동로 래미안 아파트 앞,37.517773,127.043022
강남구,2305. MCM 본사 직영점 앞,202501,155,155,MCM 본사 직영점 앞,ST-790,서울특별시 강남구 언주로 734,MCM 본사 직영점 앞,37.520641,127.034508
강남구,2306. 압구정역 2번 출구 옆,202501,884,890,압구정역 2번 출구 옆,ST-791,서울특별시 강남구 압구정로 지하 172,압구정역 2번 출구 옆,37.527123,127.028717
강남구,2308. 압구정파출소 앞,202501,489,487,압구정파출소 앞,ST-793,서울특별시 강남구 압구정로 311,압구정파출소 앞,37.529301,127.035599
강남구,2312. 청담역 13번 출구 앞,202501,144,126,청담역 13번 출구 앞,ST-795,서울특별시 강남구 영동대로 703,청담역 13번 출구 앞,37.52058,127.056328
강남구,2348. 포스코사거리(기업은행),202501,877,1070,포스코사거리(기업은행),ST-797,서울특별시 강남구 테헤란로 501,포스코사거리(기업은행),37.507233,127.056854
강남구,2315. 봉은사역 5번출구 옆,202501,307,322,봉은사역 5번출구 옆,ST-799,서울특별시 강남구 봉은사로 지하 601,봉은사역 5번출구 옆,37.514248,127.061119
마포구,405. DMC빌 앞,202501,265,244,DMC빌 앞,ST-80,서울특별시 마포구 월드컵북로60길 13,DMC빌 앞,37.582657,126.885788
강남구,2321. 학여울역 사거리,202501,168,131,학여울역 사거리,ST-804,서울특별시 강남구 남부순환로 지하 3104,학여울역 사거리,37.496117,127.069443
강남구,2323. 주식회사 오뚜기 정문 앞,202501,248,241,주식회사 오뚜기 정문 앞,ST-806,서울특별시 강남구 영동대로 308,주식회사 오뚜기 정문 앞,37.502213,127.067207
강남구,2324. 천주교 대치 2동 교회 옆,202501,497,493,천주교 대치 2동 교회 옆,ST-807,서울특별시 강남구 도곡로 540,천주교 대치 2동 교회 옆,37.500439,127.066223
강남구,2326. 대치동 삼성로,202501,424,243,대치동 삼성로,ST-809,서울특별시 강남구 삼성로 350,대치동 삼성로,37.502396,127.0588
강남구,2327. 뱅뱅사거리 랜드마크타워 앞,202501,471,570,뱅뱅사거리 랜드마크타워 앞,ST-810,서울특별시 강남구 강남대로 308,뱅뱅사거리 랜드마크타워 앞,37.490551,127.031464
강남구,2331. 동영문화센터앞,202501,252,210,동영문화센터앞,ST-814,서울특별시 강남구 언주로 337,동영문화센터앞,37.498051,127.044601
강남구,2333. 양재역 3번출구 주변,202501,371,284,양재역 3번출구 주변,ST-816,서울특별시 강남구 강남대로 240,양재역 3번출구 주변,37.485157,127.034073
강남구,2335. 3호선 매봉역 3번출구앞,202501,936,1089,3호선 매봉역 3번출구앞,ST-818,서울특별시 강남구 남부순환로 2748,3호선 매봉역 3번출구앞,37.486767,127.046761
강남구,2336. 강남세브란스교차로  래미안그레이튼 104동 앞,202501,286,209,강남세브란스교차로  래미안그레이튼 104동 앞,ST-819,서울특별시 강남구 선릉로 지하 228,강남세브란스교차로  래미안그레이튼 104동 앞,37.494236,127.047462
강남구,2339. 현대아파트 정문 앞,202501,305,293,현대아파트 정문 앞,ST-820,서울특별시 강남구 언주로 107,현대아파트 정문 앞,37.483261,127.0523
강남구,2340. 삼호물산버스정류장(23370) 옆,202501,1040,1063,삼호물산버스정류장(23370) 옆,ST-821,서울특별시 강남구 논현로 82,삼호물산버스정류장(23370) 옆,37.477509,127.045174
성북구,1302. 한성대입구역6번출구 뒤,202501,413,443,한성대입구역6번출구 뒤,ST-825,서울특별시 성북구 동소문로 1,한성대입구역6번출구 뒤,37.588764,127.00631
성북구,1304. 만해공원,202501,152,23,만해공원,ST-826,서울특별시 성북구 성북로 132-1,만해공원,37.594402,126.99231
강서구,1128. 화곡역 6번출구,202501,400,402,화곡역 6번출구,ST-829,서울특별시 강서구 화곡로 지하 168,화곡역 6번출구,37.541412,126.840225
마포구,408. LG CNS앞,202501,452,448,LG CNS앞,ST-84,서울특별시 마포구 월드컵북로 424,LG CNS앞,37.580811,126.88665
마포구,409. 누리꿈스퀘어 옆,202501,991,1047,누리꿈스퀘어 옆,ST-86,서울특별시 마포구 월드컵북로 396,누리꿈스퀘어 옆,37.579399,126.88916
마포구,411. DMC홍보관,202501,614,669,DMC홍보관,ST-90,서울특별시 마포구 월드컵북로 366,DMC홍보관,37.577995,126.891472
마포구,413. 상암월드컵파크 3단지 후문,202501,364,322,상암월드컵파크 3단지 후문,ST-92,서울특별시 마포구 매봉산로 8,상암월드컵파크 3단지 후문,37.571476,126.889687
구로구,1955. 디지털입구 교차로,202501,1293,1315,디지털입구 교차로,ST-936,서울특별시 구로구 시흥대로 551,디지털입구 교차로,37.482883,126.901039
마포구,414. 상암동주민센터 옆,202501,958,1165,상암동주민센터 옆,ST-94,서울특별시 마포구 매봉산로2길 16,상암동주민센터 옆,37.57822,126.89447
종로구,449. 일성아파트,202501,126,37,일성아파트,ST-941,서울특별시 종로구 평창문화로 119,일성아파트,37.608719,126.972862
중구,389. 을지로4가역 1번출구,202501,533,536,을지로4가역 1번출구,ST-943,서울특별시 중구 을지로 지하 178,을지로4가역 1번출구,37.566731,126.996605
중구,390. 충무로역 1번출구,202501,384,365,충무로역 1번출구,ST-944,서울특별시 중구 퇴계로 212,충무로역 1번출구,37.56139,126.995354
중구,826. 서울역 서부교차로2,202501,508,598,서울역 서부교차로2,ST-946,서울특별시 중구 퇴계로 33,서울역 서부교차로2,37.555367,126.968643
성북구,1305. 성북구청,202501,580,619,성북구청,ST-947,서울특별시 성북구 보문로 168,성북구청,37.589329,127.016434
관악구,2110. 조원동 미성아파트,202501,803,890,조원동 미성아파트,ST-950,서울특별시 관악구 시흥대로 560,조원동 미성아파트,37.483192,126.902031
관악구,2139. 서울신성초등학교,202501,153,155,서울신성초등학교,ST-951,서울특별시 관악구 신림로 114,서울신성초등학교,37.471165,126.937019
강남구,2354. 청담역 2번출구,202501,80,83,청담역 2번출구,ST-953,서울특별시 강남구 영동대로 647,청담역 2번출구,37.519787,127.056763
강남구,2356. 강남구청,202501,143,103,강남구청,ST-954,서울특별시 강남구 학동로 지하 346,강남구청,37.51807,127.047119
강남구,2360. 도곡1동 주민센터 교차로,202501,329,329,도곡1동 주민센터 교차로,ST-956,서울특별시 강남구 도곡로 205,도곡1동 주민센터 교차로,37.492809,127.041389
강남구,"2359. 국립국악중,고교 정문 맞은편",202501,510,513,"국립국악중,고교 정문 맞은편",ST-958,서울특별시 강남구 논현로10길 29,"국립국악중,고교 정문 맞은편",37.475605,127.050377
강남구,2347. 두산건설 본사,202501,63,50,두산건설 본사,ST-961,서울특별시 강남구 언주로 726,두산건설 본사,37.518639,127.0354
강남구,2352. 서울본부세관(건설회관 앞),202501,242,59,서울본부세관(건설회관 앞),ST-962,서울특별시 강남구 언주로 721,서울본부세관(건설회관 앞),37.51759,127.035027
강남구,2353. 강남구청역 2번출구 뒤,202501,241,173,강남구청역 2번출구 뒤,ST-963,서울특별시 강남구 학동로 342,강남구청역 2번출구 뒤,37.516811,127.040474
노원구,1641. 한내근린공원 남측,202501,333,328,한내근린공원 남측,ST-970,서울특별시 노원구 마들로 86,한내근린공원 남측,37.621555,127.069511
노원구,1640. 한내근린공원 북측,202501,502,531,한내근린공원 북측,ST-971,서울특별시 노원구 마들로 86,한내근린공원 북측,37.623863,127.068489
강서구,1149. 신방화역환승주차장,202501,2348,2341,신방화역환승주차장,ST-975,서울특별시 강서구 마곡서1로 111-12,신방화역환승주차장,37.567284,126.818275
광진구,501. 광진구의회 앞,202501,1072,983,광진구의회 앞,ST-98,서울특별시 광진구 능동로 76,광진구의회 앞,37.537308,127.070351
광진구,3500. 군자역2번출구,202501,1152,1162,군자역2번출구,ST-983,서울특별시 광진구 능동로 313,군자역2번출구,37.557587,127.079697
광진구,3501. 광진구청 앞,202501,1099,1029,광진구청 앞,ST-984,서울특별시 광진구 자양로 131,광진구청 앞,37.539501,127.083
광진구,3503. 광진유진스웰,202501,117,37,광진유진스웰,ST-986,서울특별시 광진구 아차산로78길 7,광진유진스웰,37.550488,127.108955
광진구,3504. 원일교회,202501,1538,1380,원일교회,ST-987,서울특별시 광진구 아차산로 304,원일교회,37.538052,127.076599
광진구,3505. 신양초교앞 교차로,202501,409,411,신양초교앞 교차로,ST-988,서울특별시 광진구 능동로 42,신양초교앞 교차로,37.535221,127.068398
마포구,424. 롯데하이마트 (상암월드컵점) ,202501,134,148,롯데하이마트 (상암월드컵점),ST-990,서울특별시 마포구 상암동 1715-29,롯데하이마트 (상암월드컵점),37.57362,126.898048
마포구,425. DMC첨단산업센터,202501,168,165,DMC첨단산업센터,ST-991,서울특별시 마포구 성암로330,DMC첨단산업센터,37.584503,126.885597
마포구,426. 서울신용보증재단,202501,632,838,서울신용보증재단,ST-992,서울특별시 마포구 마포대로 163,서울신용보증재단,37.549061,126.954178
양천구,723. SBS방송국,202501,1024,1139,SBS방송국,ST-994,서울특별시 양천구 목동서로161,SBS방송국,37.529163,126.872749
양천구,725. 양강중학교앞 교차로,202501,97,99,양강중학교앞 교차로,ST-996,서울특별시 양천구 남부순환로88길5-16,양강중학교앞 교차로,37.524334,126.850548
양천구,726. 목동3단지 시내버스정류장,202501,2045,2123,목동3단지 시내버스정류장,ST-997,서울특별시 양천구 목동중앙로 49,목동3단지 시내버스정류장,37.53439,126.869598
양천구,729. 서부식자재마트 건너편,202502,764,765,서부식자재마트 건너편,ST-1000,서울특별시 양천구 신정동 236,서부식자재마트 건너편,37.51038,126.866798
양천구,731. 서울시 도로환경관리센터,202502,1637,1657,서울시 도로환경관리센터,ST-1002,서울특별시 양천구 목동동로 316-6,서울시 도로환경관리센터,37.5299,126.876541
양천구,733. 신정이펜하우스314동,202502,227,141,신정이펜하우스314동,ST-1004,서울특별시 양천구 신정이펜1로50,신정이펜하우스314동,37.514099,126.831001
양천구,734. 신트리공원 입구,202502,1476,1485,신트리공원 입구,ST-1005,서울특별시 양천구 신정동 310-8,신트리공원 입구,37.51395,126.856056
양천구,736. 오솔길공원,202502,444,450,오솔길공원,ST-1007,서울특별시 양천구 남부순환로70길11-9,오솔길공원,37.52219,126.8367
양천구,740. 으뜸공원,202502,463,571,으뜸공원,ST-1011,서울특별시 양천구 가로공원로 133,으뜸공원,37.536369,126.831711
양천구,741. 화곡로 입구 교차로,202502,191,191,화곡로 입구 교차로,ST-1012,서울특별시 양천구 신월동 258,화곡로 입구 교차로,37.53952,126.825401
양천구,742. 등촌역 5번 출구 뒤,202502,419,419,등촌역 5번 출구 뒤,ST-1013,서울특별시 양천구 등촌로 236,등촌역 5번 출구 뒤,37.550732,126.864578
양천구,743. 현대6차아파트 101동 옆,202502,458,491,현대6차아파트 101동 옆,ST-1014,서울특별시 양천구 신정동 735-5,현대6차아파트 101동 옆,37.5089,126.842682
양천구,744. 신목동역 2번 출구,202502,1672,1616,신목동역 2번 출구,ST-1015,서울특별시 양천구 목동중앙로 212 앞,신목동역 2번 출구,37.543842,126.882545
양천구,745. 강서초등학교,202502,241,249,강서초등학교,ST-1016,서울특별시 양천구 오목로 31 부근,강서초등학교,37.522282,126.839699
양천구,746. 목동2단지 상가,202502,2003,2061,목동2단지 상가,ST-1017,서울특별시 양천구 목동 902-5,목동2단지 상가,37.536503,126.877747
양천구,747. 목동3단지 상가,202502,1235,1252,목동3단지 상가,ST-1018,서울특별시 양천구 목동 903-6,목동3단지 상가,37.53458,126.875649
양천구,748. 목동운동장,202502,376,418,목동운동장,ST-1019,서울특별시 양천구 안양천로 939,목동운동장,37.530251,126.879303
은평구,937. 상림마을 롯데캐슬2단지 옆,202502,27,37,상림마을 롯데캐슬2단지 옆,ST-1023,서울특별시 은평구 진관동 30-23,상림마을 롯데캐슬2단지 옆,37.645851,126.923798
은평구,938. 금암 문화공원,202502,48,59,금암 문화공원,ST-1024,서울특별시 은평구 진관동 44-28,금암 문화공원,37.644684,126.918457
은평구,939. 은평구청 교차로,202502,273,279,은평구청 교차로,ST-1025,서울특별시 은평구 응암동 82-31,은평구청 교차로,37.6017,126.927422
은평구,941. 은평뉴타운 도서관,202502,214,89,은평뉴타운 도서관,ST-1027,서울특별시 은평구 진관동 141-27,은평뉴타운 도서관,37.637222,126.933304
은평구,942. 상림마을 생태공원,202502,111,108,상림마을 생태공원,ST-1028,서울특별시 은평구 진관동 16-4,상림마을 생태공원,37.644081,126.929283
은평구,943. 은평구청 보건소,202502,851,908,은평구청 보건소,ST-1029,서울특별시 은평구 녹번동 84,은평구청 보건소,37.602402,126.92865
은평구,946. 독바위역 ,202502,250,249,독바위역,ST-1032,서울특별시 은평구 불광로 129,독바위역,37.618439,126.932884
은평구,947. 연신내 선일하이츠빌 정류소,202502,88,89,연신내 선일하이츠빌 정류소,ST-1033,서울특별시 은평구 불광동 484-165,연신내 선일하이츠빌 정류소,37.622669,126.919991
은평구,949. 연신내역 1번 출구 ,202502,534,552,연신내역 1번 출구,ST-1035,서울특별시 은평구 불광동 487-2,연신내역 1번 출구,37.619781,126.920807
은평구,952. 서울연신중학교,202502,193,193,서울연신중학교,ST-1038,서울특별시 은평구 불광동 400-4번지,서울연신중학교,37.62265,126.925247
은평구,953. 서울연신초등학교,202502,95,93,서울연신초등학교,ST-1039,서울특별시 은평구 불광동 73-1번지,서울연신초등학교,37.625778,126.928818
강동구,1025. 상일초등학교,202502,239,212,상일초등학교,ST-1042,서울특별시 강동구 상일동 440-3,상일초등학교,37.546841,127.172516
강서구,1155. 기쁜우리복지관,202502,1080,974,기쁜우리복지관,ST-1255,서울특별시 강서구 허준로 65,기쁜우리복지관,0.0,0.0
강서구,1155. 기쁜우리복지관,202502,1080,974,기쁜우리복지관,ST-1067,서울특별시 강서구 가양동 1458-15,기쁜우리복지관,37.56926,126.848419
강서구,1157. 강서구청,202502,1827,1998,강서구청,ST-1069,서울특별시 강서구 화곡로 302,강서구청,37.550659,126.84977
송파구,1251. 석촌역 2번출구,202502,1282,1292,석촌역 2번출구,ST-1070,서울특별시 송파구 송파동 68,석촌역 2번출구,37.505932,127.10775
송파구,1253. 오금역 3번 출구 뒤,202502,233,232,오금역 3번 출구 뒤,ST-1072,서울특별시 송파구 가락동 10-15,오금역 3번 출구 뒤,37.501652,127.128181
송파구,1256. 문정현대아파트 교차로,202502,376,347,문정현대아파트 교차로,ST-1075,서울특별시 송파구 문정동 3-2,문정현대아파트 교차로,37.491131,127.125809
송파구,1258. 가락미륭아파트 앞,202502,161,161,가락미륭아파트 앞,ST-1077,서울특별시 송파구 가락동 195-4,가락미륭아파트 앞,37.493198,127.128998
송파구,1259. 방이역 1번출구,202502,768,760,방이역 1번출구,ST-1078,서울특별시 송파구 오금동 17-20,방이역 1번출구,37.508984,127.126595
송파구,1260. 방이동 한양3차아파트 옆,202502,626,627,방이동 한양3차아파트 옆,ST-1079,서울특별시 송파구 방이동 225-1,방이동 한양3차아파트 옆,37.506302,127.121399
송파구,1262. 송파여성문화회관 앞,202502,1016,1043,송파여성문화회관 앞,ST-1081,서울특별시 송파구 송파동 2-3,송파여성문화회관 앞,37.505802,127.109718
송파구,1263. 장지공영차고지,202502,190,200,장지공영차고지,ST-1082,서울특별시 송파구 장지동 861-6,장지공영차고지,37.480541,127.137016
송파구,1264. 천호역 10번 출구 앞,202502,1660,1662,천호역 10번 출구 앞,ST-1083,서울특별시 송파구 풍납동 490-16,천호역 10번 출구 앞,37.538582,127.122803
송파구,1265. 문정동 근린공원,202502,566,590,문정동 근린공원,ST-1084,서울특별시 송파구 문정동 38-3,문정동 근린공원,37.485989,127.124763
송파구,1267. 올림픽공원 남2문 앞,202502,498,451,올림픽공원 남2문 앞,ST-1086,서울특별시 송파구 올림픽로 424,올림픽공원 남2문 앞,37.51424,127.12307
송파구,1268. 몽촌토성역 1번출구 옆,202502,532,537,몽촌토성역 1번출구 옆,ST-1087,서울특별시 송파구 방이동 88-21,몽촌토성역 1번출구 옆,37.517288,127.114197
송파구,1269. 리센츠아파트 ,202502,853,774,리센츠아파트,ST-1088,서울특별시 송파구 올림픽로 135,리센츠아파트,37.511944,127.091217
송파구,1271. 송파도서관,202502,524,523,송파도서관,ST-1089,서울특별시 송파구 동남로 263,송파도서관,37.499985,127.135391
성동구,512. 뚝섬역 1번 출구 옆,202502,1217,1299,뚝섬역 1번 출구 옆,ST-109,서울특별시 성동구 아차산로 18,뚝섬역 1번 출구 옆,37.548561,127.045006
송파구,1274. 영파여고 앞,202502,633,630,영파여고 앞,ST-1092,서울특별시 송파구 올림픽로 565,영파여고 앞,37.532848,127.121048
중랑구,1444. 면목4치안센터,202502,521,678,면목4치안센터,ST-1095,서울특별시 중랑구 면목동 646-4,면목4치안센터,37.574028,127.080544
중랑구,1446. 중랑전화국 교차로,202502,955,1003,중랑전화국 교차로,ST-1097,서울특별시 중랑구 면목동 282-8,중랑전화국 교차로,37.591301,127.08033
중랑구,1447. 면목역 3번출구,202502,1116,1386,면목역 3번출구,ST-1098,서울특별시 중랑구 면목동 120-2,면목역 3번출구,37.588902,127.08728
중랑구,1448. 코스트코 상봉점,202502,996,992,코스트코 상봉점,ST-1099,서울특별시 중랑구 상봉동 160-3,코스트코 상봉점,37.597321,127.089798
마포구,400. 상암한화오벨리스크 1차 앞,202502,516,517,상암한화오벨리스크 1차 앞,ST-110,서울특별시 마포구 구룡길 19,상암한화오벨리스크 1차 앞,37.587524,126.883003
강북구,1527. 미아역 1번 출구 뒤,202502,311,311,미아역 1번 출구 뒤,ST-1101,서울특별시 강북구 미아동 194-1,미아역 1번 출구 뒤,37.627335,127.026054
강북구,1528. 삼각산동 주민센터,202502,351,132,삼각산동 주민센터,ST-1102,서울특별시 강북구 미아동 813-8,삼각산동 주민센터,37.615036,127.020699
강북구,1529. 미아동 한국전력공사,202502,596,592,미아동 한국전력공사,ST-1103,서울특별시 강북구 미아동 194-1,미아동 한국전력공사,37.63018,127.02491
강북구,1530. 광산사거리,202502,879,911,광산사거리,ST-1104,서울특별시 강북구 노해로 87,광산사거리,37.643551,127.022347
강북구,1531. 미아사거리 1번 출구,202502,993,1125,미아사거리 1번 출구,ST-1105,서울특별시 강북구 미아동 66-1,미아사거리 1번 출구,37.613956,127.030251
강북구,1532. 번3동 주민센터 교차로,202502,405,416,번3동 주민센터 교차로,ST-1106,서울특별시 강북구 번동 2-2,번3동 주민센터 교차로,37.626354,127.047447
강북구,"1533. 번동 주공3, 4단지 교차로",202502,473,548,"번동 주공3, 4단지 교차로",ST-1107,서울특별시 강북구 번동 254,"번동 주공3, 4단지 교차로",37.629917,127.040916
강북구,1535. 효성인텔리안 앞,202502,1027,1055,효성인텔리안 앞,ST-1109,서울특별시 강북구  수유동 230-7,효성인텔리안 앞,37.636292,127.023376
성동구,513. 뚝섬역 5번 출구 정류소 옆,202502,637,644,뚝섬역 5번 출구 정류소 옆,ST-111,서울특별시 성동구 아차산로 18,뚝섬역 5번 출구 정류소 옆,37.546307,127.049805
강북구,1536. 번동 두산위브 101동 옆,202502,381,357,번동 두산위브 101동 옆,ST-1110,서울특별시 강북구 번동 386-17,번동 두산위브 101동 옆,37.636261,127.032173
노원구,1643. 태릉입구역 8번출구,202502,861,865,태릉입구역 8번출구,ST-1111,서울특별시 노원구 공릉동 687-6,태릉입구역 8번출구,37.617367,127.075211
노원구,1646. 삼육대 입구,202502,117,123,삼육대 입구,ST-1114,서울특별시 노원구 공릉동 26-43,삼육대 입구,37.638489,127.107903
노원구,1650. 중계근린공원내,202502,1686,1644,중계근린공원내,ST-1118,서울특별시 노원구 중계동 506-3,중계근린공원내,37.63958,127.065102
성동구,514. 성수사거리 버스정류장 앞,202502,1573,1539,성수사거리 버스정류장 앞,ST-112,서울특별시 성동구 아차산로 171,성수사거리 버스정류장 앞,37.54258,127.063309
노원구,1652. 파르코 앞,202502,151,141,파르코 앞,ST-1120,서울특별시 노원구 상계동 1263,파르코 앞,37.68,127.05558
노원구,1653. 노원역1번출구,202502,1763,1792,노원역1번출구,ST-1121,서울특별시 노원구 상계동 335-4,노원역1번출구,37.6562,127.063622
노원구,1655. 공릉1단지아파트,202502,1299,1237,공릉1단지아파트,ST-1123,서울특별시 중랑구 동일로 1127,공릉1단지아파트,37.631111,127.07016
노원구,1657. 노원구청 ,202502,1194,1212,노원구청,ST-1125,서울특별시 노원구 노해로 437,노원구청,37.654049,127.057327
노원구,1659. 중계동 을지중학교,202502,513,441,중계동 을지중학교,ST-1127,서울특별시 노원구 중계동 370,중계동 을지중학교,37.65033,127.071602
노원구,1660. 서울시립과학관,202502,213,152,서울시립과학관,ST-1128,서울특별시 노원구 하계동 266,서울시립과학관,37.642071,127.076622
도봉구,1714. 도봉문화정보도서관 삼거리,202502,209,34,도봉문화정보도서관 삼거리,ST-1130,서울특별시 도봉구 덕릉로 315,도봉문화정보도서관 삼거리,37.64463,127.044609
도봉구,1715. 서울특별시교육청도봉도서관,202502,293,288,서울특별시교육청도봉도서관,ST-1131,서울특별시 도봉구 삼양로556,서울특별시교육청도봉도서관,37.653179,127.012787
도봉구,1719. 신도봉사거리 버스정류장,202502,465,468,신도봉사거리 버스정류장,ST-1135,서울특별시 도봉구 도봉로 771,신도봉사거리 버스정류장,37.673283,127.043991
도봉구,1720. 도봉구청 옆(중랑천변),202502,574,582,도봉구청 옆(중랑천변),ST-1136,서울특별시 도봉구 마들로 656,도봉구청 옆(중랑천변),37.668671,127.047981
금천구,1841. 가산동 주민센터,202502,858,855,가산동 주민센터,ST-1142,서울특별시 금천구 가산동 144-3,가산동 주민센터,37.476952,126.891869
금천구,1842. 한울중학교,202502,82,16,한울중학교,ST-1143,서울특별시 금천구 시흥동 1000-3,한울중학교,37.462574,126.90686
금천구,1843. 독산고등학교,202502,264,178,독산고등학교,ST-1144,서울특별시 금천구 독산동 906-42,독산고등학교,37.477097,126.911133
금천구,1845. 롯데캐슬골드파크1차 서문,202502,318,313,롯데캐슬골드파크1차 서문,ST-1146,서울특별시 금천구 벚꽃로40,롯데캐슬골드파크1차 서문,37.460289,126.892189
금천구,1846. 롯데캐슬골드파크1차 동문,202502,440,454,롯데캐슬골드파크1차 동문,ST-1147,서울특별시 금천구 독산동 441-19,롯데캐슬골드파크1차 동문,37.460171,126.896042
금천구,1848. 벽산 디지털밸리 5차,202502,663,812,벽산 디지털밸리 5차,ST-1149,서울특별시 금천구 가산동 60-73,벽산 디지털밸리 5차,37.476276,126.885391
동작구,2059. 보라매공원 정문,202502,668,680,보라매공원 정문,ST-1151,서울특별시 동작구 신대방동 395,보라매공원 정문,37.497078,126.917793
동작구,2060. 남성역3번출구 뒤,202502,622,706,남성역3번출구 뒤,ST-1152,서울특별시 동작구 사당동 1131,남성역3번출구 뒤,37.484631,126.97155
동작구,2062. 사당새마을금고,202502,193,148,사당새마을금고,ST-1154,서울특별시 동작구 사당동 211-2,사당새마을금고,37.486652,126.967842
관악구,2159. 인헌초교,202502,94,83,인헌초교,ST-1156,서울특별시 관악구 봉천동 244-1,인헌초교,37.47509,126.959229
서초구,2266. 서초역 3번출구,202502,365,349,서초역 3번출구,ST-1158,서울특별시 서초구 서초동 1748-14,서초역 3번출구,37.49054,127.008163
중구,300. 정동사거리,202502,612,537,정동사거리,ST-116,서울특별시 중구 정동길 2-1,정동사거리,37.56805,126.969231
서초구,2269. 주홍교 하부,202502,81,29,주홍교 하부,ST-1161,서울특별시 서초구 잠원동 91-29,주홍교 하부,37.510349,127.016052
서초구,2270. 서초포레스타 7단지,202502,149,134,서초포레스타 7단지,ST-1162,서울특별시 관악구 신원동 266,서초포레스타 7단지,37.448967,127.057739
서초구,2272. 교대입구 교차로,202502,210,224,교대입구 교차로,ST-1164,서울특별시 서초구 서초동 1748-33,교대입구 교차로,37.487309,127.010582
서초구,2273. 일동제약 사거리,202502,200,196,일동제약 사거리,ST-1165,서울특별시 서초구 양재동 67-12,일동제약 사거리,37.477829,127.038269
종로구,301. 경복궁역 7번출구 앞,202502,540,373,경복궁역 7번출구 앞,ST-117,서울특별시 종로구 사직로 지하130,경복궁역 7번출구 앞,37.575794,126.971451
강남구,2362. 신사동 가로수길 입구,202502,320,314,신사동 가로수길 입구,ST-1171,서울특별시 강남구 신사동 501-5,신사동 가로수길 입구,37.517635,127.022453
강남구,2365. K+ 타워 앞,202502,267,304,K+ 타워 앞,ST-1174,서울특별시 강남구 도산대로 333,K+ 타워 앞,37.5233,127.038475
강남구,2368. 도곡동 경남아파트 건너편,202502,263,154,도곡동 경남아파트 건너편,ST-1177,서울특별시 강남구 도곡동 874-1,도곡동 경남아파트 건너편,37.489342,127.041298
강남구,2369. KT선릉타워,202502,720,784,KT선릉타워,ST-1178,서울특별시 강남구 대치동 1011,KT선릉타워,37.505428,127.052872
강남구,2370. 한티역 3번출구,202502,156,153,한티역 3번출구,ST-1179,서울특별시 강남구 대치동 1026,한티역 3번출구,37.496552,127.054298
강남구,2371. 한국우편사업진흥원,202502,144,61,한국우편사업진흥원,ST-1180,서울특별시 강남구 언주로 651,한국우편사업진흥원,37.514748,127.035133
강남구,2372. 대치역 사거리,202502,415,535,대치역 사거리,ST-1181,서울특별시 강남구 삼성로 156,대치역 사거리,37.494499,127.063797
강남구,2373. 개포동역 사거리,202502,208,169,개포동역 사거리,ST-1182,서울특별시 강남구 개포동 181-3,개포동역 사거리,37.489277,127.065575
강남구,2375. 수서역 1번출구 앞,202502,519,585,수서역 1번출구 앞,ST-1184,서울특별시 강남구 수서동 728,수서역 1번출구 앞,37.48735,127.100998
강남구,2376. 수서역 6번출구 앞,202502,316,346,수서역 6번출구 앞,ST-1185,서울특별시 강남구 수서동 740,수서역 6번출구 앞,37.486778,127.100517
서대문구,3100. 북성초교,202502,117,108,북성초교,ST-1188,서울특별시 서대문구 신촌로 235-1,북성초교,37.557396,126.952164
서대문구,3101. 서대문구청,202502,159,121,서대문구청,ST-1189,서울특별시 서대문구 연희로 242,서대문구청,37.578381,126.936096
광진구,3506. 영동대교 북단,202502,796,787,영동대교 북단,ST-1191,서울특별시 광진구 자양동 203-22,영동대교 북단,37.537014,127.061096
광진구,3507. 어린이회관,202502,532,342,어린이회관,ST-1192,서울특별시 광진구 능동 465-7,어린이회관,37.545952,127.078003
광진구,3508. 화양사거리,202502,533,489,화양사거리,ST-355,서울특별시 성동구 광나루로 334,화양사거리,37.548149,127.06707
광진구,3508. 화양사거리,202502,533,489,화양사거리,ST-1193,서울특별시 광진구 화양동 21-6,화양사거리,37.548222,127.067879
광진구,3509. 세종사이버대학교,202502,1422,1469,세종사이버대학교,ST-1194,서울특별시 광진구 군자동 111-2,세종사이버대학교,37.553417,127.073196
성동구,3513. 상왕십리역 1번출구,202502,1224,587,상왕십리역 1번출구,ST-1197,서울특별시 성동구 하왕십리동 860-1,상왕십리역 1번출구,37.56461,127.029198
성동구,3514. 왕십리교회옆,202502,1206,1199,왕십리교회옆,ST-1198,서울특별시 성동구 상왕십리동 350-1,왕십리교회옆,37.566261,127.023697
성동구,3515. 서울숲 관리사무소,202502,422,370,서울숲 관리사무소,ST-1199,서울특별시 성동구 성수동1가 678-1,서울숲 관리사무소,37.542816,127.042084
성북구,1342. 성북쉼터 앞,202502,108,29,성북쉼터 앞,ST-1206,서울특별시 성북구 성북로21길 32,성북쉼터 앞,37.592617,126.997932
성북구,1343. 한성대7번출구 앞,202502,202,196,한성대7번출구 앞,ST-1207,서울특별시 성북구 동소문로 11,한성대7번출구 앞,37.589249,127.007378
성북구,1344. 아리랑시네센터 앞,202502,91,68,아리랑시네센터 앞,ST-1208,서울특별시 성북구 아리랑로 82,아리랑시네센터 앞,37.600288,127.013702
성북구,1346. 길음8골어린이공원 옆,202502,314,300,길음8골어린이공원 옆,ST-1210,서울특별시 성북구 길음로13길 22,길음8골어린이공원 옆,37.608978,127.020248
성북구,1347. 길음래미안아파트817동 상가 앞,202502,88,87,길음래미안아파트817동 상가 앞,ST-1211,서울특별시 성북구 길음로 33,길음래미안아파트817동 상가 앞,37.607105,127.0215
성북구,1348. 성북제일새마을금고 본점 앞,202502,182,184,성북제일새마을금고 본점 앞,ST-1212,서울특별시 성북구 길음로 20,성북제일새마을금고 본점 앞,37.604752,127.022758
성북구,1352. e 편한세상 보문아파트 내,202502,58,35,e 편한세상 보문아파트 내,ST-1216,서울특별시 성북구 낙산길 255,e 편한세상 보문아파트 내,37.583881,127.017097
성북구,1353. 금호어울림센터힐 내,202502,174,168,금호어울림센터힐 내,ST-1217,서울특별시 성북구 동소문로34길 73,금호어울림센터힐 내,37.60083,127.023552
구로구,1957. 구일고등학교 정문 ,202502,1187,1135,구일고등학교 정문,ST-1219,서울특별시 구로구 구일로 90-51,구일고등학교 정문,37.493401,126.874329
구로구,1958. 강서수도사업소민원센터,202502,1564,1619,강서수도사업소민원센터,ST-1220,서울특별시 구로구 가마산로 272,강서수도사업소민원센터,37.495781,126.890121
구로구,1962. 가리봉동주민센터,202502,1052,1032,가리봉동주민센터,ST-1224,서울특별시 구로구 디지털로26길 5,가리봉동주민센터,37.481602,126.892799
구로구,1964. 원메디타운 앞,202502,1071,1063,원메디타운 앞,ST-1226,서울특별시 구로구 경인로 403,원메디타운 앞,37.49789,126.864502
구로구,1966. 한마을아파트 정문상가,202502,516,526,한마을아파트 정문상가,ST-1228,서울특별시 구로구 경인로 382,한마을아파트 정문상가,37.496498,126.863098
구로구,1967. 참새공원(백곡경노당),202502,283,290,참새공원(백곡경노당),ST-1229,서울특별시 구로구 고척로21길 85,참새공원(백곡경노당),37.505138,126.844337
종로구,307. 서울역사박물관 앞,202502,545,525,서울역사박물관 앞,ST-123,서울특별시 종로구 새문안로 55,서울역사박물관 앞,37.57,126.9711
구로구,1969. 궁동생태공원,202502,39,40,궁동생태공원,ST-1231,서울특별시 구로구 오리로 1352,궁동생태공원,37.501904,126.828964
구로구,1973. 오리로와 서해안도로 교차로 앞,202502,167,104,오리로와 서해안도로 교차로 앞,ST-1235,서울특별시 구로구 오리로 1181,오리로와 서해안도로 교차로 앞,37.488598,126.836494
구로구,1974. 신도림2차e편한세상아파트 203동 앞,202502,575,538,신도림2차e편한세상아파트 203동 앞,ST-1236,서울특별시 구로구 신도림로 16,신도림2차e편한세상아파트 203동 앞,37.50518,126.882538
구로구,1975. 대림역 1번 출입구 밑,202502,921,910,대림역 1번 출입구 밑,ST-1237,서울특별시 구로구 도림천로 351,대림역 1번 출입구 밑,37.492565,126.894753
구로구,1976. 남구로역 5번 출입구 앞,202502,432,250,남구로역 5번 출입구 앞,ST-1238,서울특별시 구로구 도림로 지하 7,남구로역 5번 출입구 앞,37.48568,126.886703
구로구,1977. 천왕역 1번 출입구 앞,202502,918,732,천왕역 1번 출입구 앞,ST-1239,서울특별시 구로구 오리로 지하 1154,천왕역 1번 출입구 앞,37.48621,126.838821
구로구,1979. 구로1동우체국 앞,202502,96,95,구로1동우체국 앞,ST-1241,서울특별시 구로구 구일로 64,구로1동우체국 앞,37.492031,126.873772
강남구,2383. 보금자리정원,202502,114,137,보금자리정원,ST-1248,서울특별시 강남구 헌릉로569길 39-6,보금자리정원,37.466328,127.094887
강서구,1158. 가양역 8번출구,202502,2022,2135,가양역 8번출구,ST-1249,서울특별시 강서구 양천로 지하 485,가양역 8번출구,37.561035,126.854813
강서구,1162. 공항초등학교건너편,202502,1688,1675,공항초등학교건너편,ST-1253,서울특별시 강서구 마곡서1로 68,공항초등학교건너편,37.562679,126.820473
관악구,2164. 관악우체국,202502,355,354,관악우체국,ST-1259,서울특별시 관악구 남부순환로 1641,관악우체국,37.484768,126.932877
중구,310. 청계광장 옆,202502,582,611,청계광장 옆,ST-126,서울특별시 중구 세종대로 136,청계광장 옆,37.568878,126.97747
관악구,2165. JK장평타워,202502,140,96,JK장평타워,ST-1260,서울특별시 관악구 남부순환로 1943,JK장평타워,37.476482,126.965363
관악구,2167. 낙성대역 1번출구,202502,142,142,낙성대역 1번출구,ST-1262,서울특별시 관악구 남부순환로 1944,낙성대역 1번출구,37.476295,126.964958
관악구,2169. 봉천역 2번출구,202502,483,549,봉천역 2번출구,ST-1264,서울특별시 관악구 남부순환로 1728,봉천역 2번출구,37.482189,126.942131
광진구,3517. 용마사거리,202502,767,855,용마사거리,ST-1266,서울특별시 광진구 능동로 373,용마사거리,37.562527,127.082275
관악구,2172. 나들목공원,202502,199,190,나들목공원,ST-1267,서울특별시 관악구 신림로 41,나들목공원,37.469406,126.944511
관악구,2173. 당곡사거리,202502,1060,1051,당곡사거리,ST-1268,서울특별시 관악구 보라매로 3,당곡사거리,37.48975,126.927467
관악구,2174. 삼성디지털프라자관악점,202502,338,333,삼성디지털프라자관악점,ST-1269,서울특별시 관악구 신림로 386,삼성디지털프라자관악점,37.488564,126.928482
관악구,2175. 신림동걷고싶은문화의거리입구,202502,492,497,신림동걷고싶은문화의거리입구,ST-1270,서울특별시 관악구 신림로 369,신림동걷고싶은문화의거리입구,37.487301,126.928703
구로구,1983. 구로동롯데아파트,202502,445,427,구로동롯데아파트,ST-1273,서울특별시 구로구 새말로 31,구로동롯데아파트,37.502548,126.883881
구로구,1985. 구로도서관,202502,2092,1884,구로도서관,ST-1275,서울특별시 구로구 공원로 15,구로도서관,37.498516,126.891991
금천구,1849. 대륭포스트타워5차,202502,271,272,대륭포스트타워5차,ST-1276,서울특별시 금천구 디지털로9길 68,대륭포스트타워5차,37.481354,126.88694
금천구,1850. 코오롱테크노밸리,202502,202,212,코오롱테크노밸리,ST-1277,서울특별시 금천구 디지털로9길 56,코오롱테크노밸리,37.48016,126.886368
노원구,1661. 당현천근린공원,202502,862,793,당현천근린공원,ST-1278,서울특별시 노원구 동일로 1342,당현천근린공원,37.649639,127.065605
노원구,1663. 동해문화예술관앞,202502,1011,973,동해문화예술관앞,ST-1280,서울특별시 노원구 화랑로 429,동해문화예술관앞,37.619381,127.057854
노원구,1664. 노해근린공원내,202502,278,235,노해근린공원내,ST-1281,서울특별시 노원구 노원로22길 1,노해근린공원내,37.649361,127.070442
노원구,1666. 노원소방서인근,202502,450,319,노원소방서인근,ST-1283,서울특별시 노원구 노원로26길 111,노원소방서인근,37.655781,127.071777
노원구,1667. 중계중학교,202502,966,820,중계중학교,ST-1284,서울특별시 노원구 덕릉로76길 23,중계중학교,37.654499,127.074387
노원구,1669. 중계역 3번출구,202502,1061,1076,중계역 3번출구,ST-1286,서울특별시 노원구 동일로 지하 1308-1,중계역 3번출구,37.643528,127.065224
노원구,1670. 노원경찰서교차로,202502,638,601,노원경찰서교차로,ST-1287,서울특별시 노원구 노원로 283,노원경찰서교차로,37.64341,127.071838
노원구,1671. 인덕대학교,202502,297,290,인덕대학교,ST-1288,서울특별시 노원구 초안산로 12,인덕대학교,37.629349,127.054825
노원구,1672. 상계동수락리버시티,202502,217,248,상계동수락리버시티,ST-1289,서울특별시 노원구 누원로 18,상계동수락리버시티,37.688599,127.053406
노원구,1674. 서울북부고용센터앞,202502,1345,1420,서울북부고용센터앞,ST-1291,서울특별시 노원구 노해로 450,서울북부고용센터앞,37.653549,127.058083
도봉구,1722. 창동청소년수련관,202502,529,507,창동청소년수련관,ST-1292,서울특별시 도봉구 노해로69길 132,창동청소년수련관,37.657799,127.050049
도봉구,1723. 방학동학마을도서관,202502,237,214,방학동학마을도서관,ST-1293,서울특별시 도봉구 시루봉로 128,방학동학마을도서관,37.662079,127.027718
도봉구,1725. 창1동주민센터,202502,171,214,창1동주민센터,ST-1295,서울특별시 도봉구 해등로 46,창1동주민센터,37.647503,127.043312
도봉구,1727. 서울도봉초등학교인근,202502,244,209,서울도봉초등학교인근,ST-1297,서울특별시 도봉구 도봉로173길 96,서울도봉초등학교인근,37.678677,127.040764
동대문구,648. 장안동위더스빌옆,202502,1364,1368,장안동위더스빌옆,ST-1300,서울특별시 동대문구 한천로 42,장안동위더스빌옆,37.5667,127.062424
동대문구,650. 중랑교사거리,202502,535,455,중랑교사거리,ST-1302,서울특별시 동대문구 망우로 131,중랑교사거리,37.591534,127.067741
서초구,2285. LH서초3단지 301동 맞은편,202502,96,96,LH서초3단지 301동 맞은편,ST-1311,서울특별시 서초구 양재대로2길 33,LH서초3단지 301동 맞은편,37.457424,127.022652
서초구,2286. 탑성마을입구,202502,17,2,탑성마을입구,ST-1312,서울특별시 서초구 탑성말길 2,탑성마을입구,37.45855,127.055885
서초구,2287. 능안마을입구,202502,20,6,능안마을입구,ST-1313,서울특별시 서초구 능안말길 1-2,능안마을입구,37.45562,127.067101
서초구,2289. 남태령역 2번출구,202502,57,19,남태령역 2번출구,ST-1315,서울특별시 서초구 과천대로 810,남태령역 2번출구,37.464298,126.988525
성북구,1354. 고려대학교 2번출구,202502,607,604,고려대학교 2번출구,ST-1317,서울특별시 성북구 종암로 지하 1,고려대학교 2번출구,37.590714,127.036194
종로구,316. 종각역 1번출구 앞,202502,1098,1061,종각역 1번출구 앞,ST-132,서울특별시 종로구 종로 47,종각역 1번출구 앞,37.570396,126.981789
영등포구,278. 쌍용플레티넘오피스텔,202502,1264,1091,쌍용플레티넘오피스텔,ST-1323,서울특별시 영등포구 도영로 18,쌍용플레티넘오피스텔,37.507931,126.895233
용산구,828. 숙대입구역 8번,202502,391,525,숙대입구역 8번,ST-1325,서울특별시 용산구 한강대로 289,숙대입구역 8번,37.544079,126.972
은평구,954. 은평뉴타운구파발9단지,202502,226,253,은평뉴타운구파발9단지,ST-1329,서울특별시 은평구 진관3로 77,은평뉴타운구파발9단지,37.642609,126.921478
중랑구,1449. 상봉역 1번출구,202502,1129,1192,상봉역 1번출구,ST-1332,서울특별시 중랑구 망우로 297,상봉역 1번출구,37.596558,127.085838
중랑구,1451. 중랑세무서,202502,984,1077,중랑세무서,ST-1334,서울특별시 중랑구 망우로 176,중랑세무서,37.592758,127.07267
관악구,2171. 서울대입구역 5번출구,202502,452,479,서울대입구역 5번출구,ST-1337,서울특별시 관악구 남부순환로 1817,서울대입구역 5번출구,37.481548,126.952003
강서구,1165. 마곡중학교 후문,202502,925,608,마곡중학교 후문,ST-1338,서울특별시 강서구 마곡중앙5로 58,마곡중학교 후문,37.568447,126.821648
용산구,832. 이촌1동 주민센터 뒤,202502,428,449,이촌1동 주민센터 뒤,ST-1339,서울특별시 용산구 이촌로71길 24,이촌1동 주민센터 뒤,37.521282,126.973465
용산구,836. 현대자동차서비스 앞,202502,282,251,현대자동차서비스 앞,ST-1343,서울특별시 용산구 원효로 74,현대자동차서비스 앞,37.531422,126.9515
중랑구,1453. 중랑캠핑숲,202502,45,54,중랑캠핑숲,ST-1345,서울특별시 중랑구 송림길 172,중랑캠핑숲,37.604603,127.109253
중랑구,1454. 한국전력공사(동대문 중랑지사),202502,437,450,한국전력공사(동대문 중랑지사),ST-1346,서울특별시 중랑구 동일로 862,한국전력공사(동대문 중랑지사),37.607349,127.07859
노원구,1675. 월계문화체육센터,202502,140,126,월계문화체육센터,ST-1348,서울특별시 노원구 월계로 280,월계문화체육센터,37.626942,127.05513
강서구,1166. 강서구립등빛도서관,202502,2765,2763,강서구립등빛도서관,ST-1351,서울특별시 강서구 강서로62길 48,강서구립등빛도서관,37.562569,126.842461
동작구,2064. 흑석한강푸르지오 106동앞,202502,9,8,흑석한강푸르지오 106동앞,ST-1355,서울특별시 동작구 흑석한강로 27,흑석한강푸르지오 106동앞,37.505356,126.966179
관악구,2176. 보라매공원 보도육교,202502,840,840,보라매공원 보도육교,ST-1357,서울특별시 관악구 신사로 132,보라매공원 보도육교,37.488991,126.916382
서초구,2293. SPC 앞,202502,316,277,SPC 앞,ST-1360,서울특별시 서초구 남부순환로 2620,SPC 앞,37.484798,127.036995
서초구,2294. 두상빌딩 앞,202502,610,617,두상빌딩 앞,ST-1361,서울특별시 서초구 언남길 87,두상빌딩 앞,37.475906,127.046242
강남구,2384. 자곡사거리,202502,841,853,자곡사거리,ST-1364,서울특별시 강남구 밤고개로 206,자곡사거리,37.476028,127.105942
강남구,2385. 학동역,202502,339,308,학동역,ST-1365,서울특별시 강남구 학동로 지하 180,학동역,37.51395,127.030151
송파구,1275. 거여초등학교 옆,202502,242,263,거여초등학교 옆,ST-1367,서울특별시 송파구 마천로25길 18,거여초등학교 옆,37.504589,127.139366
종로구,394. 경희궁 자이 3단지,202502,477,642,경희궁 자이 3단지,ST-1374,서울특별시 종로구 송월길 99,경희궁 자이 3단지,37.568855,126.964561
중랑구,1455. 상봉역 2번 출구,202502,1215,1363,상봉역 2번 출구,ST-1375,서울특별시 중랑구 망우로 297,상봉역 2번 출구,37.596329,127.085899
광진구,3520. 광진경찰서,202502,1418,1428,광진경찰서,ST-1378,서울특별시 광진구 자양로 167,광진경찰서,37.542519,127.084084
광진구,3521. 현대홈타운 뒷길,202502,96,62,현대홈타운 뒷길,ST-1379,서울특별시 광진구 아차산로69길 29,현대홈타운 뒷길,37.543427,127.096619
중구,322. 명동성당 앞,202502,341,303,명동성당 앞,ST-138,서울특별시 중구 명동길 74,명동성당 앞,37.564476,126.986969
중랑구,1456. 상아빌딩(우림시장 교차로),202502,542,625,상아빌딩(우림시장 교차로),ST-1380,서울특별시 중랑구 용마산로 494,상아빌딩(우림시장 교차로),37.595112,127.100327
중랑구,1457. 동원사거리,202502,276,268,동원사거리,ST-1381,서울특별시 중랑구 겸재로 229,동원사거리,37.58976,127.093239
성북구,1357. 북한산보국문역,202502,94,98,북한산보국문역,ST-1383,서울특별시 성북구 보국문로 91,북한산보국문역,37.612072,127.008133
성북구,1358. 정릉도서관 앞,202502,134,140,정릉도서관 앞,ST-1384,서울특별시 성북구 보국문로 7-10,정릉도서관 앞,37.60479,127.010582
성북구,1360. 정릉역,202502,223,224,정릉역,ST-1386,서울특별시 성북구 정릉로 272,정릉역,37.603096,127.013504
강북구,1537. 북한산 우이역,202502,191,154,북한산 우이역,ST-1387,서울특별시 강북구 삼양로 670,북한산 우이역,37.663666,127.012428
강북구,1538. 솔밭공원역,202502,61,69,솔밭공원역,ST-1388,서울특별시 강북구 삼양로 595,솔밭공원역,37.656158,127.013138
강북구,1540. 가오리역,202502,459,465,가오리역,ST-1390,서울특별시 강북구 삼양로 426,가오리역,37.64167,127.016884
강북구,1541. 삼양역,202502,84,76,삼양역,ST-1391,서울특별시 강북구 삼양로 263,삼양역,37.62653,127.018059
강북구,1542. 삼양사거리역,202502,205,204,삼양사거리역,ST-1392,서울특별시 강북구 삼양로 197,삼양사거리역,37.621552,127.02037
노원구,1678. 성서대학교 밀알관,202502,48,48,성서대학교 밀알관,ST-1394,서울특별시 노원구 동일로214길 32,성서대학교 밀알관,37.648438,127.064446
노원구,1679. 삼육대 도서관,202502,55,22,삼육대 도서관,ST-1395,서울특별시 노원구 화랑로 815,삼육대 도서관,37.64283,127.106667
양천구,752. 성원2차 아파트,202502,477,362,성원2차 아파트,ST-1400,서울특별시 양천구 목동중앙남로 100,성원2차 아파트,37.542183,126.863304
서초구,2297. 남부터미널역 1번출구,202502,320,287,남부터미널역 1번출구,ST-1404,서울특별시 서초구 서초중앙로 38,남부터미널역 1번출구,37.485672,127.015923
서초구,2299. 한전아트센터 앞,202502,302,342,한전아트센터 앞,ST-1406,서울특별시 서초구 효령로72길 60,한전아트센터 앞,37.486469,127.028061
강남구,2387. 래미안강남힐즈 사거리,202502,340,348,래미안강남힐즈 사거리,ST-1407,서울특별시 강남구 자곡로 101,래미안강남힐즈 사거리,37.472454,127.096077
송파구,1279. 마천금호어울림 1차아파트 건너편,202502,129,123,마천금호어울림 1차아파트 건너편,ST-1410,서울특별시 송파구 성내천로39길 4,마천금호어울림 1차아파트 건너편,37.497517,127.154678
송파구,1280. 송파파크데일 2단지입구 앞 주차장,202502,211,204,송파파크데일 2단지입구 앞 주차장,ST-1411,서울특별시 송파구 성내천로47길 23,송파파크데일 2단지입구 앞 주차장,37.495659,127.157173
송파구,1282. 송파소방서 맞은편(성내4교),202502,774,873,송파소방서 맞은편(성내4교),ST-1413,서울특별시 송파구 오금로51길 56,송파소방서 맞은편(성내4교),37.499874,127.141479
송파구,1285. 위례별 유치원 뒤,202502,171,170,위례별 유치원 뒤,ST-1416,서울특별시 송파구 위례광장로 136,위례별 유치원 뒤,37.47747,127.144592
송파구,1286. 위례중앙푸르지오 1단지 앞,202502,503,514,위례중앙푸르지오 1단지 앞,ST-1417,서울특별시 송파구 위례광장로 120,위례중앙푸르지오 1단지 앞,37.474377,127.140671
송파구,1288. 문정중교 사거리,202502,595,461,문정중교 사거리,ST-1419,서울특별시 송파구 송이로 238,문정중교 사거리,37.487999,127.131088
종로구,326. 안국역 5번출구 앞,202502,616,561,안국역 5번출구 앞,ST-142,서울특별시 종로구 율곡로 지하62,안국역 5번출구 앞,37.576241,126.98616
강북구,1543. 수유1동 주민센터,202502,323,322,수유1동 주민센터,ST-1423,서울특별시 강북구 삼양로 299,수유1동 주민센터,37.630188,127.017738
노원구,1681. 현대6차 아파트,202502,870,571,현대6차 아파트,ST-1425,서울특별시 노원구 중계로8길 20,현대6차 아파트,37.645802,127.08226
광진구,3510. 중곡SK아파트앞,202502,324,205,중곡SK아파트앞,ST-1427,서울특별시 광진구 용마산로32길 32,중곡SK아파트앞,37.568649,127.08625
광진구,3523. 건국대학교 과학관(이과대) 앞,202502,244,244,건국대학교 과학관(이과대) 앞,ST-1429,서울특별시 광진구 능동로 120,건국대학교 과학관(이과대) 앞,37.541718,127.08017
종로구,327. 낙원상가 옆,202502,670,774,낙원상가 옆,ST-143,서울특별시 종로구 삼일대로 428,낙원상가 옆,37.573357,126.987465
종로구,397. 종묘공영주차장 건너편,202502,158,134,종묘공영주차장 건너편,ST-1432,서울특별시 종로구 종로 지하 200,종묘공영주차장 건너편,37.57048,126.996635
강남구,2388. 강남구 도시관리공단,202502,270,142,강남구 도시관리공단,ST-1433,서울특별시 강남구 삼성로 628,강남구 도시관리공단,37.516785,127.051613
중구,399. 서울역 센트럴 자이아파트,202502,624,321,서울역 센트럴 자이아파트,ST-1436,서울특별시 중구 만리재로 175,서울역 센트럴 자이아파트,37.554108,126.965408
중구,428. 명보사거리,202502,269,247,명보사거리,ST-1437,서울특별시 중구 을지로 지하 129,명보사거리,37.5644,126.991432
중구,429. 송도병원,202502,58,10,송도병원,ST-1438,서울특별시 중구 다산로 59-1,송도병원,37.549889,127.007347
종로구,328. 탑골공원 앞,202502,349,347,탑골공원 앞,ST-144,서울특별시 종로구 종로 99,탑골공원 앞,37.570396,126.98819
용산구,839. 보광동 삼성리버빌아파트 앞,202502,188,178,보광동 삼성리버빌아파트 앞,ST-1441,서울특별시 용산구 보광로5길 40,보광동 삼성리버빌아파트 앞,37.52401,127.00145
용산구,840. 용산 파크타워 앞,202502,215,240,용산 파크타워 앞,ST-1442,서울특별시 용산구 서빙고로 67,용산 파크타워 앞,37.523651,126.970268
용산구,841. 신용산역 1번 출구,202502,501,702,신용산역 1번 출구,ST-1443,서울특별시 용산구 한강대로 100,신용산역 1번 출구,37.52961,126.968872
용산구,844. 이촌2동 동원베네스트 아파트 앞,202502,483,487,이촌2동 동원베네스트 아파트 앞,ST-1446,서울특별시 용산구 이촌로14길 7,이촌2동 동원베네스트 아파트 앞,37.527149,126.955162
동대문구,652. 답십리 래미안엘파인아파트 입구,202502,384,377,답십리 래미안엘파인아파트 입구,ST-1447,서울특별시 동대문구 사가정로 190,답십리 래미안엘파인아파트 입구,37.57653,127.065941
동대문구,654. 전농동 텃골공원,202502,424,246,전농동 텃골공원,ST-1449,서울특별시 동대문구 사가정로 65,전농동 텃골공원,37.577621,127.052109
성북구,1363. 보문4교 인근,202502,952,882,보문4교 인근,ST-1455,서울특별시 성북구 보문로22길 28,보문4교 인근,37.583752,127.02195
성북구,1364. 성북동 치안센터 앞,202502,289,269,성북동 치안센터 앞,ST-1456,서울특별시 성북구 성북로 25,성북동 치안센터 앞,37.590172,127.004089
성북구,1365. 선잠단지 앞,202502,141,84,선잠단지 앞,ST-1457,서울특별시 성북구 성북로 102-10,선잠단지 앞,37.593361,126.999092
성북구,1366. 일신초등학교 옆,202502,112,109,일신초등학교 옆,ST-1458,서울특별시 성북구 월곡로 74,일신초등학교 옆,37.59972,127.040382
도봉구,1730. 도봉산역 교차로 앞,202502,65,86,도봉산역 교차로 앞,ST-1462,서울특별시 도봉구 도봉산길 10,도봉산역 교차로 앞,37.687592,127.045502
도봉구,1733. 방학사거리 (봄마당 앞),202502,312,258,방학사거리 (봄마당 앞),ST-1465,서울특별시 도봉구 방학로 102,방학사거리 (봄마당 앞),37.662979,127.041939
도봉구,1734. 쌍문현대1차아파트 108동 앞,202502,348,292,쌍문현대1차아파트 108동 앞,ST-1466,서울특별시 도봉구 해등로 218,쌍문현대1차아파트 108동 앞,37.65815,127.032669
도봉구,"1735. 도봉역 1,2번 출구사이 건너편",202502,376,363,"도봉역 1,2번 출구사이 건너편",ST-1467,서울특별시 도봉구 도봉로170길 2,"도봉역 1,2번 출구사이 건너편",37.679119,127.044983
도봉구,1736. 버스정류장 앞,202502,167,146,버스정류장 앞,ST-1468,서울특별시 도봉구 도봉로 528,버스정류장 앞,37.652241,127.037064
중구,331. 을지로2가 사거리 북측,202502,533,647,을지로2가 사거리 북측,ST-147,서울특별시 중구 을지로 79,을지로2가 사거리 북측,37.566383,126.987206
도봉구,1738. 창동주공17단지 상가앞,202502,691,712,창동주공17단지 상가앞,ST-1470,서울특별시 도봉구 덕릉로 404,창동주공17단지 상가앞,37.646309,127.052742
노원구,1683. 노원문화예술회관,202502,879,890,노원문화예술회관,ST-1473,서울특별시 노원구 중계로 181,노원문화예술회관,37.650459,127.080887
노원구,1685. 불암고등학교 앞 횡단보도,202502,622,621,불암고등학교 앞 횡단보도,ST-1475,서울특별시 노원구 중계로 155,불암고등학교 앞 횡단보도,37.64819,127.080482
중구,332. 을지로2가 사거리 남측,202502,558,563,을지로2가 사거리 남측,ST-148,서울특별시 중구 을지로 100,을지로2가 사거리 남측,37.56599,126.987793
은평구,960. 구파발역 환승센터,202502,300,381,구파발역 환승센터,ST-1481,서울특별시 은평구 진관2로 지하 15-25,구파발역 환승센터,37.638252,126.919456
은평구,961. 불광역 9번 출구,202502,445,443,불광역 9번 출구,ST-1482,서울특별시 은평구 통일로 732,불광역 9번 출구,37.61097,126.92981
은평구,965. 서울특별시 은평병원,202502,298,77,서울특별시 은평병원,ST-1486,서울특별시 은평구 백련산로 90,서울특별시 은평병원,37.593479,126.923187
은평구,968. 은평뉴타운 상림마을 13단지,202502,61,56,은평뉴타운 상림마을 13단지,ST-1489,서울특별시 은평구 진관4로 48-50,은평뉴타운 상림마을 13단지,37.64209,126.929413
서대문구,3103. 홍제삼거리 북측,202502,301,307,홍제삼거리 북측,ST-1491,서울특별시 서대문구 통일로 지하 440-1,홍제삼거리 북측,37.5867,126.94677
서대문구,3104. e편한세상 신촌4단지 앞,202502,294,297,e편한세상 신촌4단지 앞,ST-1492,서울특별시 마포구 신촌로 지하 270,e편한세상 신촌4단지 앞,37.558128,126.956207
서대문구,3105. 홍은센트레빌 아파트 앞,202502,121,47,홍은센트레빌 아파트 앞,ST-1493,서울특별시 서대문구 통일로 553,홍은센트레빌 아파트 앞,37.597149,126.93853
마포구,432. 마포중앙도서관,202502,148,25,마포중앙도서관,ST-1494,서울특별시 마포구 성산로 128,마포중앙도서관,37.563339,126.908203
양천구,756. 목동주차장,202502,633,757,목동주차장,ST-1497,서울특별시 양천구 목동동로 298,목동주차장,37.52668,126.876167
양천구,757. 신정이펜하우스 1단지아파트 입구 사거리,202502,354,158,신정이펜하우스 1단지아파트 입구 사거리,ST-1498,서울특별시 양천구 신정이펜1로 99,신정이펜하우스 1단지아파트 입구 사거리,37.514278,126.828743
양천구,758. 한사랑교회 앞,202502,591,586,한사랑교회 앞,ST-1499,서울특별시 양천구 목동동로 33,한사랑교회 앞,37.514721,126.8592
종로구,334. 종로3가역 2번출구 뒤,202502,693,657,종로3가역 2번출구 뒤,ST-150,서울특별시 종로구 종로 지하129,종로3가역 2번출구 뒤,37.570599,126.991791
양천구,759. 보아스아파트 앞,202502,447,449,보아스아파트 앞,ST-1500,서울특별시 양천구 오목로3길 32,보아스아파트 앞,37.524071,126.8386
양천구,760. 잣절보도육교 아래,202502,310,250,잣절보도육교 아래,ST-1501,서울특별시 양천구 남부순환로 699,잣절보도육교 아래,37.506821,126.844299
양천구,763. 목동11단지 아파트,202502,554,498,목동11단지 아파트,ST-1504,서울특별시 양천구 목동동로 10,목동11단지 아파트,37.510658,126.859161
강서구,1169. 염창역 1번 출구,202502,1110,1181,염창역 1번 출구,ST-1506,서울특별시 강서구 공항대로 625,염창역 1번 출구,37.547199,126.874489
강서구,1172. 가양3동 주민센터,202502,921,992,가양3동 주민센터,ST-1509,서울특별시 강서구 허준로 202,가양3동 주민센터,37.561249,126.86058
강서구,1173. 강서구청사거리(SH타워),202502,1898,1719,강서구청사거리(SH타워),ST-1510,서울특별시 강서구 공항대로 411,강서구청사거리(SH타워),37.556736,126.853073
강서구,1175. 대한항공 인력개발센터,202502,684,491,대한항공 인력개발센터,ST-1512,서울특별시 강서구 공항대로 453,대한항공 인력개발센터,37.554379,126.857536
강서구,1178. 개화산역 2번 출구,202502,350,352,개화산역 2번 출구,ST-1515,서울특별시 강서구 양천로 22,개화산역 2번 출구,37.572472,126.806168
강서구,1180. 마곡엠밸리 15단지(1502동) 건너편,202502,1760,1813,마곡엠밸리 15단지(1502동) 건너편,ST-1517,서울특별시 강서구 마곡중앙로 36,마곡엠밸리 15단지(1502동) 건너편,37.557468,126.82972
강서구,1182. KBS 스포츠월드,202502,2106,2087,KBS 스포츠월드,ST-1519,서울특별시 강서구 공항대로 376,KBS 스포츠월드,37.556877,126.848808
구로구,1987. 개봉아이파크아파트 앞,202502,452,495,개봉아이파크아파트 앞,ST-1522,서울특별시 구로구 개봉로2길 133-15,개봉아이파크아파트 앞,37.490341,126.860931
구로구,1988. 고척LIGA아파트 앞,202502,1056,1028,고척LIGA아파트 앞,ST-1523,서울특별시 구로구 중앙로 100,고척LIGA아파트 앞,37.50605,126.860786
구로구,1992. 구로구배드민턴실내체육관 앞,202502,144,165,구로구배드민턴실내체육관 앞,ST-1527,서울특별시 구로구 경인로15길 75,구로구배드민턴실내체육관 앞,37.491798,126.83242
구로구,1993. 금강수목원아파트 앞,202502,347,333,금강수목원아파트 앞,ST-1528,서울특별시 구로구 오리로 1197,금강수목원아파트 앞,37.48938,126.834198
구로구,1994. 삼성전자 물류센터 앞,202502,903,884,삼성전자 물류센터 앞,ST-1529,서울특별시 구로구 구일로 126,삼성전자 물류센터 앞,37.496998,126.87178
종로구,337. 창경궁 입구,202502,288,286,창경궁 입구,ST-153,서울특별시 종로구 창경궁로 185,창경궁 입구,37.578979,126.996475
구로구,1996. 구일역 1번 출입구 앞,202502,708,711,구일역 1번 출입구 앞,ST-1240,서울특별시 구로구 구일로 133,구일역 1번 출입구 앞,0.0,0.0
금천구,1853. 서울디자인직업전문학교 앞,202502,251,229,서울디자인직업전문학교 앞,ST-1534,서울특별시 금천구 가산로 70,서울디자인직업전문학교 앞,37.472481,126.895866
금천구,1854. 가산아네스트 오피스텔 앞,202502,444,161,가산아네스트 오피스텔 앞,ST-1535,서울특별시 금천구 남부순환로 1314,가산아네스트 오피스텔 앞,37.47818,126.897408
금천구,1855. 성지아파트 옆 도로변,202502,69,76,성지아파트 옆 도로변,ST-1536,서울특별시 금천구 시흥대로51길 55,성지아파트 옆 도로변,37.451321,126.897621
금천구,1856. 모두의학교,202502,237,200,모두의학교,ST-1537,서울특별시 금천구 남부순환로128길 42,모두의학교,37.478409,126.907372
금천구,1857. 주공14단지,202502,169,161,주공14단지,ST-1538,서울특별시 금천구 한내로 69-54,주공14단지,37.46056,126.887093
종로구,338. 세운스퀘어 앞,202502,325,327,세운스퀘어 앞,ST-154,서울특별시 종로구 창경궁로 109,세운스퀘어 앞,37.570957,126.997124
동작구,2068. 총신대 앞(육교),202502,83,16,총신대 앞(육교),ST-1544,서울특별시 동작구 동작대로 지하 3,총신대 앞(육교),37.488159,126.966476
동작구,2070. 노량진역 2번 출구 앞,202502,460,507,노량진역 2번 출구 앞,ST-1545,서울특별시 동작구 노량진로 155,노량진역 2번 출구 앞,37.51392,126.943069
관악구,2179. 양녕로 입구,202502,370,378,양녕로 입구,ST-1548,서울특별시 관악구 남부순환로 1761,양녕로 입구,37.482189,126.946159
종로구,339. 종로4가 사거리,202502,597,574,종로4가 사거리,ST-155,서울특별시 종로구 종로 185,종로4가 사거리,37.571068,126.998192
서초구,2501. 서초 포레스타5단지,202502,212,205,서초 포레스타5단지,ST-1552,서울특별시 서초구 청계산로7길 43,서초 포레스타5단지,37.450661,127.05706
서초구,2502. 서초역1번출구 앞,202502,209,170,서초역1번출구 앞,ST-1553,서울특별시 서초구 서초대로 248,서초역1번출구 앞,37.491951,127.008553
서초구,2503. 반포1동 서초빌딩 앞,202502,599,617,반포1동 서초빌딩 앞,ST-1554,서울특별시 서초구 사평대로 349,반포1동 서초빌딩 앞,37.503811,127.021362
서초구,2504. 신사역 4번출구 뒤,202502,454,350,신사역 4번출구 뒤,ST-1555,서울특별시 서초구 강남대로 605,신사역 4번출구 뒤,37.515881,127.019302
서초구,2506. LG유플러스 (방배사옥),202502,44,24,LG유플러스 (방배사옥),ST-1557,서울특별시 서초구 효령로 58,LG유플러스 (방배사옥),37.479092,126.990677
강남구,2389. 경기여자고등학교 후문 (삼성로3길 입구),202502,323,323,경기여자고등학교 후문 (삼성로3길 입구),ST-1559,서울특별시 강남구 개포로 지하 420,경기여자고등학교 후문 (삼성로3길 입구),37.48616,127.067238
종로구,340. 혜화동 로터리,202502,653,701,혜화동 로터리,ST-156,서울특별시 종로구 창경궁로 271-1,혜화동 로터리,37.585629,127.000679
강남구,2390. 구룡마을 입구 (래미안블레스티지 아파트),202502,294,282,구룡마을 입구 (래미안블레스티지 아파트),ST-1560,서울특별시 강남구 양재대로 478,구룡마을 입구 (래미안블레스티지 아파트),37.480881,127.063042
강남구,2396. 영동3교 북단(우성캐릭터 앞 보도),202502,177,175,영동3교 북단(우성캐릭터 앞 보도),ST-1566,서울특별시 강남구 언주로 118,영동3교 북단(우성캐릭터 앞 보도),37.485741,127.051048
강남구,2398. 더라움,202502,156,129,더라움,ST-1568,서울특별시 강남구 언주로 564,더라움,37.50811,127.039452
종로구,341. 혜화역 3번출구 뒤,202502,624,650,혜화역 3번출구 뒤,ST-157,서울특별시 종로구 대학로 지하120,혜화역 3번출구 뒤,37.58157,127.001785
강남구,2401. 밀알학교 입구 (삼성서울병원 입구),202502,130,87,밀알학교 입구 (삼성서울병원 입구),ST-1571,서울특별시 강남구 일원로 90,밀알학교 입구 (삼성서울병원 입구),37.486561,127.082672
강남구,2403. 공무원연금매점 교차로 (개포주공9단지 입구),202502,328,324,공무원연금매점 교차로 (개포주공9단지 입구),ST-1573,서울특별시 강남구 영동대로4길 10,공무원연금매점 교차로 (개포주공9단지 입구),37.48872,127.074539
강남구,2404. 대모산입구역 4번 출구 앞,202502,728,718,대모산입구역 4번 출구 앞,ST-1574,서울특별시 강남구 개포로 지하 522,대모산입구역 4번 출구 앞,37.49181,127.073158
강남구,2405. 청담공원앞 교차로,202502,433,125,청담공원앞 교차로,ST-1575,서울특별시 강남구 학동로 지하 346,청담공원앞 교차로,37.518711,127.05085
강남구,2406. 논현동 광명빌딩 앞,202502,148,139,논현동 광명빌딩 앞,ST-1576,서울특별시 강남구 도산대로 138,논현동 광명빌딩 앞,37.517571,127.023643
강남구,2408. 강남한양수자인아파트,202502,578,609,강남한양수자인아파트,ST-1578,서울특별시 강남구 자곡로 260,강남한양수자인아파트,37.477341,127.113274
송파구,1291. 서울체육고등학교 앞,202502,523,585,서울체육고등학교 앞,ST-1580,서울특별시 송파구 강동대로 232,서울체육고등학교 앞,37.521938,127.131866
송파구,1295. 잠실역 8번출구,202502,1575,1563,잠실역 8번출구,ST-1584,서울특별시 송파구 올림픽로 305,잠실역 8번출구,37.513962,127.100304
송파구,1296. 석촌호수교차로 (송파나루근린공원 앞),202502,248,229,석촌호수교차로 (송파나루근린공원 앞),ST-1585,서울특별시 송파구 석촌호수로12길 1-16,석촌호수교차로 (송파나루근린공원 앞),37.508678,127.103432
송파구,1297. 석촌호수교차로(동호 팔각정 앞),202502,1325,1372,석촌호수교차로(동호 팔각정 앞),ST-1586,서울특별시 송파구 석촌호수로12길 1-16,석촌호수교차로(동호 팔각정 앞),37.509201,127.104118
송파구,1299. 송파소방서 (방이119안전센터),202502,334,313,송파소방서 (방이119안전센터),ST-1588,서울특별시 송파구 강동대로 286,송파소방서 (방이119안전센터),37.519878,127.136711
송파구,1300. 오륜사거리,202502,333,323,오륜사거리,ST-1589,서울특별시 송파구 성내천로16길 17,오륜사거리,37.506939,127.139221
광진구,3528. 광진정보도서관,202502,622,723,광진정보도서관,ST-1602,서울특별시 광진구 아차산로78길 90,광진정보도서관,37.550598,127.110512
광진구,3529. 어린이대공원정문,202502,284,252,어린이대공원정문,ST-1603,서울특별시 광진구 능동로 216,어린이대공원정문,37.549789,127.075928
종로구,452. 동대문 종합시장 버스정류장,202502,435,461,동대문 종합시장 버스정류장,ST-1605,서울특별시 종로구 종로 239,동대문 종합시장 버스정류장,37.571239,127.00441
종로구,454. 종로2가 버스정류장 (종각방향),202502,564,599,종로2가 버스정류장 (종각방향),ST-1607,서울특별시 종로구 종로 79-1,종로2가 버스정류장 (종각방향),37.570358,126.986382
종로구,345. 서울보증보험본사 앞,202502,735,772,서울보증보험본사 앞,ST-161,서울특별시 종로구 김상옥로 29,서울보증보험본사 앞,37.573307,127.00071
성동구,3530. 왕십리자이아파트 후문(삼거리),202502,208,121,왕십리자이아파트 후문(삼거리),ST-1616,서울특별시 성동구 무학봉길 35,왕십리자이아파트 후문(삼거리),37.560146,127.02636
성동구,3531. 논골사거리(금호도서관 입구),202502,133,20,논골사거리(금호도서관 입구),ST-1617,서울특별시 성동구 난계로 20,논골사거리(금호도서관 입구),37.554779,127.024841
성동구,3532. 왕십리KCC스위첸아파트,202502,120,110,왕십리KCC스위첸아파트,ST-1618,서울특별시 성동구 무학봉길 35,왕십리KCC스위첸아파트,37.56068,127.026779
종로구,461. 서울지방경찰청,202502,504,510,서울지방경찰청,ST-1619,서울특별시 종로구 사직로8길 31,서울지방경찰청,37.574364,126.972366
동대문구,656. 영휘원 교차로,202502,469,555,영휘원 교차로,ST-1628,서울특별시 동대문구 홍릉로 78-1,영휘원 교차로,37.587238,127.043137
중구,347. 동대문역사문화공원역 9번출구 앞,202502,316,342,동대문역사문화공원역 9번출구 앞,ST-163,서울특별시 중구 장충단로 지하230,동대문역사문화공원역 9번출구 앞,37.565331,127.007843
동대문구,660. 동의보감타워,202502,1049,1169,동의보감타워,ST-1632,서울특별시 동대문구 왕산로 128,동의보감타워,37.577999,127.037628
성북구,1370. 복자사랑 피정의 집,202502,122,54,복자사랑 피정의 집,ST-1634,서울특별시 성북구 성북로 132-4,복자사랑 피정의 집,37.59454,126.995209
성북구,1372. KEB은행 고대점,202502,445,391,KEB은행 고대점,ST-1636,서울특별시 성북구 인촌로 113,KEB은행 고대점,37.586445,127.031601
도봉구,1741. 제일강산수산입구,202502,485,387,제일강산수산입구,ST-1638,서울특별시 도봉구 도봉로 444,제일강산수산입구,37.645199,127.032982
노원구,1688. 마들역 7번출구,202502,1194,1195,마들역 7번출구,ST-1639,서울특별시 노원구 동일로 지하 1530-1,마들역 7번출구,37.665661,127.057297
노원구,1689. 마들역 3번출구,202502,747,767,마들역 3번출구,ST-1640,서울특별시 노원구 동일로 지하 1530-1,마들역 3번출구,37.665249,127.057892
강서구,1184. 마곡13단지,202502,2161,2080,마곡13단지,ST-1645,서울특별시 강서구 방화대로7길 6,마곡13단지,37.55645,126.815979
강서구,1185. 등촌9단지,202502,895,779,등촌9단지,ST-1646,서울특별시 강서구 화곡로63가길 92,등촌9단지,37.562901,126.849472
강서구,1186. 송정중학교,202502,657,660,송정중학교,ST-1647,서울특별시 강서구 방화대로5길 7,송정중학교,37.554729,126.816093
영등포구,283. 아크로타워 스퀘어(영등포시장),202502,1575,1444,아크로타워 스퀘어(영등포시장),ST-1649,서울특별시 영등포구 양산로 213,아크로타워 스퀘어(영등포시장),37.522518,126.907219
영등포구,284. 센트럴 푸르지오 시티 앞,202502,1141,1083,센트럴 푸르지오 시티 앞,ST-1650,서울특별시 영등포구 문래로 180,센트럴 푸르지오 시티 앞,37.518211,126.902229
영등포구,286. 우성아파트 교차로,202502,553,611,우성아파트 교차로,ST-1652,서울특별시 영등포구 대림로 153,우성아파트 교차로,37.494572,126.89975
영등포구,287. 영등포전화국사거리 (서강어린이공원),202502,1247,1236,영등포전화국사거리 (서강어린이공원),ST-1653,서울특별시 영등포구 영중로 107,영등포전화국사거리 (서강어린이공원),37.525768,126.905739
광진구,3536. 중앙농협(자양동),202502,1260,1275,중앙농협(자양동),ST-1663,서울특별시 광진구 뚝섬로 639,중앙농협(자양동),37.531811,127.080742
광진구,3537. 아차산 휴먼시아 아파트 옆,202502,229,95,아차산 휴먼시아 아파트 옆,ST-1664,서울특별시 광진구 천호대로 716,아차산 휴먼시아 아파트 옆,37.548489,127.093758
강북구,1546. 송천동우체국,202502,144,268,송천동우체국,ST-1665,서울특별시 강북구 도봉로 71,송천동우체국,37.615459,127.029701
동작구,2069. 숭실대 입구역3번 출구 앞,202502,192,169,숭실대 입구역3번 출구 앞,ST-1667,서울특별시 동작구 상도로 지하 378,숭실대 입구역3번 출구 앞,37.496601,126.953682
중구,435. SK 남산빌딩,202502,147,120,SK 남산빌딩,ST-1670,서울특별시 중구 퇴계로 33,SK 남산빌딩,37.556862,126.975616
노원구,1692. 온곡초교 교차로,202502,908,613,온곡초교 교차로,ST-1672,서울특별시 노원구 한글비석로 471,온곡초교 교차로,37.664188,127.06601
마포구,436. 이대역 5번출구,202502,513,88,이대역 5번출구,ST-1675,서울특별시 마포구 신촌로 지하 180,이대역 5번출구,37.556591,126.94619
강서구,1187. 강서수산물도매시장,202502,709,771,강서수산물도매시장,ST-1676,서울특별시 강서구 발산로 24,강서수산물도매시장,37.55302,126.818367
관악구,2183. 동방1교,202502,554,563,동방1교,ST-1678,서울특별시 관악구 신림로 144,동방1교,37.471828,126.933922
강남구,2409. 역삼동 디오슈페리움 (우성아파트 사거리),202502,402,423,역삼동 디오슈페리움 (우성아파트 사거리),ST-1679,서울특별시 강남구 강남대로 324,역삼동 디오슈페리움 (우성아파트 사거리),37.492062,127.030746
종로구,352. 중앙고입구 삼거리,202502,233,69,중앙고입구 삼거리,ST-168,서울특별시 종로구 창덕궁길 191,중앙고입구 삼거리,37.583416,126.985237
강남구,2410. 포스코피앤에스타워 (역삼역 3번출구 부근),202502,461,360,포스코피앤에스타워 (역삼역 3번출구 부근),ST-1680,서울특별시 강남구 테헤란로 134,포스코피앤에스타워 (역삼역 3번출구 부근),37.499599,127.033752
송파구,2609. 보성중고등학교 후문 앞,202502,110,97,보성중고등학교 후문 앞,ST-1682,서울특별시 송파구 양재대로 1278,보성중고등학교 후문 앞,37.520489,127.135201
강서구,1193. 마곡센트럴타워 1차,202502,1531,1681,마곡센트럴타워 1차,ST-1688,서울특별시 강서구 공항대로 227,마곡센트럴타워 1차,37.559471,126.832077
종로구,353. 재동초교 앞 삼거리,202502,475,461,재동초교 앞 삼거리,ST-169,서울특별시 종로구 재동 19,재동초교 앞 삼거리,37.579388,126.984947
마포구,438. 성산2-1 공영주차장,202502,649,495,성산2-1 공영주차장,ST-1692,서울특별시 마포구 모래내로 31,성산2-1 공영주차장,37.56472,126.906769
강서구,1199. 우장산역 3번출구,202502,627,428,우장산역 3번출구,ST-1694,서울특별시 강서구 강서로 247,우장산역 3번출구,37.547821,126.836128
강서구,1200. 개화광역환승센터,202502,169,143,개화광역환승센터,ST-1695,서울특별시 강서구 개화동로8길 38,개화광역환승센터,37.578449,126.798973
영등포구,289. 대림3동사거리,202502,748,720,대림3동사거리,ST-1697,서울특별시 영등포구 가마산로 352,대림3동사거리,37.499809,126.898003
종로구,354. 포르투갈 대사관 앞,202502,839,458,포르투갈 대사관 앞,ST-170,서울특별시 종로구 창덕궁1길 3,포르투갈 대사관 앞,37.579155,126.98896
영등포구,292. 영일 어린이공원,202502,892,872,영일 어린이공원,ST-1700,서울특별시 영등포구 도신로29길 28,영일 어린이공원,37.51012,126.904068
영등포구,293. 충북 미래관,202502,1555,1390,충북 미래관,ST-1701,서울특별시 영등포구 버드나루로 125,충북 미래관,37.529171,126.907578
강남구,2411. 세곡동 성당,202502,359,376,세곡동 성당,ST-1703,서울특별시 강남구 밤고개로21길 50,세곡동 성당,37.472969,127.112228
송파구,2614. 가락고등학교 앞,202502,212,174,가락고등학교 앞,ST-1706,서울특별시 송파구 송이로 42,가락고등학교 앞,37.501862,127.117233
송파구,2615. 테라타워2,202502,1284,1301,테라타워2,ST-1707,서울특별시 송파구 송파대로 201,테라타워2,37.48835,127.120781
강서구,1188. 롯데중앙연구소,202502,233,271,롯데중앙연구소,ST-1708,서울특별시 강서구 마곡중앙로 201,롯데중앙연구소,37.571381,126.828339
강서구,1190. 마곡역 교차로(2번출구),202502,1444,1439,마곡역 교차로(2번출구),ST-1709,서울특별시 강서구 공항대로 지하 163,마곡역 교차로(2번출구),37.560501,126.826653
강서구,1196. 서울식물원(문화센터) 건너편,202502,167,168,서울식물원(문화센터) 건너편,ST-1713,서울특별시 강서구 마곡동로 161,서울식물원(문화센터) 건너편,37.568241,126.835831
강서구,1198. LG 사이언스파크,202502,1197,1118,LG 사이언스파크,ST-1715,서울특별시 강서구 마곡중앙10로 10,LG 사이언스파크,37.56255,126.827438
송파구,2617. 가락삼환아파트 앞,202502,156,110,가락삼환아파트 앞,ST-1717,서울특별시 송파구 오금로 지하 402,가락삼환아파트 앞,37.496181,127.138031
송파구,2621. 한성백제역 2번 출구,202502,1114,1127,한성백제역 2번 출구,ST-1719,서울특별시 송파구 위례성대로 51,한성백제역 2번 출구,37.516659,127.116257
종로구,356. KT혜화지사 앞,202502,611,621,KT혜화지사 앞,ST-172,서울특별시 종로구 대학로 65,KT혜화지사 앞,37.577145,127.00206
송파구,2622. 올림픽공원역 3번출구,202502,2336,2330,올림픽공원역 3번출구,ST-1720,서울특별시 송파구 양재대로 지하 1233,올림픽공원역 3번출구,37.516258,127.130592
성북구,1375. 생명의 전화 종합복지관 앞 교차로,202502,535,532,생명의 전화 종합복지관 앞 교차로,ST-1723,서울특별시 성북구 오패산로 21,생명의 전화 종합복지관 앞 교차로,37.603909,127.037376
강북구,1548. 북서울 꿈의숲 서문,202502,212,116,북서울 꿈의숲 서문,ST-1725,서울특별시 강북구 월계로 173,북서울 꿈의숲 서문,37.622688,127.037811
도봉구,1742. 북한산 코오롱 하늘채,202502,762,768,북한산 코오롱 하늘채,ST-1726,서울특별시 도봉구 우이천로 367,북한산 코오롱 하늘채,37.648891,127.023018
송파구,2618. 삼전역 1번출구,202502,887,942,삼전역 1번출구,ST-1728,서울특별시 송파구 백제고분로 187,삼전역 1번출구,37.504711,127.087563
송파구,2619. 석촌고분역 4번출구,202502,896,979,석촌고분역 4번출구,ST-1729,서울특별시 송파구 백제고분로 272,석촌고분역 4번출구,37.502338,127.096443
송파구,2620. 송파나루역 4번 출구옆,202502,2234,2449,송파나루역 4번 출구옆,ST-1730,서울특별시 송파구 오금로 162,송파나루역 4번 출구옆,37.509979,127.112312
양천구,765. 오목교역 3번출구,202502,2896,3027,오목교역 3번출구,ST-1731,서울특별시 양천구 목동동로 270,오목교역 3번출구,37.524776,126.875481
구로구,2000. 신도림4차 e편한세상 아파트 1109동 앞,202502,711,659,신도림4차 e편한세상 아파트 1109동 앞,ST-1733,서울특별시 구로구 경인로65길 16-15,신도림4차 e편한세상 아파트 1109동 앞,37.512329,126.886833
금천구,1859. 대륭테크노타운 18차,202502,353,350,대륭테크노타운 18차,ST-1734,서울특별시 금천구 가산디지털1로 19,대륭테크노타운 18차,37.467999,126.886841
서초구,2510. JW타워,202502,187,101,JW타워,ST-1735,서울특별시 서초구 남부순환로 2477,JW타워,37.48304,127.021461
종로구,359. 원남동사거리,202502,686,771,원남동사거리,ST-174,서울특별시 종로구 율곡로 169,원남동사거리,37.576061,126.997681
동작구,2071. 대림아파트 후문 상가 옆,202502,322,47,대림아파트 후문 상가 옆,ST-1742,서울특별시 동작구 사당로23길 137,대림아파트 후문 상가 옆,37.488869,126.971909
종로구,361. 동묘앞역 1번출구 뒤,202502,1722,1886,동묘앞역 1번출구 뒤,ST-175,서울특별시 종로구 숭인동 81-39,동묘앞역 1번출구 뒤,37.573242,127.015907
종로구,464. 삼청동 골목,202502,527,410,삼청동 골목,ST-1756,서울특별시 종로구 팔판길 46,삼청동 골목,37.58419,126.981697
중구,443.호암아트홀,202502,102,115,호암아트홀,ST-1769,서울특별시 중구 세종대로7길 57-1 구두수선대207,호암아트홀,37.562111,126.970718
종로구,364. 창신역 1번출구 앞,202502,335,214,창신역 1번출구 앞,ST-178,서울특별시 종로구 지봉로 87,창신역 1번출구 앞,37.579334,127.015083
종로구,368. SK 서린빌딩 앞,202502,736,826,SK 서린빌딩 앞,ST-181,서울특별시 종로구 서린동 93-2,SK 서린빌딩 앞,37.569248,126.980537
중구,370. 시청역(2호선) 9번출구 뒤,202502,1078,978,시청역(2호선) 9번출구 뒤,ST-185,서울특별시 중구 서소문로 지하127,시청역(2호선) 9번출구 뒤,37.563229,126.974838
중구,371. 동대입구역 6번출구 뒤,202502,229,242,동대입구역 6번출구 뒤,ST-186,서울특별시 중구 동호로 지하256,동대입구역 6번출구 뒤,37.558872,127.005539
중구,379. 서울역9번출구,202502,414,490,서울역9번출구,ST-194,서울특별시 중구 세종대로 지하2,서울역9번출구,37.556,126.973358
중구,380. CJ제일제당 앞,202502,665,685,CJ제일제당 앞,ST-195,서울특별시 중구 동호로 330,CJ제일제당 앞,37.563866,127.002747
구로구,2817.천왕이펜하우스5단지 앞,202502,97,73,천왕이펜하우스5단지 앞,ST-1243,서울특별시 구로구 천왕로 10,천왕이펜하우스5단지 앞,37.479431,126.842697
중구,381. 장충체육관,202502,52,20,장충체육관,ST-196,서울특별시 중구 장충동2가 200-99,장충체육관,37.558533,127.006989
중구,382. 약수역 10번출구 앞,202502,123,132,약수역 10번출구 앞,ST-197,서울특별시 중구 신당동 357-1,약수역 10번출구 앞,37.555199,127.010048
마포구,142. 아현역 4번출구 앞,202502,362,371,아현역 4번출구 앞,ST-200,서울특별시 마포구 아현동 329-15,아현역 4번출구 앞,37.557201,126.955666
마포구,145. 공덕역 5번출구,202502,520,903,공덕역 5번출구,ST-203,서울특별시 마포구 공덕동 237-9,공덕역 5번출구,37.54425,126.951637
마포구,147. 마포역 4번출구 뒤,202502,997,1368,마포역 4번출구 뒤,ST-205,서울특별시 마포구 도화동 292-29,마포역 4번출구 뒤,37.539272,126.945915
마포구,148. 용강동 주민센터 앞,202502,492,510,용강동 주민센터 앞,ST-206,서울특별시 마포구 용강동 234-1,용강동 주민센터 앞,37.542347,126.943024
마포구,150. 서강대역 2번출구 앞,202502,463,533,서강대역 2번출구 앞,ST-207,서울특별시 마포구 노고산동 112-13,서강대역 2번출구 앞,37.552956,126.934341
마포구,153. 성산2교 사거리,202502,852,832,성산2교 사거리,ST-210,서울특별시 마포구 성산동 54-17,성산2교 사거리,37.564697,126.912613
마포구,154. 마포구청역 ,202502,986,1256,마포구청역,ST-211,서울특별시 마포구 망원동 477-23,마포구청역,37.560909,126.905495
마포구,157. 애오개역 4번출구 앞,202502,652,821,애오개역 4번출구 앞,ST-214,서울특별시 마포구 아현동 607-1,애오개역 4번출구 앞,37.553001,126.956688
서대문구,159. 이대역 4번 출구,202502,180,89,이대역 4번 출구,ST-216,서울특별시 서대문구 대현동 60-11,이대역 4번 출구,37.556953,126.946342
서대문구,161. 무악재역1번 출구,202502,80,84,무악재역1번 출구,ST-218,서울특별시 서대문구 통일로 380-4,무악재역1번 출구,37.582245,126.950645
서대문구,163. 명지전문대학교 정문 앞,202502,192,190,명지전문대학교 정문 앞,ST-220,서울특별시 서대문구 홍은동 산25-3,명지전문대학교 정문 앞,37.583698,126.924965
서대문구,164. 북가좌1동 주민센터 ,202502,213,157,북가좌1동 주민센터,ST-221,서울특별시 서대문구 북가좌동 477-1,북가좌1동 주민센터,37.574478,126.910049
서대문구,167. 연가초등학교 옆,202502,291,74,연가초등학교 옆,ST-224,서울특별시 서대문구 북가좌동 70-119,연가초등학교 옆,37.57946,126.91713
서대문구,169. 북가좌 삼거리,202502,274,238,북가좌 삼거리,ST-226,서울특별시 서대문구 북가좌동 400,북가좌 삼거리,37.573002,126.907799
서대문구,171. 임광빌딩 앞,202502,291,319,임광빌딩 앞,ST-228,서울특별시 서대문구 미근동 317-1,임광빌딩 앞,37.564724,126.967278
서대문구,173. 서대문역 8번출구 앞,202502,145,153,서대문역 8번출구 앞,ST-230,서울특별시 서대문구 충정로2가 138,서대문역 8번출구 앞,37.564777,126.966148
성동구,518. 청계천 박물관 앞,202502,469,440,청계천 박물관 앞,ST-234,서울특별시 성동구 마장동 610,청계천 박물관 앞,37.571526,127.035355
성동구,519. 양지사거리,202502,374,372,양지사거리,ST-235,서울특별시 성동구 홍익동 590,양지사거리,37.566994,127.029915
성동구,520. 상왕십리역 4번 출구 앞,202502,434,392,상왕십리역 4번 출구 앞,ST-236,서울특별시 성동구 하왕십리동 960-3,상왕십리역 4번 출구 앞,37.563858,127.030319
성동구,521. 왕십리역 11번 출구 앞,202502,631,634,왕십리역 11번 출구 앞,ST-237,서울특별시 성동구 행당동 188-9,왕십리역 11번 출구 앞,37.561447,127.03492
관악구,2189. 봉천역 4번출구,202502,528,557,봉천역 4번출구,ST-1258,서울특별시 관악구 남부순환로 1719,봉천역 4번출구,0.0,0.0
성동구,522. 금호역 1번출구 앞,202502,118,119,금호역 1번출구 앞,ST-238,서울특별시 성동구 금호동3가 1575-3,금호역 1번출구 앞,37.548641,127.016426
성동구,523. 옥수동성당 옆,202502,51,21,옥수동성당 옆,ST-239,서울특별시 성동구 옥수동 산5-148,옥수동성당 옆,37.543663,127.014061
성동구,524. 래미안금호하이리버 아파트 102동 옆,202502,151,120,래미안금호하이리버 아파트 102동 옆,ST-240,서울특별시 성동구 금호동2가 1220-1,래미안금호하이리버 아파트 102동 옆,37.5522,127.025055
성동구,525. 한양대병원사거리,202502,505,450,한양대병원사거리,ST-241,서울특별시 성동구 행당동 20-2,한양대병원사거리,37.558052,127.040352
성동구,526. 용답토속공원 앞,202502,559,551,용답토속공원 앞,ST-242,서울특별시 성동구 용답동 224-1,용답토속공원 앞,37.563511,127.056725
성동구,534. 금호사거리,202502,121,121,금호사거리,ST-246,서울특별시 성동구 금호동2가 1205-1,금호사거리,37.548634,127.025726
성동구,535. 응봉삼거리,202502,380,135,응봉삼거리,ST-247,서울특별시 성동구 응봉동 134-26,응봉삼거리,37.553986,127.033592
성동구,536. 행당역 2번출구 앞,202502,273,311,행당역 2번출구 앞,ST-248,서울특별시 성동구 행당동 347-11,행당역 2번출구 앞,37.55735,127.029213
성동구,538. 답십리역 8번출구 앞,202502,174,264,답십리역 8번출구 앞,ST-250,서울특별시 성동구 용답동 102-1,답십리역 8번출구 앞,37.56765,127.051155
성동구,550. 서울시설공단 앞,202502,833,811,서울시설공단 앞,ST-251,서울특별시 성동구 마장동 610,서울시설공단 앞,37.57164,127.03566
광진구,539. 군자교교차로,202502,716,720,군자교교차로,ST-252,서울특별시 광진구 중곡동 263-1,군자교교차로,37.559795,127.074203
광진구,540. 군자역 7번출구 베스트샵 앞,202502,968,971,군자역 7번출구 베스트샵 앞,ST-253,서울특별시 광진구 군자동 499,군자역 7번출구 베스트샵 앞,37.55603,127.078644
광진구,544. 광남중학교,202502,318,320,광남중학교,ST-256,서울특별시 광진구 광장동 561-15,광남중학교,37.54073,127.102905
광진구,546. 잠실대교북단 교차로,202502,902,899,잠실대교북단 교차로,ST-257,서울특별시 광진구 자양동 722,잠실대교북단 교차로,37.532478,127.085091
광진구,548. 자양나들목,202502,1250,1098,자양나들목,ST-258,서울특별시 광진구 자양동 738,자양나들목,37.52977,127.07486
광진구,549. 아차산역 3번출구,202502,1053,1038,아차산역 3번출구,ST-259,서울특별시 광진구 구의동 96,아차산역 3번출구,37.551224,127.089706
동대문구,600. 휘경2동 주민센터,202502,150,154,휘경2동 주민센터,ST-260,서울특별시 동대문구 한천로 329,휘경2동 주민센터,37.589912,127.06868
동대문구,602. 장안동 사거리,202502,1547,1935,장안동 사거리,ST-262,서울특별시 동대문구 장한로 25길 2,장안동 사거리,37.572174,127.071388
동대문구,607. 신이문역 2번출구,202502,333,327,신이문역 2번출구,ST-267,서울특별시 동대문구 이문동186-1,신이문역 2번출구,37.602711,127.067863
동대문구,608. 전농삼성아파트,202502,144,160,전농삼성아파트,ST-268,서울특별시 동대문구 전농로 192,전농삼성아파트,37.58131,127.055344
동대문구,610. 동대문중 교차로,202502,681,577,동대문중 교차로,ST-270,서울특별시 동대문구 답십리동 524-1,동대문중 교차로,37.573086,127.052162
동대문구,612. 시립동부병원 앞 사거리,202502,1412,1474,시립동부병원 앞 사거리,ST-271,서울특별시 동대문구 용두동 237-10,시립동부병원 앞 사거리,37.573666,127.030815
동대문구,613. 신설동역 10번출구 앞,202502,875,993,신설동역 10번출구 앞,ST-272,서울특별시 동대문구 신설동 92-34,신설동역 10번출구 앞,37.575272,127.023468
동대문구,614. 용두동 사거리,202502,1083,1113,용두동 사거리,ST-273,서울특별시 동대문구 용두동 237-10,용두동 사거리,37.577686,127.031013
동대문구,617. 청솔우성아파트 앞,202502,440,442,청솔우성아파트 앞,ST-276,서울특별시 동대문구 답십리동 94-2,청솔우성아파트 앞,37.574203,127.057693
영등포구,228. 선유도역 3번출구 앞,202502,1324,1313,선유도역 3번출구 앞,ST-278,서울특별시 영등포구 양평동4가 202-1,선유도역 3번출구 앞,37.53846,126.894508
영등포구,229. 양평1 보행육교 앞,202502,1162,1132,양평1 보행육교 앞,ST-279,서울특별시 영등포구 양평동4가 20-4,양평1 보행육교 앞,37.535873,126.892181
영등포구,231. 남부고용노동지청 남측,202502,1266,1274,남부고용노동지청 남측,ST-280,서울특별시 영등포구 양평동1가 115-2,남부고용노동지청 남측,37.524506,126.891823
영등포구,232. 양평우림 이비즈센타 앞,202502,1543,1533,양평우림 이비즈센타 앞,ST-281,서울특별시 영등포구 양평동3가 14-1,양평우림 이비즈센타 앞,37.52565,126.887817
영등포구,235. 신길동 우리은행 옆,202502,306,300,신길동 우리은행 옆,ST-284,서울특별시 영등포구 신길동 250-4,신길동 우리은행 옆,37.504566,126.910233
영등포구,236. 문래동자이아파트 앞,202502,1555,1722,문래동자이아파트 앞,ST-285,서울특별시 영등포구 문래동3가 68-1,문래동자이아파트 앞,37.516155,126.894615
영등포구,238. 제2구민체육센타 앞,202502,1942,1990,제2구민체육센타 앞,ST-287,서울특별시 영등포구 당산동4가 96-2,제2구민체육센타 앞,37.526386,126.902756
관악구,3813. 낙성대역 5번출구,202502,160,161,낙성대역 5번출구,ST-1261,서울특별시 관악구 남부순환로 1917,낙성대역 5번출구,0.0,0.0
영등포구,239. 유스호스텔 앞,202502,714,724,유스호스텔 앞,ST-288,서울특별시 영등포구 영등포동7가 58-2,유스호스텔 앞,37.525852,126.903282
영등포구,240. 문래역 4번출구 앞,202502,2384,2340,문래역 4번출구 앞,ST-289,서울특별시 영등포구 문래동3가 55-12,문래역 4번출구 앞,37.518738,126.895576
영등포구,242. 신길선원가와인아파트 앞,202502,648,343,신길선원가와인아파트 앞,ST-291,서울특별시 영등포구 신길동 215-28,신길선원가와인아파트 앞,37.510933,126.910225
영등포구,243. 이앤씨드림타워 앞,202502,2045,2142,이앤씨드림타워 앞,ST-292,서울특별시 영등포구 양평동3가 48-1,이앤씨드림타워 앞,37.527084,126.89138
영등포구,244. 영등포삼환아파트 앞,202502,984,907,영등포삼환아파트 앞,ST-293,서울특별시 영등포구 영등포동8가 82-4,영등포삼환아파트 앞,37.530079,126.905708
영등포구,245. 삼성생명 당산사옥 앞,202502,1989,1968,삼성생명 당산사옥 앞,ST-294,서울특별시 영등포구 당산동4가 35-24,삼성생명 당산사옥 앞,37.528263,126.896629
영등포구,248. 초원아파트 앞,202502,343,320,초원아파트 앞,ST-296,서울특별시 영등포구 여의도동8-13,초원아파트 앞,37.531055,126.92421
영등포구,251. 서울지방병무청 버스정류장,202502,433,379,서울지방병무청 버스정류장,ST-299,서울특별시 영등포구 신길동853,서울지방병무청 버스정류장,37.504494,126.921951
영등포구,254. 도림신협 앞,202502,848,865,도림신협 앞,ST-302,서울특별시 영등포구 신길동263-76,도림신협 앞,37.503803,126.903419
영등포구,256. 동아에코빌입구,202502,629,607,동아에코빌입구,ST-304,서울특별시 영등포구 도림동 159-70,동아에코빌입구,37.509476,126.8993
영등포구,258. 신길역3번출구,202502,1046,1181,신길역3번출구,ST-306,서울특별시 영등포구 영등포동1가35,신길역3번출구,37.517693,126.914299
영등포구,259. 대방역6번출구,202502,1562,1669,대방역6번출구,ST-307,서울특별시 영등포구 신길동1368,대방역6번출구,37.513592,126.925934
양천구,700. KB국민은행 염창역 지점 앞,202502,607,524,KB국민은행 염창역 지점 앞,ST-308,서울특별시 양천구 목동 559,KB국민은행 염창역 지점 앞,37.546848,126.872772
양천구,701. 목동사거리 부근,202502,897,924,목동사거리 부근,ST-309,서울특별시 양천구 목동 813,목동사거리 부근,37.532803,126.86393
양천구,702. 목4동주민센터 옆,202502,1086,1078,목4동주민센터 옆,ST-310,서울특별시 양천구 목동 904-3,목4동주민센터 옆,37.532543,126.868729
양천구,704. 남부법원검찰청 교차로,202502,1416,1423,남부법원검찰청 교차로,ST-312,서울특별시 양천구 신정동 1095,남부법원검찰청 교차로,37.523254,126.864906
양천구,706. 신정네거리역,202502,586,551,신정네거리역,ST-313,서울특별시 양천구 신월동 894,신정네거리역,37.521881,126.851753
양천구,708. 서울출입국관리사무소 앞,202502,2621,2576,서울출입국관리사무소 앞,ST-315,서울특별시 양천구 신정동 319-3,서울출입국관리사무소 앞,37.51897,126.869965
양천구,709. 신정3동 현장민원실 앞,202502,296,289,신정3동 현장민원실 앞,ST-316,서울특별시 양천구 신정동 760-2,신정3동 현장민원실 앞,37.511585,126.84156
양천구,711. 신일해피트리아파트 앞,202502,588,151,신일해피트리아파트 앞,ST-318,서울특별시 양천구 신월동 1063-4,신일해피트리아파트 앞,37.517059,126.848488
양천구,712. 강월초교입구 사거리,202502,357,478,강월초교입구 사거리,ST-319,서울특별시 양천구 신월동 905,강월초교입구 사거리,37.516998,126.838318
양천구,713. 양서중학교 옆,202502,402,330,양서중학교 옆,ST-320,서울특별시 양천구 신월동 790,양서중학교 옆,37.533047,126.829956
양천구,714. 한국SGI 양천문화회관 앞,202502,432,375,한국SGI 양천문화회관 앞,ST-321,서울특별시 양천구 신월동 790,한국SGI 양천문화회관 앞,37.532547,126.830803
용산구,800. 목월공원 앞,202502,441,311,목월공원 앞,ST-322,서울특별시 용산구 원효로4가 109-10,목월공원 앞,37.532433,126.954742
용산구,802. 한강진역 2번 출구 앞,202502,230,86,한강진역 2번 출구 앞,ST-324,서울특별시 용산구 한남동 726-494,한강진역 2번 출구 앞,37.541153,127.002213
용산구,805. 문배어린이공원 앞,202502,433,439,문배어린이공원 앞,ST-326,서울특별시 용산구 문배동 34-10,문배어린이공원 앞,37.536758,126.970001
용산구,806. 전자랜드 본관 앞,202502,513,475,전자랜드 본관 앞,ST-327,서울특별시 용산구 한강로3가 16-8,전자랜드 본관 앞,37.533066,126.960732
용산구,807. 서울역 12번 출구 앞,202502,384,384,서울역 12번 출구 앞,ST-328,서울특별시 용산구 동자동 14-229,서울역 12번 출구 앞,37.552277,126.972687
용산구,808. 서빙고동 금호맨션 앞,202502,88,115,서빙고동 금호맨션 앞,ST-329,서울특별시 용산구 서빙고동 235-5,서빙고동 금호맨션 앞,37.520504,126.989738
용산구,809. 한남 유수지 복개주차장,202502,255,328,한남 유수지 복개주차장,ST-330,서울특별시 용산구 독서당로 18,한남 유수지 복개주차장,37.530167,127.007439
용산구,810. 이태원지하보도,202502,257,268,이태원지하보도,ST-331,서울특별시 용산구 용산동2가 5-1812,이태원지하보도,37.53841,126.986649
영등포구,5878. 우리은행 앞,202502,1146,1115,우리은행 앞,ST-1464,서울특별시 도봉구 도봉로 707,우리은행 앞,37.667599,127.042999
용산구,811. 녹사평역1번출구,202502,286,85,녹사평역1번출구,ST-332,서울특별시 용산구 용산동2가 6-7,녹사평역1번출구,37.53508,126.985382
용산구,813. 삼각지역 3번출구,202502,298,318,삼각지역 3번출구,ST-334,서울특별시 용산구 한강로1가 228-1,삼각지역 3번출구,37.533512,126.972275
용산구,815. LIG강촌아파트 103동앞,202502,390,426,LIG강촌아파트 103동앞,ST-335,서울특별시 용산구 이촌동301-5,LIG강촌아파트 103동앞,37.518509,126.978798
종로구,385. 종각역 5번출구,202502,783,891,종각역 5번출구,ST-336,서울특별시 종로구 서린동 26-1,종각역 5번출구,37.569836,126.982658
중구,387. 훈련원공원주차장 앞,202502,523,545,훈련원공원주차장 앞,ST-338,서울특별시 중구 을지로 227,훈련원공원주차장 앞,37.566994,127.003464
마포구,181. 망원초록길 입구,202502,300,269,망원초록길 입구,ST-339,서울특별시 마포구 마포나루길 467,망원초록길 입구,37.551342,126.902672
마포구,185. 마포 신수공원 앞,202502,477,316,마포 신수공원 앞,ST-343,서울특별시 마포구 현석동 106-32,마포 신수공원 앞,37.542545,126.934296
마포구,186. 월드컵공원,202502,684,676,월드컵공원,ST-344,서울특별시 마포구 하늘공원로 108-1,월드컵공원,37.563965,126.898209
서대문구,188. 홍은동 정원여중 입구,202502,359,334,홍은동 정원여중 입구,ST-346,서울특별시 서대문구 연희로37안길 51,홍은동 정원여중 입구,37.586388,126.935127
서대문구,192. 연서어린이공원,202502,280,291,연서어린이공원,ST-348,서울특별시 서대문구 연희동 519-7,연서어린이공원,37.572227,126.923065
서대문구,178. 증산3교 앞,202502,699,684,증산3교 앞,ST-349,서울특별시 서대문구 북가좌동 352-9,증산3교 앞,37.579876,126.906349
서대문구,194. 증산교 앞,202502,694,700,증산교 앞,ST-350,서울특별시 서대문구 불광천길 36,증산교 앞,37.577316,126.902969
서대문구,195. 모래내고가차도 ,202502,359,320,모래내고가차도,ST-351,서울특별시 서대문구 연희동 446-76,모래내고가차도,37.567657,126.917809
서대문구,196. 연희교차로 인근,202502,188,156,연희교차로 인근,ST-352,서울특별시 서대문구 홍제천로 48,연희교차로 인근,37.56612,126.925896
성동구,556. 달맞이공원,202502,27,27,달맞이공원,ST-357,서울특별시 성동구 금호동4가 367-1,달맞이공원,37.542053,127.020401
성동구,557. 도선동 주민센터 앞,202502,788,917,도선동 주민센터 앞,ST-358,서울특별시 성동구 무학로10길 6,도선동 주민센터 앞,37.567642,127.025696
성동구,558. 성동광진 교육지원청 앞,202502,715,711,성동광진 교육지원청 앞,ST-359,서울특별시 성동구 고산자로 260,성동광진 교육지원청 앞,37.564606,127.036522
성동구,559. 왕십리역 4번 출구 건너편,202502,888,927,왕십리역 4번 출구 건너편,ST-360,서울특별시 성동구 왕십리광장로 10-1,왕십리역 4번 출구 건너편,37.561096,127.036797
성동구,560. 비전교회 앞,202502,1218,1231,비전교회 앞,ST-361,서울특별시 성동구 동일로 213,비전교회 앞,37.551205,127.068932
성동구,561. 서울숲역 2번출구 앞,202502,875,964,서울숲역 2번출구 앞,ST-362,서울특별시 성동구 왕십리로 64,서울숲역 2번출구 앞,37.542816,127.04467
성동구,563. 성동세무서 건너편,202502,1025,1294,성동세무서 건너편,ST-364,서울특별시 성동구 광나루로 302,성동세무서 건너편,37.547913,127.062752
성동구,564. 금호역 3번출구,202502,60,35,금호역 3번출구,ST-365,서울특별시 성동구 동호로 99,금호역 3번출구,37.547928,127.015572
성동구,578. 성동세무서 부근,202502,952,948,성동세무서 부근,ST-356,서울특별시 성동구 광나루로 297,성동세무서 부근,37.548164,127.06237
성동구,579. 마장역 4번출구,202502,466,495,마장역 4번출구,ST-372,서울특별시 성동구 마장로 292-1,마장역 4번출구,37.565205,127.041847
성동구,582. 경일중학교 앞,202502,1049,1059,경일중학교 앞,ST-375,서울특별시 성동구 성수일로 27,경일중학교 앞,37.543179,127.04908
성동구,583. 청계천 생태교실 앞,202502,1261,1369,청계천 생태교실 앞,ST-376,서울특별시 성동구 마장로39길 51,청계천 생태교실 앞,37.56797,127.04689
광진구,552. 대림아크로리버 앞,202502,532,571,대림아크로리버 앞,ST-378,서울특별시 광진구 구의강변로 64,대림아크로리버 앞,37.536579,127.092972
광진구,555. 구의3동주민센터,202502,163,161,구의3동주민센터,ST-381,서울특별시 광진구 강변역로 17,구의3동주민센터,37.537849,127.092171
광진구,573. 구의문주차장 앞,202502,1085,1045,구의문주차장 앞,ST-384,서울특별시 광진구 능동로 216,구의문주차장 앞,37.545231,127.084732
광진구,574. 아차산역4번출구,202502,1202,551,아차산역4번출구,ST-385,서울특별시 광진구 능동로 216,아차산역4번출구,37.551849,127.088982
광진구,576. 광나루역 3번 출구,202502,920,949,광나루역 3번 출구,ST-387,서울특별시 광진구 아차산로 552,광나루역 3번 출구,37.54483,127.104263
광진구,577. 광진청소년수련관,202502,786,811,광진청소년수련관,ST-388,서울특별시 광진구 구천면로 2,광진청소년수련관,37.546547,127.106133
동대문구,627. 장안동삼거리 교통섬,202502,624,653,장안동삼거리 교통섬,ST-395,서울특별시 동대문구 사가정로 240,장안동삼거리 교통섬,37.578632,127.071907
동대문구,630. 동대문구 보건소,202502,1201,1216,동대문구 보건소,ST-397,서울특별시 동대문구 천호대로 145,동대문구 보건소,37.574852,127.040306
동대문구,631. 답십리역 1번출구,202502,1502,1664,답십리역 1번출구,ST-398,서울특별시 동대문구 천호대로 269,답십리역 1번출구,37.568184,127.051277
동대문구,634. 외국어대 정문 앞,202502,762,859,외국어대 정문 앞,ST-401,서울특별시 동대문구 이문로 107,외국어대 정문 앞,37.59602,127.05983
동대문구,637. KAIST 경영대학 앞,202502,461,326,KAIST 경영대학 앞,ST-404,서울특별시 동대문구 회기로 85,KAIST 경영대학 앞,37.591614,127.045792
동대문구,638. 서울시립대 정보기술관,202502,203,198,서울시립대 정보기술관,ST-405,서울특별시 동대문구 한천로43길 12-14,서울시립대 정보기술관,37.583008,127.060974
동대문구,641. 용두역 4번출구,202502,1001,1193,용두역 4번출구,ST-408,서울특별시 동대문구 청계천로 563,용두역 4번출구,37.573753,127.038536
영등포구,263. 근로자회관 사거리,202502,2026,2093,근로자회관 사거리,ST-417,서울특별시 영등포구 선유로 34,근로자회관 사거리,37.517151,126.888626
영등포구,264. 교보생명보험 앞,202502,964,826,교보생명보험 앞,ST-418,서울특별시 영등포구 영등포로 96,교보생명보험 앞,37.521931,126.891617
영등포구,265. 영등포유통상가 사거리,202502,1044,1034,영등포유통상가 사거리,ST-419,서울특별시 영등포구 영등포로 124,영등포유통상가 사거리,37.521133,126.896538
영등포구,266. 영등포청과시장 사거리,202502,903,879,영등포청과시장 사거리,ST-420,서울특별시 영등포구 영등포로 177,영등포청과시장 사거리,37.520294,126.901192
영등포구,267. 삼성화재 사옥 옆,202502,999,945,삼성화재 사옥 옆,ST-421,서울특별시 영등포구 양평로 76,삼성화재 사옥 옆,37.535961,126.8983
영등포구,268. 그랜드컨벤션센터 앞,202502,1272,1280,그랜드컨벤션센터 앞,ST-422,서울특별시 영등포구 양평로 58,그랜드컨벤션센터 앞,37.534718,126.900002
영등포구,270. 증권거래소후문교차로,202502,715,694,증권거래소후문교차로,ST-424,서울특별시 영등포구 여의나루로 76,증권거래소후문교차로,37.522343,126.927101
영등포구,272. 당산육갑문,202502,1569,1753,당산육갑문,ST-426,서울특별시 영등포구 당산로52길 3,당산육갑문,37.535339,126.903679
양천구,720. 서울강월초등학교 앞,202502,399,206,서울강월초등학교 앞,ST-432,서울특별시 양천구 신월로 97,서울강월초등학교 앞,37.516197,126.8349
용산구,816. 신용산역 6번출구 앞,202502,727,748,신용산역 6번출구 앞,ST-435,서울특별시 용산구 한강대로 115,신용산역 6번출구 앞,37.530148,126.968483
용산구,817. 삼각지역 4번출구 앞,202502,464,436,삼각지역 4번출구 앞,ST-436,서울특별시 용산구 한강대로 161,삼각지역 4번출구 앞,37.533451,126.971733
용산구,818. 숙명여대 입구 교차로,202502,574,619,숙명여대 입구 교차로,ST-437,서울특별시 용산구 청파로47길 100,숙명여대 입구 교차로,37.544895,126.969383
용산구,819. 선린인터넷 고등학교,202502,746,788,선린인터넷 고등학교,ST-438,서울특별시 용산구 원효로97길 33-4,선린인터넷 고등학교,37.541653,126.970505
용산구,820. 청파동입구 교차로,202502,367,403,청파동입구 교차로,ST-439,서울특별시 용산구 한강대로 349,청파동입구 교차로,37.549026,126.971947
용산구,823. 효창동주민센터 앞,202502,145,114,효창동주민센터 앞,ST-441,서울특별시 용산구 효창원로 161,효창동주민센터 앞,37.54232,126.96196
용산구,825. 서빙고동 주민센터 앞,202502,632,715,서빙고동 주민센터 앞,ST-442,서울특별시 용산구 서빙고로 279,서빙고동 주민센터 앞,37.520336,126.994263
마포구,199. 서울 월드컵 경기장,202502,364,232,서울 월드컵 경기장,ST-443,서울특별시 마포구 성산동 515,서울 월드컵 경기장,37.566845,126.896446
종로구,388. 동성중학교 앞,202502,188,181,동성중학교 앞,ST-444,서울특별시 종로구 혜화동 56,동성중학교 앞,37.585735,127.00161
광진구,584. 광진광장 교통섬,202502,1517,1231,광진광장 교통섬,ST-445,서울특별시 광진구 군자동 374-8,광진광장 교통섬,37.547829,127.072632
성동구,585. 성수2가1동 공영주차장 인근,202502,2079,2136,성수2가1동 공영주차장 인근,ST-446,서울특별시 성동구 성수동2가 569-3,성수2가1동 공영주차장 인근,37.536808,127.055489
성동구,586. 마장동 주민센터,202502,394,402,마장동 주민센터,ST-447,서울특별시 성동구 마장로42길 14,마장동 주민센터,37.565941,127.045395
은평구,900. 은평예술회관,202502,264,246,은평예술회관,ST-448,서울특별시 은평구 녹번동 85-4,은평예술회관,37.603943,126.927696
은평구,902. 진관동 은빛초등학교,202502,145,143,진관동 은빛초등학교,ST-450,서울특별시 은평구 진관동 45-21,진관동 은빛초등학교,37.643108,126.918221
은평구,903. 은평뉴타운 아이파크,202502,296,319,은평뉴타운 아이파크,ST-451,서울특별시 은평구 진관동 13-20,은평뉴타운 아이파크,37.645866,126.927391
은평구,904. 은평뉴타운 푸르지오,202502,205,240,은평뉴타운 푸르지오,ST-452,서울특별시 은평구 진관동 5-8,은평뉴타운 푸르지오,37.648674,126.930702
은평구,905. 구파발역 2번출구,202502,732,862,구파발역 2번출구,ST-453,서울특별시 은평구 진관동 86-31,구파발역 2번출구,37.636234,126.918999
은평구,906. 연신내역 5번출구,202502,1109,1286,연신내역 5번출구,ST-454,서울특별시 은평구 대조동 207-8,연신내역 5번출구,37.61721,126.919579
은평구,908. 구산역 4번출구,202502,529,522,구산역 4번출구,ST-456,서울특별시 은평구 갈현동 536-8,구산역 4번출구,37.613186,126.917351
은평구,909. 백련산 힐스테이트 3차,202502,263,96,백련산 힐스테이트 3차,ST-457,서울특별시 은평구 응암동 761-9,백련산 힐스테이트 3차,37.586994,126.922882
은평구,911. 은평평화공원(역촌역4번출구),202502,855,861,은평평화공원(역촌역4번출구),ST-459,서울특별시 은평구 녹번동 153-31,은평평화공원(역촌역4번출구),37.605583,126.922935
은평구,912. 응암오거리,202502,1117,1197,응암오거리,ST-460,서울특별시 은평구 응암동 604-5,응암오거리,37.589661,126.916946
은평구,915. 증산역 4번출구,202502,603,678,증산역 4번출구,ST-463,서울특별시 은평구 증산동 199-8,증산역 4번출구,37.584381,126.909897
은평구,916. 평생학습관 앞,202502,536,553,평생학습관 앞,ST-464,서울특별시 은평구 역촌동 15-40,평생학습관 앞,37.607849,126.921326
은평구,919. 서울혁신파크,202502,251,254,서울혁신파크,ST-467,서울특별시 은평구 녹번동 15-2,서울혁신파크,37.607025,126.933311
은평구,921. 신도고등학교,202502,51,41,신도고등학교,ST-469,서울특별시 은평구 진관동 242-14,신도고등학교,37.630016,126.919029
은평구,922. 연신내역 4번출구,202502,212,213,연신내역 4번출구,ST-470,서울특별시 은평구 대조동 227-2,연신내역 4번출구,37.617802,126.921967
은평구,923. 국민은행 연서지점,202502,169,168,국민은행 연서지점,ST-471,서울특별시 은평구 불광동 355,국민은행 연서지점,37.620949,126.925636
은평구,925. 불광역 2번출구,202502,290,300,불광역 2번출구,ST-473,서울특별시 은평구 불광동 285-43,불광역 2번출구,37.609566,126.930977
은평구,927. 연신내역 3번출구 인근,202502,164,165,연신내역 3번출구 인근,ST-475,서울특별시 은평구 불광동 304-5,연신내역 3번출구 인근,37.617855,126.922524
은평구,928. 은평역사한옥박물관,202502,104,65,은평역사한옥박물관,ST-476,서울특별시 은평구 진관동 133-29,은평역사한옥박물관,37.641315,126.938042
은평구,930. 구 서부경찰서 건너편,202502,460,461,구 서부경찰서 건너편,ST-478,서울특별시 은평구 역촌동 41-7,구 서부경찰서 건너편,37.601662,126.920303
은평구,931. 역촌파출소,202502,1646,1692,역촌파출소,ST-479,서울특별시 은평구 역촌동 45-34,역촌파출소,37.604736,126.915337
은평구,932. 예일여중,202502,529,549,예일여중,ST-480,서울특별시 은평구 연서로 117,예일여중,37.610004,126.916397
중랑구,1402. 금란주차장 앞,202502,376,333,금란주차장 앞,ST-561,서울특별시 중랑구 망우로 448,금란주차장 앞,37.600071,127.102333
중랑구,1405. 망우역 1번출구,202502,334,325,망우역 1번출구,ST-568,서울특별시 중랑구 망우로55길 11-10,망우역 1번출구,37.599098,127.092949
중랑구,1408. 먹골역 6번출구 앞,202502,432,503,먹골역 6번출구 앞,ST-570,서울특별시 중랑구 동일로 지하 901,먹골역 6번출구 앞,37.610722,127.077477
중랑구,1418. 새솔초등학교,202502,90,18,새솔초등학교,ST-583,서울특별시 중랑구 신내역로1길 164,새솔초등학교,37.617439,127.109016
중랑구,1421. 신내역 4번출구,202502,234,204,신내역 4번출구,ST-586,서울특별시 중랑구 신내로 지하 232,신내역 4번출구,37.612461,127.103378
중랑구,1422. 신내우디안아파트 1단지,202502,82,17,신내우디안아파트 1단지,ST-587,서울특별시 중랑구 신내역로 213,신내우디안아파트 1단지,37.620098,127.106461
중랑구,1424. 양원역 2번출구,202502,107,84,양원역 2번출구,ST-588,서울특별시 중랑구 송림길 147,양원역 2번출구,37.606312,127.107742
중랑구,1426. 면목도시개발아파트 1동 앞,202502,212,40,면목도시개발아파트 1동 앞,ST-590,서울특별시 중랑구 용마산로 지하 227,면목도시개발아파트 1동 앞,37.573589,127.086823
중랑구,1435. 능산삼거리,202502,120,86,능산삼거리,ST-593,서울특별시 중랑구 용마산로 644,능산삼거리,37.608681,127.100792
중랑구,1437. 늘푸른공원 앞,202502,354,404,늘푸른공원 앞,ST-595,서울특별시 중랑구 동일로 594,늘푸른공원 앞,37.58342,127.079926
중랑구,1438. 홈플러스 신내점 앞,202502,787,916,홈플러스 신내점 앞,ST-596,서울특별시 중랑구 신내로 지하 232,홈플러스 신내점 앞,37.616169,127.093483
영등포구,214. 금융감독원 앞,202502,920,934,금융감독원 앞,ST-60,서울특별시 영등포구 여의대로 38,금융감독원 앞,37.523022,126.920837
영등포구,219. 롯데캐슬엠파이어 옆,202502,1421,1401,롯데캐슬엠파이어 옆,ST-62,서울특별시 영등포구 의사당대로 127,롯데캐슬엠파이어 옆,37.520695,126.925835
영등포구,220. 미성아파트 A동 앞,202502,733,718,미성아파트 A동 앞,ST-63,서울특별시 영등포구 의사당대로 110,미성아파트 A동 앞,37.519363,126.926048
강북구,1506. 강북문화예술회관,202502,623,560,강북문화예술회관,ST-645,서울특별시 강북구 삼각산로 85,강북문화예술회관,37.640327,127.013359
강북구,1515. 송천동 주민센터,202502,223,226,송천동 주민센터,ST-648,서울특별시 강북구 솔샘로 284,송천동 주민센터,37.618286,127.024048
영등포구,217. NH농협은행 앞,202502,1975,2154,NH농협은행 앞,ST-66,서울특별시 영등포구 국제금융로8길 2,NH농협은행 앞,37.522079,126.930367
영등포구,224. 롯데캐슬 앞,202502,1130,1216,롯데캐슬 앞,ST-70,서울특별시 영등포구 국제금융로 86,롯데캐슬 앞,37.520088,126.932365
영등포구,226. 샛강역 1번출구 앞,202502,1284,1036,샛강역 1번출구 앞,ST-72,서울특별시 영등포구 의사당대로 지하166,샛강역 1번출구 앞,37.517765,126.928413
영등포구,207. 여의나루역 1번출구 앞,202502,1654,1659,여의나루역 1번출구 앞,ST-73,서울특별시 영등포구 여의동로 지하343,여의나루역 1번출구 앞,37.527157,126.9319
마포구,401. 상암월드컵파크 10단지 앞,202502,371,386,상암월드컵파크 10단지 앞,ST-76,서울특별시 마포구 월드컵북로 502-36,상암월드컵파크 10단지 앞,37.586189,126.881615
강남구,2301. 현대고등학교 건너편,202502,344,373,현대고등학교 건너편,ST-777,서울특별시 강남구 압구정로 134,현대고등학교 건너편,37.524071,127.02179
강남구,2344. 리엔파크 2단지 앞,202502,133,144,리엔파크 2단지 앞,ST-779,서울특별시 강남구 헌릉로590길 10,리엔파크 2단지 앞,37.465061,127.101196
서초구,2251. 더케이호텔 입구(양재2) ,202502,360,353,더케이호텔 입구(양재2),ST-781,서울특별시 서초구 바우뫼로12길 70,더케이호텔 입구(양재2),37.467506,127.034477
강남구,2337. 대모산입구역 2번출구 앞,202502,285,213,대모산입구역 2번출구 앞,ST-782,서울특별시 강남구 영동대로 101,대모산입구역 2번출구 앞,37.492077,127.071976
강남구,2317. 삼성도로공원,202502,263,267,삼성도로공원,ST-784,서울특별시 강남구 영동대로112길 66,삼성도로공원,37.515888,127.0662
강남구,2311. 학동로 래미안 아파트 앞,202502,182,80,학동로 래미안 아파트 앞,ST-786,서울특별시 강남구 학동로 지하 508,학동로 래미안 아파트 앞,37.517773,127.043022
강남구,2305. MCM 본사 직영점 앞,202502,138,158,MCM 본사 직영점 앞,ST-790,서울특별시 강남구 언주로 734,MCM 본사 직영점 앞,37.520641,127.034508
강남구,2306. 압구정역 2번 출구 옆,202502,918,895,압구정역 2번 출구 옆,ST-791,서울특별시 강남구 압구정로 지하 172,압구정역 2번 출구 옆,37.527123,127.028717
강남구,2308. 압구정파출소 앞,202502,459,500,압구정파출소 앞,ST-793,서울특별시 강남구 압구정로 311,압구정파출소 앞,37.529301,127.035599
강남구,2312. 청담역 13번 출구 앞,202502,154,151,청담역 13번 출구 앞,ST-795,서울특별시 강남구 영동대로 703,청담역 13번 출구 앞,37.52058,127.056328
강남구,2348. 포스코사거리(기업은행),202502,907,1070,포스코사거리(기업은행),ST-797,서울특별시 강남구 테헤란로 501,포스코사거리(기업은행),37.507233,127.056854
강남구,2315. 봉은사역 5번출구 옆,202502,302,291,봉은사역 5번출구 옆,ST-799,서울특별시 강남구 봉은사로 지하 601,봉은사역 5번출구 옆,37.514248,127.061119
마포구,405. DMC빌 앞,202502,252,267,DMC빌 앞,ST-80,서울특별시 마포구 월드컵북로60길 13,DMC빌 앞,37.582657,126.885788
강남구,2321. 학여울역 사거리,202502,148,121,학여울역 사거리,ST-804,서울특별시 강남구 남부순환로 지하 3104,학여울역 사거리,37.496117,127.069443
강남구,2323. 주식회사 오뚜기 정문 앞,202502,229,206,주식회사 오뚜기 정문 앞,ST-806,서울특별시 강남구 영동대로 308,주식회사 오뚜기 정문 앞,37.502213,127.067207
강남구,2324. 천주교 대치 2동 교회 옆,202502,435,427,천주교 대치 2동 교회 옆,ST-807,서울특별시 강남구 도곡로 540,천주교 대치 2동 교회 옆,37.500439,127.066223
강남구,2326. 대치동 삼성로,202502,246,193,대치동 삼성로,ST-809,서울특별시 강남구 삼성로 350,대치동 삼성로,37.502396,127.0588
강남구,2327. 뱅뱅사거리 랜드마크타워 앞,202502,501,581,뱅뱅사거리 랜드마크타워 앞,ST-810,서울특별시 강남구 강남대로 308,뱅뱅사거리 랜드마크타워 앞,37.490551,127.031464
강남구,2331. 동영문화센터앞,202502,244,179,동영문화센터앞,ST-814,서울특별시 강남구 언주로 337,동영문화센터앞,37.498051,127.044601
강남구,2333. 양재역 3번출구 주변,202502,495,269,양재역 3번출구 주변,ST-816,서울특별시 강남구 강남대로 240,양재역 3번출구 주변,37.485157,127.034073
강남구,2335. 3호선 매봉역 3번출구앞,202502,993,1159,3호선 매봉역 3번출구앞,ST-818,서울특별시 강남구 남부순환로 2748,3호선 매봉역 3번출구앞,37.486767,127.046761
강남구,2336. 강남세브란스교차로  래미안그레이튼 104동 앞,202502,226,194,강남세브란스교차로  래미안그레이튼 104동 앞,ST-819,서울특별시 강남구 선릉로 지하 228,강남세브란스교차로  래미안그레이튼 104동 앞,37.494236,127.047462
강남구,2339. 현대아파트 정문 앞,202502,308,304,현대아파트 정문 앞,ST-820,서울특별시 강남구 언주로 107,현대아파트 정문 앞,37.483261,127.0523
강남구,2340. 삼호물산버스정류장(23370) 옆,202502,1047,1090,삼호물산버스정류장(23370) 옆,ST-821,서울특별시 강남구 논현로 82,삼호물산버스정류장(23370) 옆,37.477509,127.045174
성북구,1302. 한성대입구역6번출구 뒤,202502,404,399,한성대입구역6번출구 뒤,ST-825,서울특별시 성북구 동소문로 1,한성대입구역6번출구 뒤,37.588764,127.00631
성북구,1304. 만해공원,202502,144,26,만해공원,ST-826,서울특별시 성북구 성북로 132-1,만해공원,37.594402,126.99231
강서구,1128. 화곡역 6번출구,202502,736,731,화곡역 6번출구,ST-829,서울특별시 강서구 화곡로 지하 168,화곡역 6번출구,37.541412,126.840225
마포구,408. LG CNS앞,202502,412,410,LG CNS앞,ST-84,서울특별시 마포구 월드컵북로 424,LG CNS앞,37.580811,126.88665
마포구,409. 누리꿈스퀘어 옆,202502,1075,1042,누리꿈스퀘어 옆,ST-86,서울특별시 마포구 월드컵북로 396,누리꿈스퀘어 옆,37.579399,126.88916
마포구,411. DMC홍보관,202502,537,637,DMC홍보관,ST-90,서울특별시 마포구 월드컵북로 366,DMC홍보관,37.577995,126.891472
마포구,413. 상암월드컵파크 3단지 후문,202502,326,299,상암월드컵파크 3단지 후문,ST-92,서울특별시 마포구 매봉산로 8,상암월드컵파크 3단지 후문,37.571476,126.889687
구로구,1955. 디지털입구 교차로,202502,1229,1228,디지털입구 교차로,ST-936,서울특별시 구로구 시흥대로 551,디지털입구 교차로,37.482883,126.901039
마포구,414. 상암동주민센터 옆,202502,875,1151,상암동주민센터 옆,ST-94,서울특별시 마포구 매봉산로2길 16,상암동주민센터 옆,37.57822,126.89447
종로구,449. 일성아파트,202502,113,48,일성아파트,ST-941,서울특별시 종로구 평창문화로 119,일성아파트,37.608719,126.972862
중구,389. 을지로4가역 1번출구,202502,504,541,을지로4가역 1번출구,ST-943,서울특별시 중구 을지로 지하 178,을지로4가역 1번출구,37.566731,126.996605
중구,390. 충무로역 1번출구,202502,425,411,충무로역 1번출구,ST-944,서울특별시 중구 퇴계로 212,충무로역 1번출구,37.56139,126.995354
중구,826. 서울역 서부교차로2,202502,488,599,서울역 서부교차로2,ST-946,서울특별시 중구 퇴계로 33,서울역 서부교차로2,37.555367,126.968643
성북구,1305. 성북구청,202502,558,651,성북구청,ST-947,서울특별시 성북구 보문로 168,성북구청,37.589329,127.016434
관악구,2110. 조원동 미성아파트,202502,774,915,조원동 미성아파트,ST-950,서울특별시 관악구 시흥대로 560,조원동 미성아파트,37.483192,126.902031
관악구,2139. 서울신성초등학교,202502,108,108,서울신성초등학교,ST-951,서울특별시 관악구 신림로 114,서울신성초등학교,37.471165,126.937019
강남구,2354. 청담역 2번출구,202502,82,77,청담역 2번출구,ST-953,서울특별시 강남구 영동대로 647,청담역 2번출구,37.519787,127.056763
강남구,2356. 강남구청,202502,139,100,강남구청,ST-954,서울특별시 강남구 학동로 지하 346,강남구청,37.51807,127.047119
강남구,2360. 도곡1동 주민센터 교차로,202502,356,338,도곡1동 주민센터 교차로,ST-956,서울특별시 강남구 도곡로 205,도곡1동 주민센터 교차로,37.492809,127.041389
강남구,"2359. 국립국악중,고교 정문 맞은편",202502,492,502,"국립국악중,고교 정문 맞은편",ST-958,서울특별시 강남구 논현로10길 29,"국립국악중,고교 정문 맞은편",37.475605,127.050377
강남구,2347. 두산건설 본사,202502,136,64,두산건설 본사,ST-961,서울특별시 강남구 언주로 726,두산건설 본사,37.518639,127.0354
강남구,2352. 서울본부세관(건설회관 앞),202502,200,68,서울본부세관(건설회관 앞),ST-962,서울특별시 강남구 언주로 721,서울본부세관(건설회관 앞),37.51759,127.035027
강남구,2353. 강남구청역 2번출구 뒤,202502,262,188,강남구청역 2번출구 뒤,ST-963,서울특별시 강남구 학동로 342,강남구청역 2번출구 뒤,37.516811,127.040474
노원구,1641. 한내근린공원 남측,202502,331,355,한내근린공원 남측,ST-970,서울특별시 노원구 마들로 86,한내근린공원 남측,37.621555,127.069511
노원구,1640. 한내근린공원 북측,202502,534,578,한내근린공원 북측,ST-971,서울특별시 노원구 마들로 86,한내근린공원 북측,37.623863,127.068489
강서구,1149. 신방화역환승주차장,202502,2046,2053,신방화역환승주차장,ST-975,서울특별시 강서구 마곡서1로 111-12,신방화역환승주차장,37.567284,126.818275
광진구,501. 광진구의회 앞,202502,1092,940,광진구의회 앞,ST-98,서울특별시 광진구 능동로 76,광진구의회 앞,37.537308,127.070351
광진구,3500. 군자역2번출구,202502,1105,1182,군자역2번출구,ST-983,서울특별시 광진구 능동로 313,군자역2번출구,37.557587,127.079697
광진구,3501. 광진구청 앞,202502,1008,957,광진구청 앞,ST-984,서울특별시 광진구 자양로 131,광진구청 앞,37.539501,127.083
광진구,3503. 광진유진스웰,202502,56,39,광진유진스웰,ST-986,서울특별시 광진구 아차산로78길 7,광진유진스웰,37.550488,127.108955
광진구,3504. 원일교회,202502,1426,1293,원일교회,ST-987,서울특별시 광진구 아차산로 304,원일교회,37.538052,127.076599
광진구,3505. 신양초교앞 교차로,202502,361,391,신양초교앞 교차로,ST-988,서울특별시 광진구 능동로 42,신양초교앞 교차로,37.535221,127.068398
마포구,424. 롯데하이마트 (상암월드컵점) ,202502,127,142,롯데하이마트 (상암월드컵점),ST-990,서울특별시 마포구 상암동 1715-29,롯데하이마트 (상암월드컵점),37.57362,126.898048
마포구,425. DMC첨단산업센터,202502,166,154,DMC첨단산업센터,ST-991,서울특별시 마포구 성암로330,DMC첨단산업센터,37.584503,126.885597
마포구,426. 서울신용보증재단,202502,588,781,서울신용보증재단,ST-992,서울특별시 마포구 마포대로 163,서울신용보증재단,37.549061,126.954178
양천구,723. SBS방송국,202502,1071,1189,SBS방송국,ST-994,서울특별시 양천구 목동서로161,SBS방송국,37.529163,126.872749
양천구,725. 양강중학교앞 교차로,202502,103,101,양강중학교앞 교차로,ST-996,서울특별시 양천구 남부순환로88길5-16,양강중학교앞 교차로,37.524334,126.850548
양천구,726. 목동3단지 시내버스정류장,202502,1932,1998,목동3단지 시내버스정류장,ST-997,서울특별시 양천구 목동중앙로 49,목동3단지 시내버스정류장,37.53439,126.869598
양천구,729. 서부식자재마트 건너편,202503,1417,1514,서부식자재마트 건너편,ST-1000,서울특별시 양천구 신정동 236,서부식자재마트 건너편,37.51038,126.866798
양천구,731. 서울시 도로환경관리센터,202503,2715,2780,서울시 도로환경관리센터,ST-1002,서울특별시 양천구 목동동로 316-6,서울시 도로환경관리센터,37.5299,126.876541
양천구,733. 신정이펜하우스314동,202503,555,316,신정이펜하우스314동,ST-1004,서울특별시 양천구 신정이펜1로50,신정이펜하우스314동,37.514099,126.831001
양천구,734. 신트리공원 입구,202503,2608,2549,신트리공원 입구,ST-1005,서울특별시 양천구 신정동 310-8,신트리공원 입구,37.51395,126.856056
양천구,736. 오솔길공원,202503,830,958,오솔길공원,ST-1007,서울특별시 양천구 남부순환로70길11-9,오솔길공원,37.52219,126.8367
양천구,740. 으뜸공원,202503,800,952,으뜸공원,ST-1011,서울특별시 양천구 가로공원로 133,으뜸공원,37.536369,126.831711
양천구,741. 화곡로 입구 교차로,202503,413,408,화곡로 입구 교차로,ST-1012,서울특별시 양천구 신월동 258,화곡로 입구 교차로,37.53952,126.825401
양천구,742. 등촌역 5번 출구 뒤,202503,756,759,등촌역 5번 출구 뒤,ST-1013,서울특별시 양천구 등촌로 236,등촌역 5번 출구 뒤,37.550732,126.864578
양천구,743. 현대6차아파트 101동 옆,202503,936,1018,현대6차아파트 101동 옆,ST-1014,서울특별시 양천구 신정동 735-5,현대6차아파트 101동 옆,37.5089,126.842682
양천구,744. 신목동역 2번 출구,202503,2922,2868,신목동역 2번 출구,ST-1015,서울특별시 양천구 목동중앙로 212 앞,신목동역 2번 출구,37.543842,126.882545
양천구,745. 강서초등학교,202503,605,691,강서초등학교,ST-1016,서울특별시 양천구 오목로 31 부근,강서초등학교,37.522282,126.839699
양천구,746. 목동2단지 상가,202503,3198,3385,목동2단지 상가,ST-1017,서울특별시 양천구 목동 902-5,목동2단지 상가,37.536503,126.877747
양천구,747. 목동3단지 상가,202503,2232,2251,목동3단지 상가,ST-1018,서울특별시 양천구 목동 903-6,목동3단지 상가,37.53458,126.875649
양천구,748. 목동운동장,202503,586,588,목동운동장,ST-1019,서울특별시 양천구 안양천로 939,목동운동장,37.530251,126.879303
은평구,937. 상림마을 롯데캐슬2단지 옆,202503,70,84,상림마을 롯데캐슬2단지 옆,ST-1023,서울특별시 은평구 진관동 30-23,상림마을 롯데캐슬2단지 옆,37.645851,126.923798
은평구,938. 금암 문화공원,202503,193,179,금암 문화공원,ST-1024,서울특별시 은평구 진관동 44-28,금암 문화공원,37.644684,126.918457
은평구,939. 은평구청 교차로,202503,429,424,은평구청 교차로,ST-1025,서울특별시 은평구 응암동 82-31,은평구청 교차로,37.6017,126.927422
은평구,941. 은평뉴타운 도서관,202503,311,160,은평뉴타운 도서관,ST-1027,서울특별시 은평구 진관동 141-27,은평뉴타운 도서관,37.637222,126.933304
은평구,942. 상림마을 생태공원,202503,216,200,상림마을 생태공원,ST-1028,서울특별시 은평구 진관동 16-4,상림마을 생태공원,37.644081,126.929283
은평구,943. 은평구청 보건소,202503,1460,1555,은평구청 보건소,ST-1029,서울특별시 은평구 녹번동 84,은평구청 보건소,37.602402,126.92865
은평구,946. 독바위역 ,202503,416,411,독바위역,ST-1032,서울특별시 은평구 불광로 129,독바위역,37.618439,126.932884
은평구,947. 연신내 선일하이츠빌 정류소,202503,204,203,연신내 선일하이츠빌 정류소,ST-1033,서울특별시 은평구 불광동 484-165,연신내 선일하이츠빌 정류소,37.622669,126.919991
은평구,949. 연신내역 1번 출구 ,202503,1013,1094,연신내역 1번 출구,ST-1035,서울특별시 은평구 불광동 487-2,연신내역 1번 출구,37.619781,126.920807
은평구,952. 서울연신중학교,202503,409,350,서울연신중학교,ST-1038,서울특별시 은평구 불광동 400-4번지,서울연신중학교,37.62265,126.925247
은평구,953. 서울연신초등학교,202503,237,189,서울연신초등학교,ST-1039,서울특별시 은평구 불광동 73-1번지,서울연신초등학교,37.625778,126.928818
강동구,1025. 상일초등학교,202503,524,517,상일초등학교,ST-1042,서울특별시 강동구 상일동 440-3,상일초등학교,37.546841,127.172516
강서구,1155. 기쁜우리복지관,202503,1908,1805,기쁜우리복지관,ST-1255,서울특별시 강서구 허준로 65,기쁜우리복지관,0.0,0.0
강서구,1155. 기쁜우리복지관,202503,1908,1805,기쁜우리복지관,ST-1067,서울특별시 강서구 가양동 1458-15,기쁜우리복지관,37.56926,126.848419
강서구,1157. 강서구청,202503,2980,3273,강서구청,ST-1069,서울특별시 강서구 화곡로 302,강서구청,37.550659,126.84977
송파구,1251. 석촌역 2번출구,202503,2319,2326,석촌역 2번출구,ST-1070,서울특별시 송파구 송파동 68,석촌역 2번출구,37.505932,127.10775
송파구,1253. 오금역 3번 출구 뒤,202503,555,541,오금역 3번 출구 뒤,ST-1072,서울특별시 송파구 가락동 10-15,오금역 3번 출구 뒤,37.501652,127.128181
송파구,1256. 문정현대아파트 교차로,202503,723,706,문정현대아파트 교차로,ST-1075,서울특별시 송파구 문정동 3-2,문정현대아파트 교차로,37.491131,127.125809
송파구,1258. 가락미륭아파트 앞,202503,328,251,가락미륭아파트 앞,ST-1077,서울특별시 송파구 가락동 195-4,가락미륭아파트 앞,37.493198,127.128998
송파구,1259. 방이역 1번출구,202503,1394,1409,방이역 1번출구,ST-1078,서울특별시 송파구 오금동 17-20,방이역 1번출구,37.508984,127.126595
송파구,1260. 방이동 한양3차아파트 옆,202503,1331,1332,방이동 한양3차아파트 옆,ST-1079,서울특별시 송파구 방이동 225-1,방이동 한양3차아파트 옆,37.506302,127.121399
송파구,1262. 송파여성문화회관 앞,202503,1861,1895,송파여성문화회관 앞,ST-1081,서울특별시 송파구 송파동 2-3,송파여성문화회관 앞,37.505802,127.109718
송파구,1263. 장지공영차고지,202503,314,334,장지공영차고지,ST-1082,서울특별시 송파구 장지동 861-6,장지공영차고지,37.480541,127.137016
송파구,1264. 천호역 10번 출구 앞,202503,2921,2921,천호역 10번 출구 앞,ST-1083,서울특별시 송파구 풍납동 490-16,천호역 10번 출구 앞,37.538582,127.122803
송파구,1265. 문정동 근린공원,202503,1010,1028,문정동 근린공원,ST-1084,서울특별시 송파구 문정동 38-3,문정동 근린공원,37.485989,127.124763
송파구,1267. 올림픽공원 남2문 앞,202503,954,946,올림픽공원 남2문 앞,ST-1086,서울특별시 송파구 올림픽로 424,올림픽공원 남2문 앞,37.51424,127.12307
송파구,1268. 몽촌토성역 1번출구 옆,202503,1616,1632,몽촌토성역 1번출구 옆,ST-1087,서울특별시 송파구 방이동 88-21,몽촌토성역 1번출구 옆,37.517288,127.114197
송파구,1269. 리센츠아파트 ,202503,1456,1376,리센츠아파트,ST-1088,서울특별시 송파구 올림픽로 135,리센츠아파트,37.511944,127.091217
송파구,1271. 송파도서관,202503,948,953,송파도서관,ST-1089,서울특별시 송파구 동남로 263,송파도서관,37.499985,127.135391
성동구,512. 뚝섬역 1번 출구 옆,202503,2224,2263,뚝섬역 1번 출구 옆,ST-109,서울특별시 성동구 아차산로 18,뚝섬역 1번 출구 옆,37.548561,127.045006
송파구,1274. 영파여고 앞,202503,1282,1269,영파여고 앞,ST-1092,서울특별시 송파구 올림픽로 565,영파여고 앞,37.532848,127.121048
중랑구,1444. 면목4치안센터,202503,965,1300,면목4치안센터,ST-1095,서울특별시 중랑구 면목동 646-4,면목4치안센터,37.574028,127.080544
중랑구,1446. 중랑전화국 교차로,202503,1552,1667,중랑전화국 교차로,ST-1097,서울특별시 중랑구 면목동 282-8,중랑전화국 교차로,37.591301,127.08033
중랑구,1447. 면목역 3번출구,202503,2060,2506,면목역 3번출구,ST-1098,서울특별시 중랑구 면목동 120-2,면목역 3번출구,37.588902,127.08728
중랑구,1448. 코스트코 상봉점,202503,1701,1790,코스트코 상봉점,ST-1099,서울특별시 중랑구 상봉동 160-3,코스트코 상봉점,37.597321,127.089798
마포구,400. 상암한화오벨리스크 1차 앞,202503,921,910,상암한화오벨리스크 1차 앞,ST-110,서울특별시 마포구 구룡길 19,상암한화오벨리스크 1차 앞,37.587524,126.883003
강북구,1527. 미아역 1번 출구 뒤,202503,581,574,미아역 1번 출구 뒤,ST-1101,서울특별시 강북구 미아동 194-1,미아역 1번 출구 뒤,37.627335,127.026054
강북구,1528. 삼각산동 주민센터,202503,455,182,삼각산동 주민센터,ST-1102,서울특별시 강북구 미아동 813-8,삼각산동 주민센터,37.615036,127.020699
강북구,1529. 미아동 한국전력공사,202503,1192,1185,미아동 한국전력공사,ST-1103,서울특별시 강북구 미아동 194-1,미아동 한국전력공사,37.63018,127.02491
강북구,1530. 광산사거리,202503,1350,1363,광산사거리,ST-1104,서울특별시 강북구 노해로 87,광산사거리,37.643551,127.022347
강북구,1531. 미아사거리 1번 출구,202503,1681,1796,미아사거리 1번 출구,ST-1105,서울특별시 강북구 미아동 66-1,미아사거리 1번 출구,37.613956,127.030251
강북구,1532. 번3동 주민센터 교차로,202503,807,838,번3동 주민센터 교차로,ST-1106,서울특별시 강북구 번동 2-2,번3동 주민센터 교차로,37.626354,127.047447
강북구,"1533. 번동 주공3, 4단지 교차로",202503,836,855,"번동 주공3, 4단지 교차로",ST-1107,서울특별시 강북구 번동 254,"번동 주공3, 4단지 교차로",37.629917,127.040916
강북구,1535. 효성인텔리안 앞,202503,1666,1714,효성인텔리안 앞,ST-1109,서울특별시 강북구  수유동 230-7,효성인텔리안 앞,37.636292,127.023376
성동구,513. 뚝섬역 5번 출구 정류소 옆,202503,1109,1105,뚝섬역 5번 출구 정류소 옆,ST-111,서울특별시 성동구 아차산로 18,뚝섬역 5번 출구 정류소 옆,37.546307,127.049805
강북구,1536. 번동 두산위브 101동 옆,202503,606,590,번동 두산위브 101동 옆,ST-1110,서울특별시 강북구 번동 386-17,번동 두산위브 101동 옆,37.636261,127.032173
노원구,1643. 태릉입구역 8번출구,202503,1811,1848,태릉입구역 8번출구,ST-1111,서울특별시 노원구 공릉동 687-6,태릉입구역 8번출구,37.617367,127.075211
노원구,1646. 삼육대 입구,202503,324,316,삼육대 입구,ST-1114,서울특별시 노원구 공릉동 26-43,삼육대 입구,37.638489,127.107903
노원구,1650. 중계근린공원내,202503,2890,2894,중계근린공원내,ST-1118,서울특별시 노원구 중계동 506-3,중계근린공원내,37.63958,127.065102
성동구,514. 성수사거리 버스정류장 앞,202503,2376,2382,성수사거리 버스정류장 앞,ST-112,서울특별시 성동구 아차산로 171,성수사거리 버스정류장 앞,37.54258,127.063309
노원구,1652. 파르코 앞,202503,344,339,파르코 앞,ST-1120,서울특별시 노원구 상계동 1263,파르코 앞,37.68,127.05558
노원구,1653. 노원역1번출구,202503,2771,2761,노원역1번출구,ST-1121,서울특별시 노원구 상계동 335-4,노원역1번출구,37.6562,127.063622
노원구,1655. 공릉1단지아파트,202503,2287,2298,공릉1단지아파트,ST-1123,서울특별시 중랑구 동일로 1127,공릉1단지아파트,37.631111,127.07016
노원구,1657. 노원구청 ,202503,1886,1916,노원구청,ST-1125,서울특별시 노원구 노해로 437,노원구청,37.654049,127.057327
노원구,1659. 중계동 을지중학교,202503,860,724,중계동 을지중학교,ST-1127,서울특별시 노원구 중계동 370,중계동 을지중학교,37.65033,127.071602
노원구,1660. 서울시립과학관,202503,366,296,서울시립과학관,ST-1128,서울특별시 노원구 하계동 266,서울시립과학관,37.642071,127.076622
도봉구,1714. 도봉문화정보도서관 삼거리,202503,443,80,도봉문화정보도서관 삼거리,ST-1130,서울특별시 도봉구 덕릉로 315,도봉문화정보도서관 삼거리,37.64463,127.044609
도봉구,1715. 서울특별시교육청도봉도서관,202503,516,522,서울특별시교육청도봉도서관,ST-1131,서울특별시 도봉구 삼양로556,서울특별시교육청도봉도서관,37.653179,127.012787
도봉구,1719. 신도봉사거리 버스정류장,202503,692,717,신도봉사거리 버스정류장,ST-1135,서울특별시 도봉구 도봉로 771,신도봉사거리 버스정류장,37.673283,127.043991
도봉구,1720. 도봉구청 옆(중랑천변),202503,1240,1228,도봉구청 옆(중랑천변),ST-1136,서울특별시 도봉구 마들로 656,도봉구청 옆(중랑천변),37.668671,127.047981
금천구,1841. 가산동 주민센터,202503,1292,1317,가산동 주민센터,ST-1142,서울특별시 금천구 가산동 144-3,가산동 주민센터,37.476952,126.891869
금천구,1842. 한울중학교,202503,163,46,한울중학교,ST-1143,서울특별시 금천구 시흥동 1000-3,한울중학교,37.462574,126.90686
금천구,1843. 독산고등학교,202503,467,338,독산고등학교,ST-1144,서울특별시 금천구 독산동 906-42,독산고등학교,37.477097,126.911133
금천구,1845. 롯데캐슬골드파크1차 서문,202503,25,19,롯데캐슬골드파크1차 서문,ST-1146,서울특별시 금천구 벚꽃로40,롯데캐슬골드파크1차 서문,37.460289,126.892189
금천구,1846. 롯데캐슬골드파크1차 동문,202503,811,835,롯데캐슬골드파크1차 동문,ST-1147,서울특별시 금천구 독산동 441-19,롯데캐슬골드파크1차 동문,37.460171,126.896042
금천구,1848. 벽산 디지털밸리 5차,202503,880,1164,벽산 디지털밸리 5차,ST-1149,서울특별시 금천구 가산동 60-73,벽산 디지털밸리 5차,37.476276,126.885391
동작구,2059. 보라매공원 정문,202503,1150,1202,보라매공원 정문,ST-1151,서울특별시 동작구 신대방동 395,보라매공원 정문,37.497078,126.917793
동작구,2060. 남성역3번출구 뒤,202503,1095,1215,남성역3번출구 뒤,ST-1152,서울특별시 동작구 사당동 1131,남성역3번출구 뒤,37.484631,126.97155
동작구,2062. 사당새마을금고,202503,338,321,사당새마을금고,ST-1154,서울특별시 동작구 사당동 211-2,사당새마을금고,37.486652,126.967842
관악구,2159. 인헌초교,202503,204,190,인헌초교,ST-1156,서울특별시 관악구 봉천동 244-1,인헌초교,37.47509,126.959229
서초구,2266. 서초역 3번출구,202503,649,644,서초역 3번출구,ST-1158,서울특별시 서초구 서초동 1748-14,서초역 3번출구,37.49054,127.008163
중구,300. 정동사거리,202503,904,867,정동사거리,ST-116,서울특별시 중구 정동길 2-1,정동사거리,37.56805,126.969231
서초구,2269. 주홍교 하부,202503,192,81,주홍교 하부,ST-1161,서울특별시 서초구 잠원동 91-29,주홍교 하부,37.510349,127.016052
서초구,2270. 서초포레스타 7단지,202503,274,263,서초포레스타 7단지,ST-1162,서울특별시 관악구 신원동 266,서초포레스타 7단지,37.448967,127.057739
서초구,2272. 교대입구 교차로,202503,447,428,교대입구 교차로,ST-1164,서울특별시 서초구 서초동 1748-33,교대입구 교차로,37.487309,127.010582
서초구,2273. 일동제약 사거리,202503,492,484,일동제약 사거리,ST-1165,서울특별시 서초구 양재동 67-12,일동제약 사거리,37.477829,127.038269
종로구,301. 경복궁역 7번출구 앞,202503,436,375,경복궁역 7번출구 앞,ST-117,서울특별시 종로구 사직로 지하130,경복궁역 7번출구 앞,37.575794,126.971451
강남구,2362. 신사동 가로수길 입구,202503,611,548,신사동 가로수길 입구,ST-1171,서울특별시 강남구 신사동 501-5,신사동 가로수길 입구,37.517635,127.022453
강남구,2365. K+ 타워 앞,202503,536,567,K+ 타워 앞,ST-1174,서울특별시 강남구 도산대로 333,K+ 타워 앞,37.5233,127.038475
강남구,2368. 도곡동 경남아파트 건너편,202503,373,263,도곡동 경남아파트 건너편,ST-1177,서울특별시 강남구 도곡동 874-1,도곡동 경남아파트 건너편,37.489342,127.041298
강남구,2369. KT선릉타워,202503,1169,1126,KT선릉타워,ST-1178,서울특별시 강남구 대치동 1011,KT선릉타워,37.505428,127.052872
강남구,2370. 한티역 3번출구,202503,302,302,한티역 3번출구,ST-1179,서울특별시 강남구 대치동 1026,한티역 3번출구,37.496552,127.054298
강남구,2371. 한국우편사업진흥원,202503,226,113,한국우편사업진흥원,ST-1180,서울특별시 강남구 언주로 651,한국우편사업진흥원,37.514748,127.035133
강남구,2372. 대치역 사거리,202503,861,982,대치역 사거리,ST-1181,서울특별시 강남구 삼성로 156,대치역 사거리,37.494499,127.063797
강남구,2373. 개포동역 사거리,202503,376,313,개포동역 사거리,ST-1182,서울특별시 강남구 개포동 181-3,개포동역 사거리,37.489277,127.065575
강남구,2375. 수서역 1번출구 앞,202503,1073,1279,수서역 1번출구 앞,ST-1184,서울특별시 강남구 수서동 728,수서역 1번출구 앞,37.48735,127.100998
강남구,2376. 수서역 6번출구 앞,202503,707,786,수서역 6번출구 앞,ST-1185,서울특별시 강남구 수서동 740,수서역 6번출구 앞,37.486778,127.100517
서대문구,3100. 북성초교,202503,308,290,북성초교,ST-1188,서울특별시 서대문구 신촌로 235-1,북성초교,37.557396,126.952164
서대문구,3101. 서대문구청,202503,271,272,서대문구청,ST-1189,서울특별시 서대문구 연희로 242,서대문구청,37.578381,126.936096
광진구,3506. 영동대교 북단,202503,1273,1264,영동대교 북단,ST-1191,서울특별시 광진구 자양동 203-22,영동대교 북단,37.537014,127.061096
광진구,3507. 어린이회관,202503,978,754,어린이회관,ST-1192,서울특별시 광진구 능동 465-7,어린이회관,37.545952,127.078003
광진구,3508. 화양사거리,202503,813,714,화양사거리,ST-355,서울특별시 성동구 광나루로 334,화양사거리,37.548149,127.06707
광진구,3508. 화양사거리,202503,813,714,화양사거리,ST-1193,서울특별시 광진구 화양동 21-6,화양사거리,37.548222,127.067879
광진구,3509. 세종사이버대학교,202503,2731,2773,세종사이버대학교,ST-1194,서울특별시 광진구 군자동 111-2,세종사이버대학교,37.553417,127.073196
성동구,3513. 상왕십리역 1번출구,202503,2077,1140,상왕십리역 1번출구,ST-1197,서울특별시 성동구 하왕십리동 860-1,상왕십리역 1번출구,37.56461,127.029198
성동구,3514. 왕십리교회옆,202503,2137,2110,왕십리교회옆,ST-1198,서울특별시 성동구 상왕십리동 350-1,왕십리교회옆,37.566261,127.023697
성동구,3515. 서울숲 관리사무소,202503,1786,1808,서울숲 관리사무소,ST-1199,서울특별시 성동구 성수동1가 678-1,서울숲 관리사무소,37.542816,127.042084
성북구,1342. 성북쉼터 앞,202503,210,67,성북쉼터 앞,ST-1206,서울특별시 성북구 성북로21길 32,성북쉼터 앞,37.592617,126.997932
성북구,1343. 한성대7번출구 앞,202503,362,358,한성대7번출구 앞,ST-1207,서울특별시 성북구 동소문로 11,한성대7번출구 앞,37.589249,127.007378
성북구,1344. 아리랑시네센터 앞,202503,227,173,아리랑시네센터 앞,ST-1208,서울특별시 성북구 아리랑로 82,아리랑시네센터 앞,37.600288,127.013702
성북구,1346. 길음8골어린이공원 옆,202503,576,585,길음8골어린이공원 옆,ST-1210,서울특별시 성북구 길음로13길 22,길음8골어린이공원 옆,37.608978,127.020248
성북구,1347. 길음래미안아파트817동 상가 앞,202503,174,167,길음래미안아파트817동 상가 앞,ST-1211,서울특별시 성북구 길음로 33,길음래미안아파트817동 상가 앞,37.607105,127.0215
성북구,1348. 성북제일새마을금고 본점 앞,202503,368,372,성북제일새마을금고 본점 앞,ST-1212,서울특별시 성북구 길음로 20,성북제일새마을금고 본점 앞,37.604752,127.022758
성북구,1352. e 편한세상 보문아파트 내,202503,137,97,e 편한세상 보문아파트 내,ST-1216,서울특별시 성북구 낙산길 255,e 편한세상 보문아파트 내,37.583881,127.017097
성북구,1353. 금호어울림센터힐 내,202503,269,268,금호어울림센터힐 내,ST-1217,서울특별시 성북구 동소문로34길 73,금호어울림센터힐 내,37.60083,127.023552
구로구,1957. 구일고등학교 정문 ,202503,1891,1802,구일고등학교 정문,ST-1219,서울특별시 구로구 구일로 90-51,구일고등학교 정문,37.493401,126.874329
구로구,1958. 강서수도사업소민원센터,202503,2190,2395,강서수도사업소민원센터,ST-1220,서울특별시 구로구 가마산로 272,강서수도사업소민원센터,37.495781,126.890121
구로구,1962. 가리봉동주민센터,202503,1221,1221,가리봉동주민센터,ST-1224,서울특별시 구로구 디지털로26길 5,가리봉동주민센터,37.481602,126.892799
구로구,1964. 원메디타운 앞,202503,1823,1842,원메디타운 앞,ST-1226,서울특별시 구로구 경인로 403,원메디타운 앞,37.49789,126.864502
구로구,1966. 한마을아파트 정문상가,202503,1181,1182,한마을아파트 정문상가,ST-1228,서울특별시 구로구 경인로 382,한마을아파트 정문상가,37.496498,126.863098
구로구,1967. 참새공원(백곡경노당),202503,442,457,참새공원(백곡경노당),ST-1229,서울특별시 구로구 고척로21길 85,참새공원(백곡경노당),37.505138,126.844337
종로구,307. 서울역사박물관 앞,202503,480,462,서울역사박물관 앞,ST-123,서울특별시 종로구 새문안로 55,서울역사박물관 앞,37.57,126.9711
구로구,1969. 궁동생태공원,202503,101,80,궁동생태공원,ST-1231,서울특별시 구로구 오리로 1352,궁동생태공원,37.501904,126.828964
구로구,1973. 오리로와 서해안도로 교차로 앞,202503,309,240,오리로와 서해안도로 교차로 앞,ST-1235,서울특별시 구로구 오리로 1181,오리로와 서해안도로 교차로 앞,37.488598,126.836494
구로구,1974. 신도림2차e편한세상아파트 203동 앞,202503,968,845,신도림2차e편한세상아파트 203동 앞,ST-1236,서울특별시 구로구 신도림로 16,신도림2차e편한세상아파트 203동 앞,37.50518,126.882538
구로구,1975. 대림역 1번 출입구 밑,202503,1420,1408,대림역 1번 출입구 밑,ST-1237,서울특별시 구로구 도림천로 351,대림역 1번 출입구 밑,37.492565,126.894753
구로구,1976. 남구로역 5번 출입구 앞,202503,521,342,남구로역 5번 출입구 앞,ST-1238,서울특별시 구로구 도림로 지하 7,남구로역 5번 출입구 앞,37.48568,126.886703
구로구,1977. 천왕역 1번 출입구 앞,202503,1448,1133,천왕역 1번 출입구 앞,ST-1239,서울특별시 구로구 오리로 지하 1154,천왕역 1번 출입구 앞,37.48621,126.838821
구로구,1979. 구로1동우체국 앞,202503,196,175,구로1동우체국 앞,ST-1241,서울특별시 구로구 구일로 64,구로1동우체국 앞,37.492031,126.873772
강남구,2383. 보금자리정원,202503,234,285,보금자리정원,ST-1248,서울특별시 강남구 헌릉로569길 39-6,보금자리정원,37.466328,127.094887
강서구,1158. 가양역 8번출구,202503,3351,3484,가양역 8번출구,ST-1249,서울특별시 강서구 양천로 지하 485,가양역 8번출구,37.561035,126.854813
강서구,1162. 공항초등학교건너편,202503,2509,2472,공항초등학교건너편,ST-1253,서울특별시 강서구 마곡서1로 68,공항초등학교건너편,37.562679,126.820473
관악구,2164. 관악우체국,202503,642,629,관악우체국,ST-1259,서울특별시 관악구 남부순환로 1641,관악우체국,37.484768,126.932877
중구,310. 청계광장 옆,202503,1717,1734,청계광장 옆,ST-126,서울특별시 중구 세종대로 136,청계광장 옆,37.568878,126.97747
관악구,2165. JK장평타워,202503,186,151,JK장평타워,ST-1260,서울특별시 관악구 남부순환로 1943,JK장평타워,37.476482,126.965363
관악구,2167. 낙성대역 1번출구,202503,330,340,낙성대역 1번출구,ST-1262,서울특별시 관악구 남부순환로 1944,낙성대역 1번출구,37.476295,126.964958
관악구,2169. 봉천역 2번출구,202503,1057,1054,봉천역 2번출구,ST-1264,서울특별시 관악구 남부순환로 1728,봉천역 2번출구,37.482189,126.942131
광진구,3517. 용마사거리,202503,1332,1454,용마사거리,ST-1266,서울특별시 광진구 능동로 373,용마사거리,37.562527,127.082275
관악구,2172. 나들목공원,202503,393,345,나들목공원,ST-1267,서울특별시 관악구 신림로 41,나들목공원,37.469406,126.944511
관악구,2173. 당곡사거리,202503,2884,3068,당곡사거리,ST-1268,서울특별시 관악구 보라매로 3,당곡사거리,37.48975,126.927467
관악구,2174. 삼성디지털프라자관악점,202503,481,463,삼성디지털프라자관악점,ST-1269,서울특별시 관악구 신림로 386,삼성디지털프라자관악점,37.488564,126.928482
관악구,2175. 신림동걷고싶은문화의거리입구,202503,861,895,신림동걷고싶은문화의거리입구,ST-1270,서울특별시 관악구 신림로 369,신림동걷고싶은문화의거리입구,37.487301,126.928703
구로구,1983. 구로동롯데아파트,202503,706,709,구로동롯데아파트,ST-1273,서울특별시 구로구 새말로 31,구로동롯데아파트,37.502548,126.883881
구로구,1985. 구로도서관,202503,3195,2965,구로도서관,ST-1275,서울특별시 구로구 공원로 15,구로도서관,37.498516,126.891991
금천구,1849. 대륭포스트타워5차,202503,414,415,대륭포스트타워5차,ST-1276,서울특별시 금천구 디지털로9길 68,대륭포스트타워5차,37.481354,126.88694
금천구,1850. 코오롱테크노밸리,202503,325,320,코오롱테크노밸리,ST-1277,서울특별시 금천구 디지털로9길 56,코오롱테크노밸리,37.48016,126.886368
노원구,1661. 당현천근린공원,202503,1547,1388,당현천근린공원,ST-1278,서울특별시 노원구 동일로 1342,당현천근린공원,37.649639,127.065605
노원구,1663. 동해문화예술관앞,202503,2454,2594,동해문화예술관앞,ST-1280,서울특별시 노원구 화랑로 429,동해문화예술관앞,37.619381,127.057854
노원구,1664. 노해근린공원내,202503,433,414,노해근린공원내,ST-1281,서울특별시 노원구 노원로22길 1,노해근린공원내,37.649361,127.070442
노원구,1666. 노원소방서인근,202503,746,553,노원소방서인근,ST-1283,서울특별시 노원구 노원로26길 111,노원소방서인근,37.655781,127.071777
노원구,1667. 중계중학교,202503,1402,1290,중계중학교,ST-1284,서울특별시 노원구 덕릉로76길 23,중계중학교,37.654499,127.074387
노원구,1669. 중계역 3번출구,202503,1836,1833,중계역 3번출구,ST-1286,서울특별시 노원구 동일로 지하 1308-1,중계역 3번출구,37.643528,127.065224
노원구,1670. 노원경찰서교차로,202503,1167,1132,노원경찰서교차로,ST-1287,서울특별시 노원구 노원로 283,노원경찰서교차로,37.64341,127.071838
노원구,1671. 인덕대학교,202503,655,662,인덕대학교,ST-1288,서울특별시 노원구 초안산로 12,인덕대학교,37.629349,127.054825
노원구,1672. 상계동수락리버시티,202503,406,423,상계동수락리버시티,ST-1289,서울특별시 노원구 누원로 18,상계동수락리버시티,37.688599,127.053406
노원구,1674. 서울북부고용센터앞,202503,2512,2627,서울북부고용센터앞,ST-1291,서울특별시 노원구 노해로 450,서울북부고용센터앞,37.653549,127.058083
도봉구,1722. 창동청소년수련관,202503,835,826,창동청소년수련관,ST-1292,서울특별시 도봉구 노해로69길 132,창동청소년수련관,37.657799,127.050049
도봉구,1723. 방학동학마을도서관,202503,339,307,방학동학마을도서관,ST-1293,서울특별시 도봉구 시루봉로 128,방학동학마을도서관,37.662079,127.027718
도봉구,1725. 창1동주민센터,202503,378,443,창1동주민센터,ST-1295,서울특별시 도봉구 해등로 46,창1동주민센터,37.647503,127.043312
도봉구,1727. 서울도봉초등학교인근,202503,469,437,서울도봉초등학교인근,ST-1297,서울특별시 도봉구 도봉로173길 96,서울도봉초등학교인근,37.678677,127.040764
동대문구,648. 장안동위더스빌옆,202503,2422,2442,장안동위더스빌옆,ST-1300,서울특별시 동대문구 한천로 42,장안동위더스빌옆,37.5667,127.062424
동대문구,650. 중랑교사거리,202503,1232,1071,중랑교사거리,ST-1302,서울특별시 동대문구 망우로 131,중랑교사거리,37.591534,127.067741
서초구,2285. LH서초3단지 301동 맞은편,202503,260,258,LH서초3단지 301동 맞은편,ST-1311,서울특별시 서초구 양재대로2길 33,LH서초3단지 301동 맞은편,37.457424,127.022652
서초구,2286. 탑성마을입구,202503,40,9,탑성마을입구,ST-1312,서울특별시 서초구 탑성말길 2,탑성마을입구,37.45855,127.055885
서초구,2287. 능안마을입구,202503,42,15,능안마을입구,ST-1313,서울특별시 서초구 능안말길 1-2,능안마을입구,37.45562,127.067101
서초구,2289. 남태령역 2번출구,202503,97,38,남태령역 2번출구,ST-1315,서울특별시 서초구 과천대로 810,남태령역 2번출구,37.464298,126.988525
성북구,1354. 고려대학교 2번출구,202503,1488,1504,고려대학교 2번출구,ST-1317,서울특별시 성북구 종암로 지하 1,고려대학교 2번출구,37.590714,127.036194
종로구,316. 종각역 1번출구 앞,202503,1660,1652,종각역 1번출구 앞,ST-132,서울특별시 종로구 종로 47,종각역 1번출구 앞,37.570396,126.981789
영등포구,278. 쌍용플레티넘오피스텔,202503,2063,1773,쌍용플레티넘오피스텔,ST-1323,서울특별시 영등포구 도영로 18,쌍용플레티넘오피스텔,37.507931,126.895233
용산구,828. 숙대입구역 8번,202503,767,865,숙대입구역 8번,ST-1325,서울특별시 용산구 한강대로 289,숙대입구역 8번,37.544079,126.972
은평구,954. 은평뉴타운구파발9단지,202503,482,538,은평뉴타운구파발9단지,ST-1329,서울특별시 은평구 진관3로 77,은평뉴타운구파발9단지,37.642609,126.921478
중랑구,1449. 상봉역 1번출구,202503,1937,1912,상봉역 1번출구,ST-1332,서울특별시 중랑구 망우로 297,상봉역 1번출구,37.596558,127.085838
중랑구,1451. 중랑세무서,202503,2047,2358,중랑세무서,ST-1334,서울특별시 중랑구 망우로 176,중랑세무서,37.592758,127.07267
관악구,2171. 서울대입구역 5번출구,202503,925,888,서울대입구역 5번출구,ST-1337,서울특별시 관악구 남부순환로 1817,서울대입구역 5번출구,37.481548,126.952003
강서구,1165. 마곡중학교 후문,202503,1443,1003,마곡중학교 후문,ST-1338,서울특별시 강서구 마곡중앙5로 58,마곡중학교 후문,37.568447,126.821648
용산구,832. 이촌1동 주민센터 뒤,202503,864,919,이촌1동 주민센터 뒤,ST-1339,서울특별시 용산구 이촌로71길 24,이촌1동 주민센터 뒤,37.521282,126.973465
용산구,836. 현대자동차서비스 앞,202503,647,646,현대자동차서비스 앞,ST-1343,서울특별시 용산구 원효로 74,현대자동차서비스 앞,37.531422,126.9515
중랑구,1453. 중랑캠핑숲,202503,165,147,중랑캠핑숲,ST-1345,서울특별시 중랑구 송림길 172,중랑캠핑숲,37.604603,127.109253
중랑구,1454. 한국전력공사(동대문 중랑지사),202503,694,772,한국전력공사(동대문 중랑지사),ST-1346,서울특별시 중랑구 동일로 862,한국전력공사(동대문 중랑지사),37.607349,127.07859
노원구,1675. 월계문화체육센터,202503,241,190,월계문화체육센터,ST-1348,서울특별시 노원구 월계로 280,월계문화체육센터,37.626942,127.05513
강서구,1166. 강서구립등빛도서관,202503,4236,4268,강서구립등빛도서관,ST-1351,서울특별시 강서구 강서로62길 48,강서구립등빛도서관,37.562569,126.842461
동작구,2064. 흑석한강푸르지오 106동앞,202503,38,23,흑석한강푸르지오 106동앞,ST-1355,서울특별시 동작구 흑석한강로 27,흑석한강푸르지오 106동앞,37.505356,126.966179
관악구,2176. 보라매공원 보도육교,202503,1470,1468,보라매공원 보도육교,ST-1357,서울특별시 관악구 신사로 132,보라매공원 보도육교,37.488991,126.916382
서초구,2293. SPC 앞,202503,538,489,SPC 앞,ST-1360,서울특별시 서초구 남부순환로 2620,SPC 앞,37.484798,127.036995
서초구,2294. 두상빌딩 앞,202503,1159,1257,두상빌딩 앞,ST-1361,서울특별시 서초구 언남길 87,두상빌딩 앞,37.475906,127.046242
강남구,2384. 자곡사거리,202503,1601,1700,자곡사거리,ST-1364,서울특별시 강남구 밤고개로 206,자곡사거리,37.476028,127.105942
강남구,2385. 학동역,202503,535,487,학동역,ST-1365,서울특별시 강남구 학동로 지하 180,학동역,37.51395,127.030151
송파구,1275. 거여초등학교 옆,202503,516,552,거여초등학교 옆,ST-1367,서울특별시 송파구 마천로25길 18,거여초등학교 옆,37.504589,127.139366
종로구,394. 경희궁 자이 3단지,202503,743,809,경희궁 자이 3단지,ST-1374,서울특별시 종로구 송월길 99,경희궁 자이 3단지,37.568855,126.964561
중랑구,1455. 상봉역 2번 출구,202503,1912,2056,상봉역 2번 출구,ST-1375,서울특별시 중랑구 망우로 297,상봉역 2번 출구,37.596329,127.085899
광진구,3520. 광진경찰서,202503,2602,2546,광진경찰서,ST-1378,서울특별시 광진구 자양로 167,광진경찰서,37.542519,127.084084
광진구,3521. 현대홈타운 뒷길,202503,194,111,현대홈타운 뒷길,ST-1379,서울특별시 광진구 아차산로69길 29,현대홈타운 뒷길,37.543427,127.096619
중구,322. 명동성당 앞,202503,577,486,명동성당 앞,ST-138,서울특별시 중구 명동길 74,명동성당 앞,37.564476,126.986969
중랑구,1456. 상아빌딩(우림시장 교차로),202503,1009,1068,상아빌딩(우림시장 교차로),ST-1380,서울특별시 중랑구 용마산로 494,상아빌딩(우림시장 교차로),37.595112,127.100327
중랑구,1457. 동원사거리,202503,432,407,동원사거리,ST-1381,서울특별시 중랑구 겸재로 229,동원사거리,37.58976,127.093239
성북구,1357. 북한산보국문역,202503,216,197,북한산보국문역,ST-1383,서울특별시 성북구 보국문로 91,북한산보국문역,37.612072,127.008133
성북구,1358. 정릉도서관 앞,202503,280,270,정릉도서관 앞,ST-1384,서울특별시 성북구 보국문로 7-10,정릉도서관 앞,37.60479,127.010582
성북구,1360. 정릉역,202503,399,401,정릉역,ST-1386,서울특별시 성북구 정릉로 272,정릉역,37.603096,127.013504
강북구,1537. 북한산 우이역,202503,410,332,북한산 우이역,ST-1387,서울특별시 강북구 삼양로 670,북한산 우이역,37.663666,127.012428
강북구,1538. 솔밭공원역,202503,143,127,솔밭공원역,ST-1388,서울특별시 강북구 삼양로 595,솔밭공원역,37.656158,127.013138
강북구,1540. 가오리역,202503,728,711,가오리역,ST-1390,서울특별시 강북구 삼양로 426,가오리역,37.64167,127.016884
강북구,1541. 삼양역,202503,156,134,삼양역,ST-1391,서울특별시 강북구 삼양로 263,삼양역,37.62653,127.018059
강북구,1542. 삼양사거리역,202503,291,288,삼양사거리역,ST-1392,서울특별시 강북구 삼양로 197,삼양사거리역,37.621552,127.02037
노원구,1678. 성서대학교 밀알관,202503,312,293,성서대학교 밀알관,ST-1394,서울특별시 노원구 동일로214길 32,성서대학교 밀알관,37.648438,127.064446
노원구,1679. 삼육대 도서관,202503,347,262,삼육대 도서관,ST-1395,서울특별시 노원구 화랑로 815,삼육대 도서관,37.64283,127.106667
양천구,752. 성원2차 아파트,202503,865,676,성원2차 아파트,ST-1400,서울특별시 양천구 목동중앙남로 100,성원2차 아파트,37.542183,126.863304
서초구,2297. 남부터미널역 1번출구,202503,563,487,남부터미널역 1번출구,ST-1404,서울특별시 서초구 서초중앙로 38,남부터미널역 1번출구,37.485672,127.015923
서초구,2299. 한전아트센터 앞,202503,564,590,한전아트센터 앞,ST-1406,서울특별시 서초구 효령로72길 60,한전아트센터 앞,37.486469,127.028061
강남구,2387. 래미안강남힐즈 사거리,202503,803,799,래미안강남힐즈 사거리,ST-1407,서울특별시 강남구 자곡로 101,래미안강남힐즈 사거리,37.472454,127.096077
송파구,1279. 마천금호어울림 1차아파트 건너편,202503,256,262,마천금호어울림 1차아파트 건너편,ST-1410,서울특별시 송파구 성내천로39길 4,마천금호어울림 1차아파트 건너편,37.497517,127.154678
송파구,1280. 송파파크데일 2단지입구 앞 주차장,202503,353,325,송파파크데일 2단지입구 앞 주차장,ST-1411,서울특별시 송파구 성내천로47길 23,송파파크데일 2단지입구 앞 주차장,37.495659,127.157173
송파구,1282. 송파소방서 맞은편(성내4교),202503,1376,1499,송파소방서 맞은편(성내4교),ST-1413,서울특별시 송파구 오금로51길 56,송파소방서 맞은편(성내4교),37.499874,127.141479
송파구,1285. 위례별 유치원 뒤,202503,361,354,위례별 유치원 뒤,ST-1416,서울특별시 송파구 위례광장로 136,위례별 유치원 뒤,37.47747,127.144592
송파구,1286. 위례중앙푸르지오 1단지 앞,202503,1021,1006,위례중앙푸르지오 1단지 앞,ST-1417,서울특별시 송파구 위례광장로 120,위례중앙푸르지오 1단지 앞,37.474377,127.140671
송파구,1288. 문정중교 사거리,202503,1131,981,문정중교 사거리,ST-1419,서울특별시 송파구 송이로 238,문정중교 사거리,37.487999,127.131088
종로구,326. 안국역 5번출구 앞,202503,281,268,안국역 5번출구 앞,ST-142,서울특별시 종로구 율곡로 지하62,안국역 5번출구 앞,37.576241,126.98616
강북구,1543. 수유1동 주민센터,202503,536,524,수유1동 주민센터,ST-1423,서울특별시 강북구 삼양로 299,수유1동 주민센터,37.630188,127.017738
노원구,1681. 현대6차 아파트,202503,1430,898,현대6차 아파트,ST-1425,서울특별시 노원구 중계로8길 20,현대6차 아파트,37.645802,127.08226
광진구,3510. 중곡SK아파트앞,202503,627,427,중곡SK아파트앞,ST-1427,서울특별시 광진구 용마산로32길 32,중곡SK아파트앞,37.568649,127.08625
광진구,3523. 건국대학교 과학관(이과대) 앞,202503,798,863,건국대학교 과학관(이과대) 앞,ST-1429,서울특별시 광진구 능동로 120,건국대학교 과학관(이과대) 앞,37.541718,127.08017
종로구,327. 낙원상가 옆,202503,1334,1358,낙원상가 옆,ST-143,서울특별시 종로구 삼일대로 428,낙원상가 옆,37.573357,126.987465
종로구,397. 종묘공영주차장 건너편,202503,323,312,종묘공영주차장 건너편,ST-1432,서울특별시 종로구 종로 지하 200,종묘공영주차장 건너편,37.57048,126.996635
강남구,2388. 강남구 도시관리공단,202503,410,203,강남구 도시관리공단,ST-1433,서울특별시 강남구 삼성로 628,강남구 도시관리공단,37.516785,127.051613
중구,399. 서울역 센트럴 자이아파트,202503,714,495,서울역 센트럴 자이아파트,ST-1436,서울특별시 중구 만리재로 175,서울역 센트럴 자이아파트,37.554108,126.965408
중구,428. 명보사거리,202503,562,475,명보사거리,ST-1437,서울특별시 중구 을지로 지하 129,명보사거리,37.5644,126.991432
중구,429. 송도병원,202503,49,26,송도병원,ST-1438,서울특별시 중구 다산로 59-1,송도병원,37.549889,127.007347
종로구,328. 탑골공원 앞,202503,585,575,탑골공원 앞,ST-144,서울특별시 종로구 종로 99,탑골공원 앞,37.570396,126.98819
용산구,839. 보광동 삼성리버빌아파트 앞,202503,537,507,보광동 삼성리버빌아파트 앞,ST-1441,서울특별시 용산구 보광로5길 40,보광동 삼성리버빌아파트 앞,37.52401,127.00145
용산구,840. 용산 파크타워 앞,202503,411,404,용산 파크타워 앞,ST-1442,서울특별시 용산구 서빙고로 67,용산 파크타워 앞,37.523651,126.970268
용산구,841. 신용산역 1번 출구,202503,1390,1574,신용산역 1번 출구,ST-1443,서울특별시 용산구 한강대로 100,신용산역 1번 출구,37.52961,126.968872
용산구,844. 이촌2동 동원베네스트 아파트 앞,202503,868,912,이촌2동 동원베네스트 아파트 앞,ST-1446,서울특별시 용산구 이촌로14길 7,이촌2동 동원베네스트 아파트 앞,37.527149,126.955162
동대문구,652. 답십리 래미안엘파인아파트 입구,202503,652,705,답십리 래미안엘파인아파트 입구,ST-1447,서울특별시 동대문구 사가정로 190,답십리 래미안엘파인아파트 입구,37.57653,127.065941
동대문구,654. 전농동 텃골공원,202503,673,456,전농동 텃골공원,ST-1449,서울특별시 동대문구 사가정로 65,전농동 텃골공원,37.577621,127.052109
성북구,1363. 보문4교 인근,202503,1720,1699,보문4교 인근,ST-1455,서울특별시 성북구 보문로22길 28,보문4교 인근,37.583752,127.02195
성북구,1364. 성북동 치안센터 앞,202503,565,525,성북동 치안센터 앞,ST-1456,서울특별시 성북구 성북로 25,성북동 치안센터 앞,37.590172,127.004089
성북구,1365. 선잠단지 앞,202503,222,154,선잠단지 앞,ST-1457,서울특별시 성북구 성북로 102-10,선잠단지 앞,37.593361,126.999092
성북구,1366. 일신초등학교 옆,202503,305,340,일신초등학교 옆,ST-1458,서울특별시 성북구 월곡로 74,일신초등학교 옆,37.59972,127.040382
도봉구,1730. 도봉산역 교차로 앞,202503,183,178,도봉산역 교차로 앞,ST-1462,서울특별시 도봉구 도봉산길 10,도봉산역 교차로 앞,37.687592,127.045502
도봉구,1733. 방학사거리 (봄마당 앞),202503,471,459,방학사거리 (봄마당 앞),ST-1465,서울특별시 도봉구 방학로 102,방학사거리 (봄마당 앞),37.662979,127.041939
도봉구,1734. 쌍문현대1차아파트 108동 앞,202503,626,535,쌍문현대1차아파트 108동 앞,ST-1466,서울특별시 도봉구 해등로 218,쌍문현대1차아파트 108동 앞,37.65815,127.032669
도봉구,"1735. 도봉역 1,2번 출구사이 건너편",202503,691,689,"도봉역 1,2번 출구사이 건너편",ST-1467,서울특별시 도봉구 도봉로170길 2,"도봉역 1,2번 출구사이 건너편",37.679119,127.044983
도봉구,1736. 버스정류장 앞,202503,383,273,버스정류장 앞,ST-1468,서울특별시 도봉구 도봉로 528,버스정류장 앞,37.652241,127.037064
중구,331. 을지로2가 사거리 북측,202503,934,929,을지로2가 사거리 북측,ST-147,서울특별시 중구 을지로 79,을지로2가 사거리 북측,37.566383,126.987206
도봉구,1738. 창동주공17단지 상가앞,202503,1251,1259,창동주공17단지 상가앞,ST-1470,서울특별시 도봉구 덕릉로 404,창동주공17단지 상가앞,37.646309,127.052742
노원구,1683. 노원문화예술회관,202503,1586,1583,노원문화예술회관,ST-1473,서울특별시 노원구 중계로 181,노원문화예술회관,37.650459,127.080887
노원구,1685. 불암고등학교 앞 횡단보도,202503,1105,1091,불암고등학교 앞 횡단보도,ST-1475,서울특별시 노원구 중계로 155,불암고등학교 앞 횡단보도,37.64819,127.080482
중구,332. 을지로2가 사거리 남측,202503,740,727,을지로2가 사거리 남측,ST-148,서울특별시 중구 을지로 100,을지로2가 사거리 남측,37.56599,126.987793
은평구,960. 구파발역 환승센터,202503,546,633,구파발역 환승센터,ST-1481,서울특별시 은평구 진관2로 지하 15-25,구파발역 환승센터,37.638252,126.919456
은평구,961. 불광역 9번 출구,202503,794,799,불광역 9번 출구,ST-1482,서울특별시 은평구 통일로 732,불광역 9번 출구,37.61097,126.92981
은평구,965. 서울특별시 은평병원,202503,419,132,서울특별시 은평병원,ST-1486,서울특별시 은평구 백련산로 90,서울특별시 은평병원,37.593479,126.923187
은평구,968. 은평뉴타운 상림마을 13단지,202503,82,75,은평뉴타운 상림마을 13단지,ST-1489,서울특별시 은평구 진관4로 48-50,은평뉴타운 상림마을 13단지,37.64209,126.929413
서대문구,3103. 홍제삼거리 북측,202503,610,600,홍제삼거리 북측,ST-1491,서울특별시 서대문구 통일로 지하 440-1,홍제삼거리 북측,37.5867,126.94677
서대문구,3104. e편한세상 신촌4단지 앞,202503,665,701,e편한세상 신촌4단지 앞,ST-1492,서울특별시 마포구 신촌로 지하 270,e편한세상 신촌4단지 앞,37.558128,126.956207
서대문구,3105. 홍은센트레빌 아파트 앞,202503,225,104,홍은센트레빌 아파트 앞,ST-1493,서울특별시 서대문구 통일로 553,홍은센트레빌 아파트 앞,37.597149,126.93853
마포구,432. 마포중앙도서관,202503,285,60,마포중앙도서관,ST-1494,서울특별시 마포구 성산로 128,마포중앙도서관,37.563339,126.908203
양천구,756. 목동주차장,202503,1282,1307,목동주차장,ST-1497,서울특별시 양천구 목동동로 298,목동주차장,37.52668,126.876167
양천구,757. 신정이펜하우스 1단지아파트 입구 사거리,202503,445,231,신정이펜하우스 1단지아파트 입구 사거리,ST-1498,서울특별시 양천구 신정이펜1로 99,신정이펜하우스 1단지아파트 입구 사거리,37.514278,126.828743
양천구,758. 한사랑교회 앞,202503,1083,1037,한사랑교회 앞,ST-1499,서울특별시 양천구 목동동로 33,한사랑교회 앞,37.514721,126.8592
종로구,334. 종로3가역 2번출구 뒤,202503,1128,1117,종로3가역 2번출구 뒤,ST-150,서울특별시 종로구 종로 지하129,종로3가역 2번출구 뒤,37.570599,126.991791
양천구,759. 보아스아파트 앞,202503,263,266,보아스아파트 앞,ST-1500,서울특별시 양천구 오목로3길 32,보아스아파트 앞,37.524071,126.8386
양천구,760. 잣절보도육교 아래,202503,469,441,잣절보도육교 아래,ST-1501,서울특별시 양천구 남부순환로 699,잣절보도육교 아래,37.506821,126.844299
양천구,763. 목동11단지 아파트,202503,1006,838,목동11단지 아파트,ST-1504,서울특별시 양천구 목동동로 10,목동11단지 아파트,37.510658,126.859161
강서구,1169. 염창역 1번 출구,202503,1689,1875,염창역 1번 출구,ST-1506,서울특별시 강서구 공항대로 625,염창역 1번 출구,37.547199,126.874489
강서구,1172. 가양3동 주민센터,202503,1562,1668,가양3동 주민센터,ST-1509,서울특별시 강서구 허준로 202,가양3동 주민센터,37.561249,126.86058
강서구,1173. 강서구청사거리(SH타워),202503,2757,2625,강서구청사거리(SH타워),ST-1510,서울특별시 강서구 공항대로 411,강서구청사거리(SH타워),37.556736,126.853073
강서구,1175. 대한항공 인력개발센터,202503,1068,737,대한항공 인력개발센터,ST-1512,서울특별시 강서구 공항대로 453,대한항공 인력개발센터,37.554379,126.857536
강서구,1178. 개화산역 2번 출구,202503,740,736,개화산역 2번 출구,ST-1515,서울특별시 강서구 양천로 22,개화산역 2번 출구,37.572472,126.806168
강서구,1180. 마곡엠밸리 15단지(1502동) 건너편,202503,2353,2360,마곡엠밸리 15단지(1502동) 건너편,ST-1517,서울특별시 강서구 마곡중앙로 36,마곡엠밸리 15단지(1502동) 건너편,37.557468,126.82972
강서구,1182. KBS 스포츠월드,202503,3195,3197,KBS 스포츠월드,ST-1519,서울특별시 강서구 공항대로 376,KBS 스포츠월드,37.556877,126.848808
구로구,1987. 개봉아이파크아파트 앞,202503,949,1069,개봉아이파크아파트 앞,ST-1522,서울특별시 구로구 개봉로2길 133-15,개봉아이파크아파트 앞,37.490341,126.860931
구로구,1988. 고척LIGA아파트 앞,202503,1678,1666,고척LIGA아파트 앞,ST-1523,서울특별시 구로구 중앙로 100,고척LIGA아파트 앞,37.50605,126.860786
구로구,1992. 구로구배드민턴실내체육관 앞,202503,324,328,구로구배드민턴실내체육관 앞,ST-1527,서울특별시 구로구 경인로15길 75,구로구배드민턴실내체육관 앞,37.491798,126.83242
구로구,1993. 금강수목원아파트 앞,202503,711,683,금강수목원아파트 앞,ST-1528,서울특별시 구로구 오리로 1197,금강수목원아파트 앞,37.48938,126.834198
구로구,1994. 삼성전자 물류센터 앞,202503,1382,1374,삼성전자 물류센터 앞,ST-1529,서울특별시 구로구 구일로 126,삼성전자 물류센터 앞,37.496998,126.87178
종로구,337. 창경궁 입구,202503,610,609,창경궁 입구,ST-153,서울특별시 종로구 창경궁로 185,창경궁 입구,37.578979,126.996475
구로구,1996. 구일역 1번 출입구 앞,202503,1750,1747,구일역 1번 출입구 앞,ST-1240,서울특별시 구로구 구일로 133,구일역 1번 출입구 앞,0.0,0.0
금천구,1853. 서울디자인직업전문학교 앞,202503,318,267,서울디자인직업전문학교 앞,ST-1534,서울특별시 금천구 가산로 70,서울디자인직업전문학교 앞,37.472481,126.895866
금천구,1854. 가산아네스트 오피스텔 앞,202503,687,265,가산아네스트 오피스텔 앞,ST-1535,서울특별시 금천구 남부순환로 1314,가산아네스트 오피스텔 앞,37.47818,126.897408
금천구,1855. 성지아파트 옆 도로변,202503,122,121,성지아파트 옆 도로변,ST-1536,서울특별시 금천구 시흥대로51길 55,성지아파트 옆 도로변,37.451321,126.897621
금천구,1856. 모두의학교,202503,491,455,모두의학교,ST-1537,서울특별시 금천구 남부순환로128길 42,모두의학교,37.478409,126.907372
금천구,1857. 주공14단지,202503,313,319,주공14단지,ST-1538,서울특별시 금천구 한내로 69-54,주공14단지,37.46056,126.887093
종로구,338. 세운스퀘어 앞,202503,535,538,세운스퀘어 앞,ST-154,서울특별시 종로구 창경궁로 109,세운스퀘어 앞,37.570957,126.997124
동작구,2068. 총신대 앞(육교),202503,147,40,총신대 앞(육교),ST-1544,서울특별시 동작구 동작대로 지하 3,총신대 앞(육교),37.488159,126.966476
동작구,2070. 노량진역 2번 출구 앞,202503,1029,1302,노량진역 2번 출구 앞,ST-1545,서울특별시 동작구 노량진로 155,노량진역 2번 출구 앞,37.51392,126.943069
관악구,2179. 양녕로 입구,202503,673,660,양녕로 입구,ST-1548,서울특별시 관악구 남부순환로 1761,양녕로 입구,37.482189,126.946159
종로구,339. 종로4가 사거리,202503,968,921,종로4가 사거리,ST-155,서울특별시 종로구 종로 185,종로4가 사거리,37.571068,126.998192
서초구,2501. 서초 포레스타5단지,202503,427,386,서초 포레스타5단지,ST-1552,서울특별시 서초구 청계산로7길 43,서초 포레스타5단지,37.450661,127.05706
서초구,2502. 서초역1번출구 앞,202503,415,351,서초역1번출구 앞,ST-1553,서울특별시 서초구 서초대로 248,서초역1번출구 앞,37.491951,127.008553
서초구,2503. 반포1동 서초빌딩 앞,202503,1062,1136,반포1동 서초빌딩 앞,ST-1554,서울특별시 서초구 사평대로 349,반포1동 서초빌딩 앞,37.503811,127.021362
서초구,2504. 신사역 4번출구 뒤,202503,930,736,신사역 4번출구 뒤,ST-1555,서울특별시 서초구 강남대로 605,신사역 4번출구 뒤,37.515881,127.019302
서초구,2506. LG유플러스 (방배사옥),202503,96,59,LG유플러스 (방배사옥),ST-1557,서울특별시 서초구 효령로 58,LG유플러스 (방배사옥),37.479092,126.990677
강남구,2389. 경기여자고등학교 후문 (삼성로3길 입구),202503,728,721,경기여자고등학교 후문 (삼성로3길 입구),ST-1559,서울특별시 강남구 개포로 지하 420,경기여자고등학교 후문 (삼성로3길 입구),37.48616,127.067238
종로구,340. 혜화동 로터리,202503,1160,1169,혜화동 로터리,ST-156,서울특별시 종로구 창경궁로 271-1,혜화동 로터리,37.585629,127.000679
강남구,2390. 구룡마을 입구 (래미안블레스티지 아파트),202503,567,547,구룡마을 입구 (래미안블레스티지 아파트),ST-1560,서울특별시 강남구 양재대로 478,구룡마을 입구 (래미안블레스티지 아파트),37.480881,127.063042
강남구,2396. 영동3교 북단(우성캐릭터 앞 보도),202503,442,409,영동3교 북단(우성캐릭터 앞 보도),ST-1566,서울특별시 강남구 언주로 118,영동3교 북단(우성캐릭터 앞 보도),37.485741,127.051048
강남구,2398. 더라움,202503,217,199,더라움,ST-1568,서울특별시 강남구 언주로 564,더라움,37.50811,127.039452
종로구,341. 혜화역 3번출구 뒤,202503,937,940,혜화역 3번출구 뒤,ST-157,서울특별시 종로구 대학로 지하120,혜화역 3번출구 뒤,37.58157,127.001785
강남구,2401. 밀알학교 입구 (삼성서울병원 입구),202503,274,156,밀알학교 입구 (삼성서울병원 입구),ST-1571,서울특별시 강남구 일원로 90,밀알학교 입구 (삼성서울병원 입구),37.486561,127.082672
강남구,2403. 공무원연금매점 교차로 (개포주공9단지 입구),202503,773,655,공무원연금매점 교차로 (개포주공9단지 입구),ST-1573,서울특별시 강남구 영동대로4길 10,공무원연금매점 교차로 (개포주공9단지 입구),37.48872,127.074539
강남구,2404. 대모산입구역 4번 출구 앞,202503,1352,1411,대모산입구역 4번 출구 앞,ST-1574,서울특별시 강남구 개포로 지하 522,대모산입구역 4번 출구 앞,37.49181,127.073158
강남구,2405. 청담공원앞 교차로,202503,636,187,청담공원앞 교차로,ST-1575,서울특별시 강남구 학동로 지하 346,청담공원앞 교차로,37.518711,127.05085
강남구,2406. 논현동 광명빌딩 앞,202503,284,224,논현동 광명빌딩 앞,ST-1576,서울특별시 강남구 도산대로 138,논현동 광명빌딩 앞,37.517571,127.023643
강남구,2408. 강남한양수자인아파트,202503,1019,991,강남한양수자인아파트,ST-1578,서울특별시 강남구 자곡로 260,강남한양수자인아파트,37.477341,127.113274
송파구,1291. 서울체육고등학교 앞,202503,1786,1878,서울체육고등학교 앞,ST-1580,서울특별시 송파구 강동대로 232,서울체육고등학교 앞,37.521938,127.131866
송파구,1295. 잠실역 8번출구,202503,3308,3304,잠실역 8번출구,ST-1584,서울특별시 송파구 올림픽로 305,잠실역 8번출구,37.513962,127.100304
송파구,1296. 석촌호수교차로 (송파나루근린공원 앞),202503,550,555,석촌호수교차로 (송파나루근린공원 앞),ST-1585,서울특별시 송파구 석촌호수로12길 1-16,석촌호수교차로 (송파나루근린공원 앞),37.508678,127.103432
송파구,1297. 석촌호수교차로(동호 팔각정 앞),202503,2665,2680,석촌호수교차로(동호 팔각정 앞),ST-1586,서울특별시 송파구 석촌호수로12길 1-16,석촌호수교차로(동호 팔각정 앞),37.509201,127.104118
송파구,1299. 송파소방서 (방이119안전센터),202503,589,487,송파소방서 (방이119안전센터),ST-1588,서울특별시 송파구 강동대로 286,송파소방서 (방이119안전센터),37.519878,127.136711
송파구,1300. 오륜사거리,202503,681,696,오륜사거리,ST-1589,서울특별시 송파구 성내천로16길 17,오륜사거리,37.506939,127.139221
광진구,3528. 광진정보도서관,202503,1084,1381,광진정보도서관,ST-1602,서울특별시 광진구 아차산로78길 90,광진정보도서관,37.550598,127.110512
광진구,3529. 어린이대공원정문,202503,741,599,어린이대공원정문,ST-1603,서울특별시 광진구 능동로 216,어린이대공원정문,37.549789,127.075928
종로구,452. 동대문 종합시장 버스정류장,202503,699,707,동대문 종합시장 버스정류장,ST-1605,서울특별시 종로구 종로 239,동대문 종합시장 버스정류장,37.571239,127.00441
종로구,454. 종로2가 버스정류장 (종각방향),202503,932,905,종로2가 버스정류장 (종각방향),ST-1607,서울특별시 종로구 종로 79-1,종로2가 버스정류장 (종각방향),37.570358,126.986382
종로구,345. 서울보증보험본사 앞,202503,1129,1192,서울보증보험본사 앞,ST-161,서울특별시 종로구 김상옥로 29,서울보증보험본사 앞,37.573307,127.00071
성동구,3530. 왕십리자이아파트 후문(삼거리),202503,328,188,왕십리자이아파트 후문(삼거리),ST-1616,서울특별시 성동구 무학봉길 35,왕십리자이아파트 후문(삼거리),37.560146,127.02636
성동구,3531. 논골사거리(금호도서관 입구),202503,281,36,논골사거리(금호도서관 입구),ST-1617,서울특별시 성동구 난계로 20,논골사거리(금호도서관 입구),37.554779,127.024841
성동구,3532. 왕십리KCC스위첸아파트,202503,181,128,왕십리KCC스위첸아파트,ST-1618,서울특별시 성동구 무학봉길 35,왕십리KCC스위첸아파트,37.56068,127.026779
종로구,461. 서울지방경찰청,202503,475,447,서울지방경찰청,ST-1619,서울특별시 종로구 사직로8길 31,서울지방경찰청,37.574364,126.972366
동대문구,656. 영휘원 교차로,202503,775,875,영휘원 교차로,ST-1628,서울특별시 동대문구 홍릉로 78-1,영휘원 교차로,37.587238,127.043137
중구,347. 동대문역사문화공원역 9번출구 앞,202503,643,628,동대문역사문화공원역 9번출구 앞,ST-163,서울특별시 중구 장충단로 지하230,동대문역사문화공원역 9번출구 앞,37.565331,127.007843
동대문구,660. 동의보감타워,202503,1863,1984,동의보감타워,ST-1632,서울특별시 동대문구 왕산로 128,동의보감타워,37.577999,127.037628
성북구,1370. 복자사랑 피정의 집,202503,323,110,복자사랑 피정의 집,ST-1634,서울특별시 성북구 성북로 132-4,복자사랑 피정의 집,37.59454,126.995209
성북구,1372. KEB은행 고대점,202503,978,852,KEB은행 고대점,ST-1636,서울특별시 성북구 인촌로 113,KEB은행 고대점,37.586445,127.031601
도봉구,1741. 제일강산수산입구,202503,1006,785,제일강산수산입구,ST-1638,서울특별시 도봉구 도봉로 444,제일강산수산입구,37.645199,127.032982
노원구,1688. 마들역 7번출구,202503,1989,2004,마들역 7번출구,ST-1639,서울특별시 노원구 동일로 지하 1530-1,마들역 7번출구,37.665661,127.057297
노원구,1689. 마들역 3번출구,202503,1269,1264,마들역 3번출구,ST-1640,서울특별시 노원구 동일로 지하 1530-1,마들역 3번출구,37.665249,127.057892
강서구,1184. 마곡13단지,202503,3113,3158,마곡13단지,ST-1645,서울특별시 강서구 방화대로7길 6,마곡13단지,37.55645,126.815979
강서구,1185. 등촌9단지,202503,1414,1343,등촌9단지,ST-1646,서울특별시 강서구 화곡로63가길 92,등촌9단지,37.562901,126.849472
강서구,1186. 송정중학교,202503,1028,1060,송정중학교,ST-1647,서울특별시 강서구 방화대로5길 7,송정중학교,37.554729,126.816093
영등포구,283. 아크로타워 스퀘어(영등포시장),202503,2489,2315,아크로타워 스퀘어(영등포시장),ST-1649,서울특별시 영등포구 양산로 213,아크로타워 스퀘어(영등포시장),37.522518,126.907219
영등포구,284. 센트럴 푸르지오 시티 앞,202503,1995,1818,센트럴 푸르지오 시티 앞,ST-1650,서울특별시 영등포구 문래로 180,센트럴 푸르지오 시티 앞,37.518211,126.902229
영등포구,286. 우성아파트 교차로,202503,885,917,우성아파트 교차로,ST-1652,서울특별시 영등포구 대림로 153,우성아파트 교차로,37.494572,126.89975
영등포구,287. 영등포전화국사거리 (서강어린이공원),202503,2076,2142,영등포전화국사거리 (서강어린이공원),ST-1653,서울특별시 영등포구 영중로 107,영등포전화국사거리 (서강어린이공원),37.525768,126.905739
광진구,3536. 중앙농협(자양동),202503,2215,2213,중앙농협(자양동),ST-1663,서울특별시 광진구 뚝섬로 639,중앙농협(자양동),37.531811,127.080742
광진구,3537. 아차산 휴먼시아 아파트 옆,202503,445,202,아차산 휴먼시아 아파트 옆,ST-1664,서울특별시 광진구 천호대로 716,아차산 휴먼시아 아파트 옆,37.548489,127.093758
강북구,1546. 송천동우체국,202503,289,409,송천동우체국,ST-1665,서울특별시 강북구 도봉로 71,송천동우체국,37.615459,127.029701
동작구,2069. 숭실대 입구역3번 출구 앞,202503,505,382,숭실대 입구역3번 출구 앞,ST-1667,서울특별시 동작구 상도로 지하 378,숭실대 입구역3번 출구 앞,37.496601,126.953682
중구,435. SK 남산빌딩,202503,256,236,SK 남산빌딩,ST-1670,서울특별시 중구 퇴계로 33,SK 남산빌딩,37.556862,126.975616
노원구,1692. 온곡초교 교차로,202503,1469,1012,온곡초교 교차로,ST-1672,서울특별시 노원구 한글비석로 471,온곡초교 교차로,37.664188,127.06601
마포구,436. 이대역 5번출구,202503,600,223,이대역 5번출구,ST-1675,서울특별시 마포구 신촌로 지하 180,이대역 5번출구,37.556591,126.94619
강서구,1187. 강서수산물도매시장,202503,958,1060,강서수산물도매시장,ST-1676,서울특별시 강서구 발산로 24,강서수산물도매시장,37.55302,126.818367
관악구,2183. 동방1교,202503,1177,1161,동방1교,ST-1678,서울특별시 관악구 신림로 144,동방1교,37.471828,126.933922
강남구,2409. 역삼동 디오슈페리움 (우성아파트 사거리),202503,778,793,역삼동 디오슈페리움 (우성아파트 사거리),ST-1679,서울특별시 강남구 강남대로 324,역삼동 디오슈페리움 (우성아파트 사거리),37.492062,127.030746
종로구,352. 중앙고입구 삼거리,202503,284,186,중앙고입구 삼거리,ST-168,서울특별시 종로구 창덕궁길 191,중앙고입구 삼거리,37.583416,126.985237
강남구,2410. 포스코피앤에스타워 (역삼역 3번출구 부근),202503,693,523,포스코피앤에스타워 (역삼역 3번출구 부근),ST-1680,서울특별시 강남구 테헤란로 134,포스코피앤에스타워 (역삼역 3번출구 부근),37.499599,127.033752
송파구,2609. 보성중고등학교 후문 앞,202503,228,215,보성중고등학교 후문 앞,ST-1682,서울특별시 송파구 양재대로 1278,보성중고등학교 후문 앞,37.520489,127.135201
강서구,1193. 마곡센트럴타워 1차,202503,2321,2375,마곡센트럴타워 1차,ST-1688,서울특별시 강서구 공항대로 227,마곡센트럴타워 1차,37.559471,126.832077
종로구,353. 재동초교 앞 삼거리,202503,307,326,재동초교 앞 삼거리,ST-169,서울특별시 종로구 재동 19,재동초교 앞 삼거리,37.579388,126.984947
마포구,438. 성산2-1 공영주차장,202503,1191,954,성산2-1 공영주차장,ST-1692,서울특별시 마포구 모래내로 31,성산2-1 공영주차장,37.56472,126.906769
강서구,1199. 우장산역 3번출구,202503,1082,864,우장산역 3번출구,ST-1694,서울특별시 강서구 강서로 247,우장산역 3번출구,37.547821,126.836128
강서구,1200. 개화광역환승센터,202503,269,226,개화광역환승센터,ST-1695,서울특별시 강서구 개화동로8길 38,개화광역환승센터,37.578449,126.798973
영등포구,289. 대림3동사거리,202503,1120,1177,대림3동사거리,ST-1697,서울특별시 영등포구 가마산로 352,대림3동사거리,37.499809,126.898003
종로구,354. 포르투갈 대사관 앞,202503,1630,1412,포르투갈 대사관 앞,ST-170,서울특별시 종로구 창덕궁1길 3,포르투갈 대사관 앞,37.579155,126.98896
영등포구,292. 영일 어린이공원,202503,1321,1257,영일 어린이공원,ST-1700,서울특별시 영등포구 도신로29길 28,영일 어린이공원,37.51012,126.904068
영등포구,293. 충북 미래관,202503,2792,2499,충북 미래관,ST-1701,서울특별시 영등포구 버드나루로 125,충북 미래관,37.529171,126.907578
강남구,2411. 세곡동 성당,202503,727,752,세곡동 성당,ST-1703,서울특별시 강남구 밤고개로21길 50,세곡동 성당,37.472969,127.112228
송파구,2614. 가락고등학교 앞,202503,448,352,가락고등학교 앞,ST-1706,서울특별시 송파구 송이로 42,가락고등학교 앞,37.501862,127.117233
송파구,2615. 테라타워2,202503,2501,2471,테라타워2,ST-1707,서울특별시 송파구 송파대로 201,테라타워2,37.48835,127.120781
강서구,1188. 롯데중앙연구소,202503,425,458,롯데중앙연구소,ST-1708,서울특별시 강서구 마곡중앙로 201,롯데중앙연구소,37.571381,126.828339
강서구,1190. 마곡역 교차로(2번출구),202503,2011,2010,마곡역 교차로(2번출구),ST-1709,서울특별시 강서구 공항대로 지하 163,마곡역 교차로(2번출구),37.560501,126.826653
강서구,1196. 서울식물원(문화센터) 건너편,202503,305,238,서울식물원(문화센터) 건너편,ST-1713,서울특별시 강서구 마곡동로 161,서울식물원(문화센터) 건너편,37.568241,126.835831
강서구,1198. LG 사이언스파크,202503,1745,1674,LG 사이언스파크,ST-1715,서울특별시 강서구 마곡중앙10로 10,LG 사이언스파크,37.56255,126.827438
송파구,2617. 가락삼환아파트 앞,202503,359,330,가락삼환아파트 앞,ST-1717,서울특별시 송파구 오금로 지하 402,가락삼환아파트 앞,37.496181,127.138031
송파구,2621. 한성백제역 2번 출구,202503,2416,2429,한성백제역 2번 출구,ST-1719,서울특별시 송파구 위례성대로 51,한성백제역 2번 출구,37.516659,127.116257
종로구,356. KT혜화지사 앞,202503,1054,1010,KT혜화지사 앞,ST-172,서울특별시 종로구 대학로 65,KT혜화지사 앞,37.577145,127.00206
송파구,2622. 올림픽공원역 3번출구,202503,5118,5087,올림픽공원역 3번출구,ST-1720,서울특별시 송파구 양재대로 지하 1233,올림픽공원역 3번출구,37.516258,127.130592
성북구,1375. 생명의 전화 종합복지관 앞 교차로,202503,1009,1032,생명의 전화 종합복지관 앞 교차로,ST-1723,서울특별시 성북구 오패산로 21,생명의 전화 종합복지관 앞 교차로,37.603909,127.037376
강북구,1548. 북서울 꿈의숲 서문,202503,571,334,북서울 꿈의숲 서문,ST-1725,서울특별시 강북구 월계로 173,북서울 꿈의숲 서문,37.622688,127.037811
도봉구,1742. 북한산 코오롱 하늘채,202503,1536,1574,북한산 코오롱 하늘채,ST-1726,서울특별시 도봉구 우이천로 367,북한산 코오롱 하늘채,37.648891,127.023018
송파구,2618. 삼전역 1번출구,202503,1649,1751,삼전역 1번출구,ST-1728,서울특별시 송파구 백제고분로 187,삼전역 1번출구,37.504711,127.087563
송파구,2619. 석촌고분역 4번출구,202503,1626,1685,석촌고분역 4번출구,ST-1729,서울특별시 송파구 백제고분로 272,석촌고분역 4번출구,37.502338,127.096443
송파구,2620. 송파나루역 4번 출구옆,202503,4022,4385,송파나루역 4번 출구옆,ST-1730,서울특별시 송파구 오금로 162,송파나루역 4번 출구옆,37.509979,127.112312
양천구,765. 오목교역 3번출구,202503,4649,4866,오목교역 3번출구,ST-1731,서울특별시 양천구 목동동로 270,오목교역 3번출구,37.524776,126.875481
구로구,2000. 신도림4차 e편한세상 아파트 1109동 앞,202503,1351,1226,신도림4차 e편한세상 아파트 1109동 앞,ST-1733,서울특별시 구로구 경인로65길 16-15,신도림4차 e편한세상 아파트 1109동 앞,37.512329,126.886833
금천구,1859. 대륭테크노타운 18차,202503,562,560,대륭테크노타운 18차,ST-1734,서울특별시 금천구 가산디지털1로 19,대륭테크노타운 18차,37.467999,126.886841
서초구,2510. JW타워,202503,316,217,JW타워,ST-1735,서울특별시 서초구 남부순환로 2477,JW타워,37.48304,127.021461
종로구,359. 원남동사거리,202503,1249,1242,원남동사거리,ST-174,서울특별시 종로구 율곡로 169,원남동사거리,37.576061,126.997681
동작구,2071. 대림아파트 후문 상가 옆,202503,541,110,대림아파트 후문 상가 옆,ST-1742,서울특별시 동작구 사당로23길 137,대림아파트 후문 상가 옆,37.488869,126.971909
종로구,361. 동묘앞역 1번출구 뒤,202503,2649,2829,동묘앞역 1번출구 뒤,ST-175,서울특별시 종로구 숭인동 81-39,동묘앞역 1번출구 뒤,37.573242,127.015907
종로구,464. 삼청동 골목,202503,753,715,삼청동 골목,ST-1756,서울특별시 종로구 팔판길 46,삼청동 골목,37.58419,126.981697
중구,443.호암아트홀,202503,198,204,호암아트홀,ST-1769,서울특별시 중구 세종대로7길 57-1 구두수선대207,호암아트홀,37.562111,126.970718
종로구,364. 창신역 1번출구 앞,202503,512,373,창신역 1번출구 앞,ST-178,서울특별시 종로구 지봉로 87,창신역 1번출구 앞,37.579334,127.015083
종로구,368. SK 서린빌딩 앞,202503,1575,1654,SK 서린빌딩 앞,ST-181,서울특별시 종로구 서린동 93-2,SK 서린빌딩 앞,37.569248,126.980537
중구,370. 시청역(2호선) 9번출구 뒤,202503,1580,1484,시청역(2호선) 9번출구 뒤,ST-185,서울특별시 중구 서소문로 지하127,시청역(2호선) 9번출구 뒤,37.563229,126.974838
중구,371. 동대입구역 6번출구 뒤,202503,526,513,동대입구역 6번출구 뒤,ST-186,서울특별시 중구 동호로 지하256,동대입구역 6번출구 뒤,37.558872,127.005539
중구,379. 서울역9번출구,202503,828,821,서울역9번출구,ST-194,서울특별시 중구 세종대로 지하2,서울역9번출구,37.556,126.973358
중구,380. CJ제일제당 앞,202503,1100,1108,CJ제일제당 앞,ST-195,서울특별시 중구 동호로 330,CJ제일제당 앞,37.563866,127.002747
구로구,2817.천왕이펜하우스5단지 앞,202503,194,102,천왕이펜하우스5단지 앞,ST-1243,서울특별시 구로구 천왕로 10,천왕이펜하우스5단지 앞,37.479431,126.842697
중구,381. 장충체육관,202503,130,61,장충체육관,ST-196,서울특별시 중구 장충동2가 200-99,장충체육관,37.558533,127.006989
중구,382. 약수역 10번출구 앞,202503,323,346,약수역 10번출구 앞,ST-197,서울특별시 중구 신당동 357-1,약수역 10번출구 앞,37.555199,127.010048
마포구,142. 아현역 4번출구 앞,202503,667,675,아현역 4번출구 앞,ST-200,서울특별시 마포구 아현동 329-15,아현역 4번출구 앞,37.557201,126.955666
마포구,145. 공덕역 5번출구,202503,992,1546,공덕역 5번출구,ST-203,서울특별시 마포구 공덕동 237-9,공덕역 5번출구,37.54425,126.951637
마포구,147. 마포역 4번출구 뒤,202503,2057,2753,마포역 4번출구 뒤,ST-205,서울특별시 마포구 도화동 292-29,마포역 4번출구 뒤,37.539272,126.945915
마포구,148. 용강동 주민센터 앞,202503,977,946,용강동 주민센터 앞,ST-206,서울특별시 마포구 용강동 234-1,용강동 주민센터 앞,37.542347,126.943024
마포구,150. 서강대역 2번출구 앞,202503,969,972,서강대역 2번출구 앞,ST-207,서울특별시 마포구 노고산동 112-13,서강대역 2번출구 앞,37.552956,126.934341
마포구,153. 성산2교 사거리,202503,1697,1639,성산2교 사거리,ST-210,서울특별시 마포구 성산동 54-17,성산2교 사거리,37.564697,126.912613
마포구,154. 마포구청역 ,202503,1982,2459,마포구청역,ST-211,서울특별시 마포구 망원동 477-23,마포구청역,37.560909,126.905495
마포구,157. 애오개역 4번출구 앞,202503,1273,1427,애오개역 4번출구 앞,ST-214,서울특별시 마포구 아현동 607-1,애오개역 4번출구 앞,37.553001,126.956688
서대문구,159. 이대역 4번 출구,202503,371,214,이대역 4번 출구,ST-216,서울특별시 서대문구 대현동 60-11,이대역 4번 출구,37.556953,126.946342
서대문구,161. 무악재역1번 출구,202503,189,178,무악재역1번 출구,ST-218,서울특별시 서대문구 통일로 380-4,무악재역1번 출구,37.582245,126.950645
서대문구,163. 명지전문대학교 정문 앞,202503,470,471,명지전문대학교 정문 앞,ST-220,서울특별시 서대문구 홍은동 산25-3,명지전문대학교 정문 앞,37.583698,126.924965
서대문구,164. 북가좌1동 주민센터 ,202503,335,306,북가좌1동 주민센터,ST-221,서울특별시 서대문구 북가좌동 477-1,북가좌1동 주민센터,37.574478,126.910049
서대문구,167. 연가초등학교 옆,202503,442,97,연가초등학교 옆,ST-224,서울특별시 서대문구 북가좌동 70-119,연가초등학교 옆,37.57946,126.91713
서대문구,169. 북가좌 삼거리,202503,485,384,북가좌 삼거리,ST-226,서울특별시 서대문구 북가좌동 400,북가좌 삼거리,37.573002,126.907799
서대문구,171. 임광빌딩 앞,202503,477,466,임광빌딩 앞,ST-228,서울특별시 서대문구 미근동 317-1,임광빌딩 앞,37.564724,126.967278
서대문구,173. 서대문역 8번출구 앞,202503,264,248,서대문역 8번출구 앞,ST-230,서울특별시 서대문구 충정로2가 138,서대문역 8번출구 앞,37.564777,126.966148
성동구,518. 청계천 박물관 앞,202503,740,693,청계천 박물관 앞,ST-234,서울특별시 성동구 마장동 610,청계천 박물관 앞,37.571526,127.035355
성동구,519. 양지사거리,202503,807,697,양지사거리,ST-235,서울특별시 성동구 홍익동 590,양지사거리,37.566994,127.029915
성동구,520. 상왕십리역 4번 출구 앞,202503,742,668,상왕십리역 4번 출구 앞,ST-236,서울특별시 성동구 하왕십리동 960-3,상왕십리역 4번 출구 앞,37.563858,127.030319
성동구,521. 왕십리역 11번 출구 앞,202503,1189,1202,왕십리역 11번 출구 앞,ST-237,서울특별시 성동구 행당동 188-9,왕십리역 11번 출구 앞,37.561447,127.03492
관악구,2189. 봉천역 4번출구,202503,973,950,봉천역 4번출구,ST-1258,서울특별시 관악구 남부순환로 1719,봉천역 4번출구,0.0,0.0
성동구,522. 금호역 1번출구 앞,202503,232,229,금호역 1번출구 앞,ST-238,서울특별시 성동구 금호동3가 1575-3,금호역 1번출구 앞,37.548641,127.016426
성동구,523. 옥수동성당 옆,202503,142,94,옥수동성당 옆,ST-239,서울특별시 성동구 옥수동 산5-148,옥수동성당 옆,37.543663,127.014061
성동구,524. 래미안금호하이리버 아파트 102동 옆,202503,324,294,래미안금호하이리버 아파트 102동 옆,ST-240,서울특별시 성동구 금호동2가 1220-1,래미안금호하이리버 아파트 102동 옆,37.5522,127.025055
성동구,525. 한양대병원사거리,202503,1225,985,한양대병원사거리,ST-241,서울특별시 성동구 행당동 20-2,한양대병원사거리,37.558052,127.040352
성동구,526. 용답토속공원 앞,202503,799,841,용답토속공원 앞,ST-242,서울특별시 성동구 용답동 224-1,용답토속공원 앞,37.563511,127.056725
성동구,534. 금호사거리,202503,278,278,금호사거리,ST-246,서울특별시 성동구 금호동2가 1205-1,금호사거리,37.548634,127.025726
성동구,535. 응봉삼거리,202503,638,279,응봉삼거리,ST-247,서울특별시 성동구 응봉동 134-26,응봉삼거리,37.553986,127.033592
성동구,536. 행당역 2번출구 앞,202503,518,586,행당역 2번출구 앞,ST-248,서울특별시 성동구 행당동 347-11,행당역 2번출구 앞,37.55735,127.029213
성동구,538. 답십리역 8번출구 앞,202503,314,441,답십리역 8번출구 앞,ST-250,서울특별시 성동구 용답동 102-1,답십리역 8번출구 앞,37.56765,127.051155
성동구,550. 서울시설공단 앞,202503,1282,1257,서울시설공단 앞,ST-251,서울특별시 성동구 마장동 610,서울시설공단 앞,37.57164,127.03566
광진구,539. 군자교교차로,202503,1617,1515,군자교교차로,ST-252,서울특별시 광진구 중곡동 263-1,군자교교차로,37.559795,127.074203
광진구,540. 군자역 7번출구 베스트샵 앞,202503,1980,1981,군자역 7번출구 베스트샵 앞,ST-253,서울특별시 광진구 군자동 499,군자역 7번출구 베스트샵 앞,37.55603,127.078644
광진구,544. 광남중학교,202503,732,735,광남중학교,ST-256,서울특별시 광진구 광장동 561-15,광남중학교,37.54073,127.102905
광진구,546. 잠실대교북단 교차로,202503,1810,1813,잠실대교북단 교차로,ST-257,서울특별시 광진구 자양동 722,잠실대교북단 교차로,37.532478,127.085091
광진구,548. 자양나들목,202503,2290,2175,자양나들목,ST-258,서울특별시 광진구 자양동 738,자양나들목,37.52977,127.07486
광진구,549. 아차산역 3번출구,202503,1864,1820,아차산역 3번출구,ST-259,서울특별시 광진구 구의동 96,아차산역 3번출구,37.551224,127.089706
동대문구,600. 휘경2동 주민센터,202503,259,266,휘경2동 주민센터,ST-260,서울특별시 동대문구 한천로 329,휘경2동 주민센터,37.589912,127.06868
동대문구,602. 장안동 사거리,202503,2752,3399,장안동 사거리,ST-262,서울특별시 동대문구 장한로 25길 2,장안동 사거리,37.572174,127.071388
동대문구,607. 신이문역 2번출구,202503,504,498,신이문역 2번출구,ST-267,서울특별시 동대문구 이문동186-1,신이문역 2번출구,37.602711,127.067863
동대문구,608. 전농삼성아파트,202503,278,276,전농삼성아파트,ST-268,서울특별시 동대문구 전농로 192,전농삼성아파트,37.58131,127.055344
동대문구,610. 동대문중 교차로,202503,1109,978,동대문중 교차로,ST-270,서울특별시 동대문구 답십리동 524-1,동대문중 교차로,37.573086,127.052162
동대문구,612. 시립동부병원 앞 사거리,202503,2363,2474,시립동부병원 앞 사거리,ST-271,서울특별시 동대문구 용두동 237-10,시립동부병원 앞 사거리,37.573666,127.030815
동대문구,613. 신설동역 10번출구 앞,202503,1412,1524,신설동역 10번출구 앞,ST-272,서울특별시 동대문구 신설동 92-34,신설동역 10번출구 앞,37.575272,127.023468
동대문구,614. 용두동 사거리,202503,1966,1956,용두동 사거리,ST-273,서울특별시 동대문구 용두동 237-10,용두동 사거리,37.577686,127.031013
동대문구,617. 청솔우성아파트 앞,202503,832,875,청솔우성아파트 앞,ST-276,서울특별시 동대문구 답십리동 94-2,청솔우성아파트 앞,37.574203,127.057693
영등포구,228. 선유도역 3번출구 앞,202503,2818,2898,선유도역 3번출구 앞,ST-278,서울특별시 영등포구 양평동4가 202-1,선유도역 3번출구 앞,37.53846,126.894508
영등포구,229. 양평1 보행육교 앞,202503,2039,2008,양평1 보행육교 앞,ST-279,서울특별시 영등포구 양평동4가 20-4,양평1 보행육교 앞,37.535873,126.892181
영등포구,231. 남부고용노동지청 남측,202503,1978,1982,남부고용노동지청 남측,ST-280,서울특별시 영등포구 양평동1가 115-2,남부고용노동지청 남측,37.524506,126.891823
영등포구,232. 양평우림 이비즈센타 앞,202503,2504,2424,양평우림 이비즈센타 앞,ST-281,서울특별시 영등포구 양평동3가 14-1,양평우림 이비즈센타 앞,37.52565,126.887817
영등포구,235. 신길동 우리은행 옆,202503,485,444,신길동 우리은행 옆,ST-284,서울특별시 영등포구 신길동 250-4,신길동 우리은행 옆,37.504566,126.910233
영등포구,236. 문래동자이아파트 앞,202503,2693,2832,문래동자이아파트 앞,ST-285,서울특별시 영등포구 문래동3가 68-1,문래동자이아파트 앞,37.516155,126.894615
영등포구,238. 제2구민체육센타 앞,202503,2737,2740,제2구민체육센타 앞,ST-287,서울특별시 영등포구 당산동4가 96-2,제2구민체육센타 앞,37.526386,126.902756
관악구,3813. 낙성대역 5번출구,202503,320,331,낙성대역 5번출구,ST-1261,서울특별시 관악구 남부순환로 1917,낙성대역 5번출구,0.0,0.0
영등포구,239. 유스호스텔 앞,202503,1135,1107,유스호스텔 앞,ST-288,서울특별시 영등포구 영등포동7가 58-2,유스호스텔 앞,37.525852,126.903282
영등포구,240. 문래역 4번출구 앞,202503,3783,3547,문래역 4번출구 앞,ST-289,서울특별시 영등포구 문래동3가 55-12,문래역 4번출구 앞,37.518738,126.895576
영등포구,242. 신길선원가와인아파트 앞,202503,944,455,신길선원가와인아파트 앞,ST-291,서울특별시 영등포구 신길동 215-28,신길선원가와인아파트 앞,37.510933,126.910225
영등포구,243. 이앤씨드림타워 앞,202503,3118,3246,이앤씨드림타워 앞,ST-292,서울특별시 영등포구 양평동3가 48-1,이앤씨드림타워 앞,37.527084,126.89138
영등포구,244. 영등포삼환아파트 앞,202503,1616,1483,영등포삼환아파트 앞,ST-293,서울특별시 영등포구 영등포동8가 82-4,영등포삼환아파트 앞,37.530079,126.905708
영등포구,245. 삼성생명 당산사옥 앞,202503,2879,2882,삼성생명 당산사옥 앞,ST-294,서울특별시 영등포구 당산동4가 35-24,삼성생명 당산사옥 앞,37.528263,126.896629
영등포구,248. 초원아파트 앞,202503,991,988,초원아파트 앞,ST-296,서울특별시 영등포구 여의도동8-13,초원아파트 앞,37.531055,126.92421
영등포구,251. 서울지방병무청 버스정류장,202503,603,560,서울지방병무청 버스정류장,ST-299,서울특별시 영등포구 신길동853,서울지방병무청 버스정류장,37.504494,126.921951
영등포구,254. 도림신협 앞,202503,1352,1367,도림신협 앞,ST-302,서울특별시 영등포구 신길동263-76,도림신협 앞,37.503803,126.903419
영등포구,256. 동아에코빌입구,202503,1019,993,동아에코빌입구,ST-304,서울특별시 영등포구 도림동 159-70,동아에코빌입구,37.509476,126.8993
영등포구,258. 신길역3번출구,202503,1704,1692,신길역3번출구,ST-306,서울특별시 영등포구 영등포동1가35,신길역3번출구,37.517693,126.914299
영등포구,259. 대방역6번출구,202503,2552,2856,대방역6번출구,ST-307,서울특별시 영등포구 신길동1368,대방역6번출구,37.513592,126.925934
양천구,700. KB국민은행 염창역 지점 앞,202503,1150,1026,KB국민은행 염창역 지점 앞,ST-308,서울특별시 양천구 목동 559,KB국민은행 염창역 지점 앞,37.546848,126.872772
양천구,701. 목동사거리 부근,202503,1429,1414,목동사거리 부근,ST-309,서울특별시 양천구 목동 813,목동사거리 부근,37.532803,126.86393
양천구,702. 목4동주민센터 옆,202503,1991,1933,목4동주민센터 옆,ST-310,서울특별시 양천구 목동 904-3,목4동주민센터 옆,37.532543,126.868729
양천구,704. 남부법원검찰청 교차로,202503,2115,2149,남부법원검찰청 교차로,ST-312,서울특별시 양천구 신정동 1095,남부법원검찰청 교차로,37.523254,126.864906
양천구,706. 신정네거리역,202503,952,875,신정네거리역,ST-313,서울특별시 양천구 신월동 894,신정네거리역,37.521881,126.851753
양천구,708. 서울출입국관리사무소 앞,202503,3740,3993,서울출입국관리사무소 앞,ST-315,서울특별시 양천구 신정동 319-3,서울출입국관리사무소 앞,37.51897,126.869965
양천구,709. 신정3동 현장민원실 앞,202503,581,555,신정3동 현장민원실 앞,ST-316,서울특별시 양천구 신정동 760-2,신정3동 현장민원실 앞,37.511585,126.84156
양천구,711. 신일해피트리아파트 앞,202503,891,265,신일해피트리아파트 앞,ST-318,서울특별시 양천구 신월동 1063-4,신일해피트리아파트 앞,37.517059,126.848488
양천구,712. 강월초교입구 사거리,202503,530,847,강월초교입구 사거리,ST-319,서울특별시 양천구 신월동 905,강월초교입구 사거리,37.516998,126.838318
양천구,713. 양서중학교 옆,202503,651,573,양서중학교 옆,ST-320,서울특별시 양천구 신월동 790,양서중학교 옆,37.533047,126.829956
양천구,714. 한국SGI 양천문화회관 앞,202503,693,568,한국SGI 양천문화회관 앞,ST-321,서울특별시 양천구 신월동 790,한국SGI 양천문화회관 앞,37.532547,126.830803
용산구,800. 목월공원 앞,202503,836,755,목월공원 앞,ST-322,서울특별시 용산구 원효로4가 109-10,목월공원 앞,37.532433,126.954742
용산구,802. 한강진역 2번 출구 앞,202503,103,69,한강진역 2번 출구 앞,ST-324,서울특별시 용산구 한남동 726-494,한강진역 2번 출구 앞,37.541153,127.002213
용산구,805. 문배어린이공원 앞,202503,744,778,문배어린이공원 앞,ST-326,서울특별시 용산구 문배동 34-10,문배어린이공원 앞,37.536758,126.970001
용산구,806. 전자랜드 본관 앞,202503,829,792,전자랜드 본관 앞,ST-327,서울특별시 용산구 한강로3가 16-8,전자랜드 본관 앞,37.533066,126.960732
용산구,807. 서울역 12번 출구 앞,202503,791,781,서울역 12번 출구 앞,ST-328,서울특별시 용산구 동자동 14-229,서울역 12번 출구 앞,37.552277,126.972687
용산구,808. 서빙고동 금호맨션 앞,202503,357,355,서빙고동 금호맨션 앞,ST-329,서울특별시 용산구 서빙고동 235-5,서빙고동 금호맨션 앞,37.520504,126.989738
용산구,809. 한남 유수지 복개주차장,202503,746,756,한남 유수지 복개주차장,ST-330,서울특별시 용산구 독서당로 18,한남 유수지 복개주차장,37.530167,127.007439
용산구,810. 이태원지하보도,202503,513,467,이태원지하보도,ST-331,서울특별시 용산구 용산동2가 5-1812,이태원지하보도,37.53841,126.986649
영등포구,5878. 우리은행 앞,202503,1845,1837,우리은행 앞,ST-1464,서울특별시 도봉구 도봉로 707,우리은행 앞,37.667599,127.042999
용산구,811. 녹사평역1번출구,202503,456,156,녹사평역1번출구,ST-332,서울특별시 용산구 용산동2가 6-7,녹사평역1번출구,37.53508,126.985382
용산구,813. 삼각지역 3번출구,202503,714,832,삼각지역 3번출구,ST-334,서울특별시 용산구 한강로1가 228-1,삼각지역 3번출구,37.533512,126.972275
용산구,815. LIG강촌아파트 103동앞,202503,901,927,LIG강촌아파트 103동앞,ST-335,서울특별시 용산구 이촌동301-5,LIG강촌아파트 103동앞,37.518509,126.978798
종로구,385. 종각역 5번출구,202503,1261,1293,종각역 5번출구,ST-336,서울특별시 종로구 서린동 26-1,종각역 5번출구,37.569836,126.982658
중구,387. 훈련원공원주차장 앞,202503,812,774,훈련원공원주차장 앞,ST-338,서울특별시 중구 을지로 227,훈련원공원주차장 앞,37.566994,127.003464
마포구,181. 망원초록길 입구,202503,998,945,망원초록길 입구,ST-339,서울특별시 마포구 마포나루길 467,망원초록길 입구,37.551342,126.902672
마포구,185. 마포 신수공원 앞,202503,831,667,마포 신수공원 앞,ST-343,서울특별시 마포구 현석동 106-32,마포 신수공원 앞,37.542545,126.934296
마포구,186. 월드컵공원,202503,2277,2228,월드컵공원,ST-344,서울특별시 마포구 하늘공원로 108-1,월드컵공원,37.563965,126.898209
서대문구,188. 홍은동 정원여중 입구,202503,612,617,홍은동 정원여중 입구,ST-346,서울특별시 서대문구 연희로37안길 51,홍은동 정원여중 입구,37.586388,126.935127
서대문구,192. 연서어린이공원,202503,386,375,연서어린이공원,ST-348,서울특별시 서대문구 연희동 519-7,연서어린이공원,37.572227,126.923065
서대문구,178. 증산3교 앞,202503,1061,1059,증산3교 앞,ST-349,서울특별시 서대문구 북가좌동 352-9,증산3교 앞,37.579876,126.906349
서대문구,194. 증산교 앞,202503,1502,1506,증산교 앞,ST-350,서울특별시 서대문구 불광천길 36,증산교 앞,37.577316,126.902969
서대문구,195. 모래내고가차도 ,202503,637,607,모래내고가차도,ST-351,서울특별시 서대문구 연희동 446-76,모래내고가차도,37.567657,126.917809
서대문구,196. 연희교차로 인근,202503,345,277,연희교차로 인근,ST-352,서울특별시 서대문구 홍제천로 48,연희교차로 인근,37.56612,126.925896
성동구,556. 달맞이공원,202503,1085,1311,달맞이공원,ST-357,서울특별시 성동구 금호동4가 367-1,달맞이공원,37.542053,127.020401
성동구,557. 도선동 주민센터 앞,202503,1193,1322,도선동 주민센터 앞,ST-358,서울특별시 성동구 무학로10길 6,도선동 주민센터 앞,37.567642,127.025696
성동구,558. 성동광진 교육지원청 앞,202503,1243,1165,성동광진 교육지원청 앞,ST-359,서울특별시 성동구 고산자로 260,성동광진 교육지원청 앞,37.564606,127.036522
성동구,559. 왕십리역 4번 출구 건너편,202503,1731,1796,왕십리역 4번 출구 건너편,ST-360,서울특별시 성동구 왕십리광장로 10-1,왕십리역 4번 출구 건너편,37.561096,127.036797
성동구,560. 비전교회 앞,202503,2131,2106,비전교회 앞,ST-361,서울특별시 성동구 동일로 213,비전교회 앞,37.551205,127.068932
성동구,561. 서울숲역 2번출구 앞,202503,1586,1635,서울숲역 2번출구 앞,ST-362,서울특별시 성동구 왕십리로 64,서울숲역 2번출구 앞,37.542816,127.04467
성동구,563. 성동세무서 건너편,202503,1622,1855,성동세무서 건너편,ST-364,서울특별시 성동구 광나루로 302,성동세무서 건너편,37.547913,127.062752
성동구,564. 금호역 3번출구,202503,148,99,금호역 3번출구,ST-365,서울특별시 성동구 동호로 99,금호역 3번출구,37.547928,127.015572
성동구,578. 성동세무서 부근,202503,1534,1553,성동세무서 부근,ST-356,서울특별시 성동구 광나루로 297,성동세무서 부근,37.548164,127.06237
성동구,579. 마장역 4번출구,202503,859,888,마장역 4번출구,ST-372,서울특별시 성동구 마장로 292-1,마장역 4번출구,37.565205,127.041847
성동구,582. 경일중학교 앞,202503,1552,1572,경일중학교 앞,ST-375,서울특별시 성동구 성수일로 27,경일중학교 앞,37.543179,127.04908
성동구,583. 청계천 생태교실 앞,202503,3733,4023,청계천 생태교실 앞,ST-376,서울특별시 성동구 마장로39길 51,청계천 생태교실 앞,37.56797,127.04689
광진구,552. 대림아크로리버 앞,202503,899,972,대림아크로리버 앞,ST-378,서울특별시 광진구 구의강변로 64,대림아크로리버 앞,37.536579,127.092972
광진구,555. 구의3동주민센터,202503,359,356,구의3동주민센터,ST-381,서울특별시 광진구 강변역로 17,구의3동주민센터,37.537849,127.092171
광진구,573. 구의문주차장 앞,202503,1948,1939,구의문주차장 앞,ST-384,서울특별시 광진구 능동로 216,구의문주차장 앞,37.545231,127.084732
광진구,574. 아차산역4번출구,202503,1901,1027,아차산역4번출구,ST-385,서울특별시 광진구 능동로 216,아차산역4번출구,37.551849,127.088982
광진구,576. 광나루역 3번 출구,202503,1820,1853,광나루역 3번 출구,ST-387,서울특별시 광진구 아차산로 552,광나루역 3번 출구,37.54483,127.104263
광진구,577. 광진청소년수련관,202503,1534,1587,광진청소년수련관,ST-388,서울특별시 광진구 구천면로 2,광진청소년수련관,37.546547,127.106133
동대문구,627. 장안동삼거리 교통섬,202503,1034,1039,장안동삼거리 교통섬,ST-395,서울특별시 동대문구 사가정로 240,장안동삼거리 교통섬,37.578632,127.071907
동대문구,630. 동대문구 보건소,202503,1927,1930,동대문구 보건소,ST-397,서울특별시 동대문구 천호대로 145,동대문구 보건소,37.574852,127.040306
동대문구,631. 답십리역 1번출구,202503,2537,2716,답십리역 1번출구,ST-398,서울특별시 동대문구 천호대로 269,답십리역 1번출구,37.568184,127.051277
동대문구,634. 외국어대 정문 앞,202503,1912,1971,외국어대 정문 앞,ST-401,서울특별시 동대문구 이문로 107,외국어대 정문 앞,37.59602,127.05983
동대문구,637. KAIST 경영대학 앞,202503,1016,783,KAIST 경영대학 앞,ST-404,서울특별시 동대문구 회기로 85,KAIST 경영대학 앞,37.591614,127.045792
동대문구,638. 서울시립대 정보기술관,202503,606,532,서울시립대 정보기술관,ST-405,서울특별시 동대문구 한천로43길 12-14,서울시립대 정보기술관,37.583008,127.060974
동대문구,641. 용두역 4번출구,202503,1988,2149,용두역 4번출구,ST-408,서울특별시 동대문구 청계천로 563,용두역 4번출구,37.573753,127.038536
영등포구,263. 근로자회관 사거리,202503,3110,3125,근로자회관 사거리,ST-417,서울특별시 영등포구 선유로 34,근로자회관 사거리,37.517151,126.888626
영등포구,264. 교보생명보험 앞,202503,1563,1344,교보생명보험 앞,ST-418,서울특별시 영등포구 영등포로 96,교보생명보험 앞,37.521931,126.891617
영등포구,265. 영등포유통상가 사거리,202503,1551,1436,영등포유통상가 사거리,ST-419,서울특별시 영등포구 영등포로 124,영등포유통상가 사거리,37.521133,126.896538
영등포구,266. 영등포청과시장 사거리,202503,1561,1526,영등포청과시장 사거리,ST-420,서울특별시 영등포구 영등포로 177,영등포청과시장 사거리,37.520294,126.901192
영등포구,267. 삼성화재 사옥 옆,202503,1819,1750,삼성화재 사옥 옆,ST-421,서울특별시 영등포구 양평로 76,삼성화재 사옥 옆,37.535961,126.8983
영등포구,268. 그랜드컨벤션센터 앞,202503,1957,2007,그랜드컨벤션센터 앞,ST-422,서울특별시 영등포구 양평로 58,그랜드컨벤션센터 앞,37.534718,126.900002
영등포구,270. 증권거래소후문교차로,202503,1139,1111,증권거래소후문교차로,ST-424,서울특별시 영등포구 여의나루로 76,증권거래소후문교차로,37.522343,126.927101
영등포구,272. 당산육갑문,202503,4428,4879,당산육갑문,ST-426,서울특별시 영등포구 당산로52길 3,당산육갑문,37.535339,126.903679
양천구,720. 서울강월초등학교 앞,202503,620,296,서울강월초등학교 앞,ST-432,서울특별시 양천구 신월로 97,서울강월초등학교 앞,37.516197,126.8349
용산구,816. 신용산역 6번출구 앞,202503,1444,1582,신용산역 6번출구 앞,ST-435,서울특별시 용산구 한강대로 115,신용산역 6번출구 앞,37.530148,126.968483
용산구,817. 삼각지역 4번출구 앞,202503,608,587,삼각지역 4번출구 앞,ST-436,서울특별시 용산구 한강대로 161,삼각지역 4번출구 앞,37.533451,126.971733
용산구,818. 숙명여대 입구 교차로,202503,1048,1125,숙명여대 입구 교차로,ST-437,서울특별시 용산구 청파로47길 100,숙명여대 입구 교차로,37.544895,126.969383
용산구,819. 선린인터넷 고등학교,202503,1289,1324,선린인터넷 고등학교,ST-438,서울특별시 용산구 원효로97길 33-4,선린인터넷 고등학교,37.541653,126.970505
용산구,820. 청파동입구 교차로,202503,646,627,청파동입구 교차로,ST-439,서울특별시 용산구 한강대로 349,청파동입구 교차로,37.549026,126.971947
용산구,823. 효창동주민센터 앞,202503,283,212,효창동주민센터 앞,ST-441,서울특별시 용산구 효창원로 161,효창동주민센터 앞,37.54232,126.96196
용산구,825. 서빙고동 주민센터 앞,202503,1687,1960,서빙고동 주민센터 앞,ST-442,서울특별시 용산구 서빙고로 279,서빙고동 주민센터 앞,37.520336,126.994263
마포구,199. 서울 월드컵 경기장,202503,716,450,서울 월드컵 경기장,ST-443,서울특별시 마포구 성산동 515,서울 월드컵 경기장,37.566845,126.896446
종로구,388. 동성중학교 앞,202503,454,450,동성중학교 앞,ST-444,서울특별시 종로구 혜화동 56,동성중학교 앞,37.585735,127.00161
광진구,584. 광진광장 교통섬,202503,2811,2291,광진광장 교통섬,ST-445,서울특별시 광진구 군자동 374-8,광진광장 교통섬,37.547829,127.072632
성동구,585. 성수2가1동 공영주차장 인근,202503,3685,3797,성수2가1동 공영주차장 인근,ST-446,서울특별시 성동구 성수동2가 569-3,성수2가1동 공영주차장 인근,37.536808,127.055489
성동구,586. 마장동 주민센터,202503,685,729,마장동 주민센터,ST-447,서울특별시 성동구 마장로42길 14,마장동 주민센터,37.565941,127.045395
은평구,900. 은평예술회관,202503,411,425,은평예술회관,ST-448,서울특별시 은평구 녹번동 85-4,은평예술회관,37.603943,126.927696
은평구,902. 진관동 은빛초등학교,202503,307,305,진관동 은빛초등학교,ST-450,서울특별시 은평구 진관동 45-21,진관동 은빛초등학교,37.643108,126.918221
은평구,903. 은평뉴타운 아이파크,202503,561,585,은평뉴타운 아이파크,ST-451,서울특별시 은평구 진관동 13-20,은평뉴타운 아이파크,37.645866,126.927391
은평구,904. 은평뉴타운 푸르지오,202503,437,516,은평뉴타운 푸르지오,ST-452,서울특별시 은평구 진관동 5-8,은평뉴타운 푸르지오,37.648674,126.930702
은평구,905. 구파발역 2번출구,202503,1558,1679,구파발역 2번출구,ST-453,서울특별시 은평구 진관동 86-31,구파발역 2번출구,37.636234,126.918999
은평구,906. 연신내역 5번출구,202503,2056,2256,연신내역 5번출구,ST-454,서울특별시 은평구 대조동 207-8,연신내역 5번출구,37.61721,126.919579
은평구,908. 구산역 4번출구,202503,960,958,구산역 4번출구,ST-456,서울특별시 은평구 갈현동 536-8,구산역 4번출구,37.613186,126.917351
은평구,909. 백련산 힐스테이트 3차,202503,541,169,백련산 힐스테이트 3차,ST-457,서울특별시 은평구 응암동 761-9,백련산 힐스테이트 3차,37.586994,126.922882
은평구,911. 은평평화공원(역촌역4번출구),202503,1476,1452,은평평화공원(역촌역4번출구),ST-459,서울특별시 은평구 녹번동 153-31,은평평화공원(역촌역4번출구),37.605583,126.922935
은평구,912. 응암오거리,202503,1837,2014,응암오거리,ST-460,서울특별시 은평구 응암동 604-5,응암오거리,37.589661,126.916946
은평구,915. 증산역 4번출구,202503,1037,1159,증산역 4번출구,ST-463,서울특별시 은평구 증산동 199-8,증산역 4번출구,37.584381,126.909897
은평구,916. 평생학습관 앞,202503,951,990,평생학습관 앞,ST-464,서울특별시 은평구 역촌동 15-40,평생학습관 앞,37.607849,126.921326
은평구,919. 서울혁신파크,202503,461,463,서울혁신파크,ST-467,서울특별시 은평구 녹번동 15-2,서울혁신파크,37.607025,126.933311
은평구,921. 신도고등학교,202503,107,85,신도고등학교,ST-469,서울특별시 은평구 진관동 242-14,신도고등학교,37.630016,126.919029
은평구,922. 연신내역 4번출구,202503,412,417,연신내역 4번출구,ST-470,서울특별시 은평구 대조동 227-2,연신내역 4번출구,37.617802,126.921967
은평구,923. 국민은행 연서지점,202503,301,303,국민은행 연서지점,ST-471,서울특별시 은평구 불광동 355,국민은행 연서지점,37.620949,126.925636
은평구,925. 불광역 2번출구,202503,542,537,불광역 2번출구,ST-473,서울특별시 은평구 불광동 285-43,불광역 2번출구,37.609566,126.930977
은평구,927. 연신내역 3번출구 인근,202503,317,323,연신내역 3번출구 인근,ST-475,서울특별시 은평구 불광동 304-5,연신내역 3번출구 인근,37.617855,126.922524
은평구,928. 은평역사한옥박물관,202503,219,166,은평역사한옥박물관,ST-476,서울특별시 은평구 진관동 133-29,은평역사한옥박물관,37.641315,126.938042
은평구,930. 구 서부경찰서 건너편,202503,772,813,구 서부경찰서 건너편,ST-478,서울특별시 은평구 역촌동 41-7,구 서부경찰서 건너편,37.601662,126.920303
은평구,931. 역촌파출소,202503,2583,2872,역촌파출소,ST-479,서울특별시 은평구 역촌동 45-34,역촌파출소,37.604736,126.915337
은평구,932. 예일여중,202503,925,966,예일여중,ST-480,서울특별시 은평구 연서로 117,예일여중,37.610004,126.916397
중랑구,1402. 금란주차장 앞,202503,650,716,금란주차장 앞,ST-561,서울특별시 중랑구 망우로 448,금란주차장 앞,37.600071,127.102333
중랑구,1405. 망우역 1번출구,202503,628,644,망우역 1번출구,ST-568,서울특별시 중랑구 망우로55길 11-10,망우역 1번출구,37.599098,127.092949
중랑구,1408. 먹골역 6번출구 앞,202503,856,969,먹골역 6번출구 앞,ST-570,서울특별시 중랑구 동일로 지하 901,먹골역 6번출구 앞,37.610722,127.077477
중랑구,1418. 새솔초등학교,202503,140,41,새솔초등학교,ST-583,서울특별시 중랑구 신내역로1길 164,새솔초등학교,37.617439,127.109016
중랑구,1421. 신내역 4번출구,202503,435,422,신내역 4번출구,ST-586,서울특별시 중랑구 신내로 지하 232,신내역 4번출구,37.612461,127.103378
중랑구,1422. 신내우디안아파트 1단지,202503,165,46,신내우디안아파트 1단지,ST-587,서울특별시 중랑구 신내역로 213,신내우디안아파트 1단지,37.620098,127.106461
중랑구,1424. 양원역 2번출구,202503,208,164,양원역 2번출구,ST-588,서울특별시 중랑구 송림길 147,양원역 2번출구,37.606312,127.107742
중랑구,1426. 면목도시개발아파트 1동 앞,202503,433,79,면목도시개발아파트 1동 앞,ST-590,서울특별시 중랑구 용마산로 지하 227,면목도시개발아파트 1동 앞,37.573589,127.086823
중랑구,1435. 능산삼거리,202503,254,249,능산삼거리,ST-593,서울특별시 중랑구 용마산로 644,능산삼거리,37.608681,127.100792
중랑구,1437. 늘푸른공원 앞,202503,604,681,늘푸른공원 앞,ST-595,서울특별시 중랑구 동일로 594,늘푸른공원 앞,37.58342,127.079926
중랑구,1438. 홈플러스 신내점 앞,202503,1673,1866,홈플러스 신내점 앞,ST-596,서울특별시 중랑구 신내로 지하 232,홈플러스 신내점 앞,37.616169,127.093483
영등포구,214. 금융감독원 앞,202503,1275,1227,금융감독원 앞,ST-60,서울특별시 영등포구 여의대로 38,금융감독원 앞,37.523022,126.920837
영등포구,219. 롯데캐슬엠파이어 옆,202503,2176,2168,롯데캐슬엠파이어 옆,ST-62,서울특별시 영등포구 의사당대로 127,롯데캐슬엠파이어 옆,37.520695,126.925835
영등포구,220. 미성아파트 A동 앞,202503,1273,1169,미성아파트 A동 앞,ST-63,서울특별시 영등포구 의사당대로 110,미성아파트 A동 앞,37.519363,126.926048
강북구,1506. 강북문화예술회관,202503,967,903,강북문화예술회관,ST-645,서울특별시 강북구 삼각산로 85,강북문화예술회관,37.640327,127.013359
강북구,1515. 송천동 주민센터,202503,330,330,송천동 주민센터,ST-648,서울특별시 강북구 솔샘로 284,송천동 주민센터,37.618286,127.024048
영등포구,217. NH농협은행 앞,202503,3318,3363,NH농협은행 앞,ST-66,서울특별시 영등포구 국제금융로8길 2,NH농협은행 앞,37.522079,126.930367
영등포구,224. 롯데캐슬 앞,202503,1967,1982,롯데캐슬 앞,ST-70,서울특별시 영등포구 국제금융로 86,롯데캐슬 앞,37.520088,126.932365
영등포구,226. 샛강역 1번출구 앞,202503,2175,1907,샛강역 1번출구 앞,ST-72,서울특별시 영등포구 의사당대로 지하166,샛강역 1번출구 앞,37.517765,126.928413
영등포구,207. 여의나루역 1번출구 앞,202503,5539,5355,여의나루역 1번출구 앞,ST-73,서울특별시 영등포구 여의동로 지하343,여의나루역 1번출구 앞,37.527157,126.9319
마포구,401. 상암월드컵파크 10단지 앞,202503,741,732,상암월드컵파크 10단지 앞,ST-76,서울특별시 마포구 월드컵북로 502-36,상암월드컵파크 10단지 앞,37.586189,126.881615
강남구,2301. 현대고등학교 건너편,202503,1225,1335,현대고등학교 건너편,ST-777,서울특별시 강남구 압구정로 134,현대고등학교 건너편,37.524071,127.02179
강남구,2344. 리엔파크 2단지 앞,202503,316,412,리엔파크 2단지 앞,ST-779,서울특별시 강남구 헌릉로590길 10,리엔파크 2단지 앞,37.465061,127.101196
서초구,2251. 더케이호텔 입구(양재2) ,202503,575,580,더케이호텔 입구(양재2),ST-781,서울특별시 서초구 바우뫼로12길 70,더케이호텔 입구(양재2),37.467506,127.034477
강남구,2337. 대모산입구역 2번출구 앞,202503,532,432,대모산입구역 2번출구 앞,ST-782,서울특별시 강남구 영동대로 101,대모산입구역 2번출구 앞,37.492077,127.071976
강남구,2317. 삼성도로공원,202503,758,764,삼성도로공원,ST-784,서울특별시 강남구 영동대로112길 66,삼성도로공원,37.515888,127.0662
강남구,2311. 학동로 래미안 아파트 앞,202503,247,113,학동로 래미안 아파트 앞,ST-786,서울특별시 강남구 학동로 지하 508,학동로 래미안 아파트 앞,37.517773,127.043022
강남구,2305. MCM 본사 직영점 앞,202503,257,253,MCM 본사 직영점 앞,ST-790,서울특별시 강남구 언주로 734,MCM 본사 직영점 앞,37.520641,127.034508
강남구,2306. 압구정역 2번 출구 옆,202503,1596,1619,압구정역 2번 출구 옆,ST-791,서울특별시 강남구 압구정로 지하 172,압구정역 2번 출구 옆,37.527123,127.028717
강남구,2308. 압구정파출소 앞,202503,910,884,압구정파출소 앞,ST-793,서울특별시 강남구 압구정로 311,압구정파출소 앞,37.529301,127.035599
강남구,2312. 청담역 13번 출구 앞,202503,366,365,청담역 13번 출구 앞,ST-795,서울특별시 강남구 영동대로 703,청담역 13번 출구 앞,37.52058,127.056328
강남구,2348. 포스코사거리(기업은행),202503,1542,1627,포스코사거리(기업은행),ST-797,서울특별시 강남구 테헤란로 501,포스코사거리(기업은행),37.507233,127.056854
강남구,2315. 봉은사역 5번출구 옆,202503,670,666,봉은사역 5번출구 옆,ST-799,서울특별시 강남구 봉은사로 지하 601,봉은사역 5번출구 옆,37.514248,127.061119
마포구,405. DMC빌 앞,202503,456,439,DMC빌 앞,ST-80,서울특별시 마포구 월드컵북로60길 13,DMC빌 앞,37.582657,126.885788
강남구,2321. 학여울역 사거리,202503,295,293,학여울역 사거리,ST-804,서울특별시 강남구 남부순환로 지하 3104,학여울역 사거리,37.496117,127.069443
강남구,2323. 주식회사 오뚜기 정문 앞,202503,432,405,주식회사 오뚜기 정문 앞,ST-806,서울특별시 강남구 영동대로 308,주식회사 오뚜기 정문 앞,37.502213,127.067207
강남구,2324. 천주교 대치 2동 교회 옆,202503,806,800,천주교 대치 2동 교회 옆,ST-807,서울특별시 강남구 도곡로 540,천주교 대치 2동 교회 옆,37.500439,127.066223
강남구,2326. 대치동 삼성로,202503,508,335,대치동 삼성로,ST-809,서울특별시 강남구 삼성로 350,대치동 삼성로,37.502396,127.0588
강남구,2327. 뱅뱅사거리 랜드마크타워 앞,202503,911,962,뱅뱅사거리 랜드마크타워 앞,ST-810,서울특별시 강남구 강남대로 308,뱅뱅사거리 랜드마크타워 앞,37.490551,127.031464
강남구,2331. 동영문화센터앞,202503,367,325,동영문화센터앞,ST-814,서울특별시 강남구 언주로 337,동영문화센터앞,37.498051,127.044601
강남구,2333. 양재역 3번출구 주변,202503,707,543,양재역 3번출구 주변,ST-816,서울특별시 강남구 강남대로 240,양재역 3번출구 주변,37.485157,127.034073
강남구,2335. 3호선 매봉역 3번출구앞,202503,1680,1774,3호선 매봉역 3번출구앞,ST-818,서울특별시 강남구 남부순환로 2748,3호선 매봉역 3번출구앞,37.486767,127.046761
강남구,2336. 강남세브란스교차로  래미안그레이튼 104동 앞,202503,368,353,강남세브란스교차로  래미안그레이튼 104동 앞,ST-819,서울특별시 강남구 선릉로 지하 228,강남세브란스교차로  래미안그레이튼 104동 앞,37.494236,127.047462
강남구,2339. 현대아파트 정문 앞,202503,560,532,현대아파트 정문 앞,ST-820,서울특별시 강남구 언주로 107,현대아파트 정문 앞,37.483261,127.0523
강남구,2340. 삼호물산버스정류장(23370) 옆,202503,1917,2002,삼호물산버스정류장(23370) 옆,ST-821,서울특별시 강남구 논현로 82,삼호물산버스정류장(23370) 옆,37.477509,127.045174
성북구,1302. 한성대입구역6번출구 뒤,202503,724,729,한성대입구역6번출구 뒤,ST-825,서울특별시 성북구 동소문로 1,한성대입구역6번출구 뒤,37.588764,127.00631
성북구,1304. 만해공원,202503,257,46,만해공원,ST-826,서울특별시 성북구 성북로 132-1,만해공원,37.594402,126.99231
강서구,1128. 화곡역 6번출구,202503,1133,1139,화곡역 6번출구,ST-829,서울특별시 강서구 화곡로 지하 168,화곡역 6번출구,37.541412,126.840225
마포구,408. LG CNS앞,202503,650,628,LG CNS앞,ST-84,서울특별시 마포구 월드컵북로 424,LG CNS앞,37.580811,126.88665
마포구,409. 누리꿈스퀘어 옆,202503,1773,1760,누리꿈스퀘어 옆,ST-86,서울특별시 마포구 월드컵북로 396,누리꿈스퀘어 옆,37.579399,126.88916
마포구,411. DMC홍보관,202503,1233,1241,DMC홍보관,ST-90,서울특별시 마포구 월드컵북로 366,DMC홍보관,37.577995,126.891472
마포구,413. 상암월드컵파크 3단지 후문,202503,646,615,상암월드컵파크 3단지 후문,ST-92,서울특별시 마포구 매봉산로 8,상암월드컵파크 3단지 후문,37.571476,126.889687
구로구,1955. 디지털입구 교차로,202503,1929,1961,디지털입구 교차로,ST-936,서울특별시 구로구 시흥대로 551,디지털입구 교차로,37.482883,126.901039
마포구,414. 상암동주민센터 옆,202503,1589,1747,상암동주민센터 옆,ST-94,서울특별시 마포구 매봉산로2길 16,상암동주민센터 옆,37.57822,126.89447
종로구,449. 일성아파트,202503,256,103,일성아파트,ST-941,서울특별시 종로구 평창문화로 119,일성아파트,37.608719,126.972862
중구,389. 을지로4가역 1번출구,202503,845,877,을지로4가역 1번출구,ST-943,서울특별시 중구 을지로 지하 178,을지로4가역 1번출구,37.566731,126.996605
중구,390. 충무로역 1번출구,202503,642,629,충무로역 1번출구,ST-944,서울특별시 중구 퇴계로 212,충무로역 1번출구,37.56139,126.995354
중구,826. 서울역 서부교차로2,202503,941,944,서울역 서부교차로2,ST-946,서울특별시 중구 퇴계로 33,서울역 서부교차로2,37.555367,126.968643
성북구,1305. 성북구청,202503,1151,1335,성북구청,ST-947,서울특별시 성북구 보문로 168,성북구청,37.589329,127.016434
관악구,2110. 조원동 미성아파트,202503,1268,1341,조원동 미성아파트,ST-950,서울특별시 관악구 시흥대로 560,조원동 미성아파트,37.483192,126.902031
관악구,2139. 서울신성초등학교,202503,262,236,서울신성초등학교,ST-951,서울특별시 관악구 신림로 114,서울신성초등학교,37.471165,126.937019
강남구,2354. 청담역 2번출구,202503,148,134,청담역 2번출구,ST-953,서울특별시 강남구 영동대로 647,청담역 2번출구,37.519787,127.056763
강남구,2356. 강남구청,202503,317,198,강남구청,ST-954,서울특별시 강남구 학동로 지하 346,강남구청,37.51807,127.047119
강남구,2360. 도곡1동 주민센터 교차로,202503,534,500,도곡1동 주민센터 교차로,ST-956,서울특별시 강남구 도곡로 205,도곡1동 주민센터 교차로,37.492809,127.041389
강남구,"2359. 국립국악중,고교 정문 맞은편",202503,947,962,"국립국악중,고교 정문 맞은편",ST-958,서울특별시 강남구 논현로10길 29,"국립국악중,고교 정문 맞은편",37.475605,127.050377
강남구,2347. 두산건설 본사,202503,183,70,두산건설 본사,ST-961,서울특별시 강남구 언주로 726,두산건설 본사,37.518639,127.0354
강남구,2352. 서울본부세관(건설회관 앞),202503,332,117,서울본부세관(건설회관 앞),ST-962,서울특별시 강남구 언주로 721,서울본부세관(건설회관 앞),37.51759,127.035027
강남구,2353. 강남구청역 2번출구 뒤,202503,507,346,강남구청역 2번출구 뒤,ST-963,서울특별시 강남구 학동로 342,강남구청역 2번출구 뒤,37.516811,127.040474
노원구,1641. 한내근린공원 남측,202503,536,550,한내근린공원 남측,ST-970,서울특별시 노원구 마들로 86,한내근린공원 남측,37.621555,127.069511
노원구,1640. 한내근린공원 북측,202503,1044,1205,한내근린공원 북측,ST-971,서울특별시 노원구 마들로 86,한내근린공원 북측,37.623863,127.068489
강서구,1149. 신방화역환승주차장,202503,3215,3219,신방화역환승주차장,ST-975,서울특별시 강서구 마곡서1로 111-12,신방화역환승주차장,37.567284,126.818275
광진구,501. 광진구의회 앞,202503,1782,1598,광진구의회 앞,ST-98,서울특별시 광진구 능동로 76,광진구의회 앞,37.537308,127.070351
광진구,3500. 군자역2번출구,202503,2152,2196,군자역2번출구,ST-983,서울특별시 광진구 능동로 313,군자역2번출구,37.557587,127.079697
광진구,3501. 광진구청 앞,202503,1833,1716,광진구청 앞,ST-984,서울특별시 광진구 자양로 131,광진구청 앞,37.539501,127.083
광진구,3503. 광진유진스웰,202503,173,56,광진유진스웰,ST-986,서울특별시 광진구 아차산로78길 7,광진유진스웰,37.550488,127.108955
광진구,3504. 원일교회,202503,2418,2224,원일교회,ST-987,서울특별시 광진구 아차산로 304,원일교회,37.538052,127.076599
광진구,3505. 신양초교앞 교차로,202503,777,763,신양초교앞 교차로,ST-988,서울특별시 광진구 능동로 42,신양초교앞 교차로,37.535221,127.068398
마포구,424. 롯데하이마트 (상암월드컵점) ,202503,306,303,롯데하이마트 (상암월드컵점),ST-990,서울특별시 마포구 상암동 1715-29,롯데하이마트 (상암월드컵점),37.57362,126.898048
마포구,425. DMC첨단산업센터,202503,355,335,DMC첨단산업센터,ST-991,서울특별시 마포구 성암로330,DMC첨단산업센터,37.584503,126.885597
마포구,426. 서울신용보증재단,202503,1027,1284,서울신용보증재단,ST-992,서울특별시 마포구 마포대로 163,서울신용보증재단,37.549061,126.954178
양천구,723. SBS방송국,202503,1688,1830,SBS방송국,ST-994,서울특별시 양천구 목동서로161,SBS방송국,37.529163,126.872749
양천구,725. 양강중학교앞 교차로,202503,233,181,양강중학교앞 교차로,ST-996,서울특별시 양천구 남부순환로88길5-16,양강중학교앞 교차로,37.524334,126.850548
양천구,726. 목동3단지 시내버스정류장,202503,3432,3516,목동3단지 시내버스정류장,ST-997,서울특별시 양천구 목동중앙로 49,목동3단지 시내버스정류장,37.53439,126.869598
양천구,729. 서부식자재마트 건너편,202504,1501,1609,서부식자재마트 건너편,ST-1000,서울특별시 양천구 신정동 236,서부식자재마트 건너편,37.51038,126.866798
양천구,731. 서울시 도로환경관리센터,202504,3341,3477,서울시 도로환경관리센터,ST-1002,서울특별시 양천구 목동동로 316-6,서울시 도로환경관리센터,37.5299,126.876541
양천구,733. 신정이펜하우스314동,202504,883,442,신정이펜하우스314동,ST-1004,서울특별시 양천구 신정이펜1로50,신정이펜하우스314동,37.514099,126.831001
양천구,734. 신트리공원 입구,202504,3164,3045,신트리공원 입구,ST-1005,서울특별시 양천구 신정동 310-8,신트리공원 입구,37.51395,126.856056
양천구,736. 오솔길공원,202504,1118,1288,오솔길공원,ST-1007,서울특별시 양천구 남부순환로70길11-9,오솔길공원,37.52219,126.8367
양천구,740. 으뜸공원,202504,1105,1280,으뜸공원,ST-1011,서울특별시 양천구 가로공원로 133,으뜸공원,37.536369,126.831711
양천구,741. 화곡로 입구 교차로,202504,613,605,화곡로 입구 교차로,ST-1012,서울특별시 양천구 신월동 258,화곡로 입구 교차로,37.53952,126.825401
양천구,742. 등촌역 5번 출구 뒤,202504,956,984,등촌역 5번 출구 뒤,ST-1013,서울특별시 양천구 등촌로 236,등촌역 5번 출구 뒤,37.550732,126.864578
양천구,743. 현대6차아파트 101동 옆,202504,1136,1282,현대6차아파트 101동 옆,ST-1014,서울특별시 양천구 신정동 735-5,현대6차아파트 101동 옆,37.5089,126.842682
양천구,744. 신목동역 2번 출구,202504,3543,3514,신목동역 2번 출구,ST-1015,서울특별시 양천구 목동중앙로 212 앞,신목동역 2번 출구,37.543842,126.882545
양천구,745. 강서초등학교,202504,863,977,강서초등학교,ST-1016,서울특별시 양천구 오목로 31 부근,강서초등학교,37.522282,126.839699
양천구,746. 목동2단지 상가,202504,3908,3982,목동2단지 상가,ST-1017,서울특별시 양천구 목동 902-5,목동2단지 상가,37.536503,126.877747
양천구,747. 목동3단지 상가,202504,2470,2537,목동3단지 상가,ST-1018,서울특별시 양천구 목동 903-6,목동3단지 상가,37.53458,126.875649
양천구,748. 목동운동장,202504,588,638,목동운동장,ST-1019,서울특별시 양천구 안양천로 939,목동운동장,37.530251,126.879303
은평구,937. 상림마을 롯데캐슬2단지 옆,202504,119,117,상림마을 롯데캐슬2단지 옆,ST-1023,서울특별시 은평구 진관동 30-23,상림마을 롯데캐슬2단지 옆,37.645851,126.923798
은평구,938. 금암 문화공원,202504,198,205,금암 문화공원,ST-1024,서울특별시 은평구 진관동 44-28,금암 문화공원,37.644684,126.918457
은평구,939. 은평구청 교차로,202504,589,568,은평구청 교차로,ST-1025,서울특별시 은평구 응암동 82-31,은평구청 교차로,37.6017,126.927422
은평구,941. 은평뉴타운 도서관,202504,530,221,은평뉴타운 도서관,ST-1027,서울특별시 은평구 진관동 141-27,은평뉴타운 도서관,37.637222,126.933304
은평구,942. 상림마을 생태공원,202504,404,402,상림마을 생태공원,ST-1028,서울특별시 은평구 진관동 16-4,상림마을 생태공원,37.644081,126.929283
은평구,943. 은평구청 보건소,202504,1646,1834,은평구청 보건소,ST-1029,서울특별시 은평구 녹번동 84,은평구청 보건소,37.602402,126.92865
은평구,946. 독바위역 ,202504,496,473,독바위역,ST-1032,서울특별시 은평구 불광로 129,독바위역,37.618439,126.932884
은평구,947. 연신내 선일하이츠빌 정류소,202504,251,250,연신내 선일하이츠빌 정류소,ST-1033,서울특별시 은평구 불광동 484-165,연신내 선일하이츠빌 정류소,37.622669,126.919991
은평구,949. 연신내역 1번 출구 ,202504,1093,1350,연신내역 1번 출구,ST-1035,서울특별시 은평구 불광동 487-2,연신내역 1번 출구,37.619781,126.920807
은평구,952. 서울연신중학교,202504,479,415,서울연신중학교,ST-1038,서울특별시 은평구 불광동 400-4번지,서울연신중학교,37.62265,126.925247
은평구,953. 서울연신초등학교,202504,304,250,서울연신초등학교,ST-1039,서울특별시 은평구 불광동 73-1번지,서울연신초등학교,37.625778,126.928818
강동구,1025. 상일초등학교,202504,712,717,상일초등학교,ST-1042,서울특별시 강동구 상일동 440-3,상일초등학교,37.546841,127.172516
강서구,1155. 기쁜우리복지관,202504,2673,2539,기쁜우리복지관,ST-1255,서울특별시 강서구 허준로 65,기쁜우리복지관,0.0,0.0
강서구,1155. 기쁜우리복지관,202504,2673,2539,기쁜우리복지관,ST-1067,서울특별시 강서구 가양동 1458-15,기쁜우리복지관,37.56926,126.848419
강서구,1157. 강서구청,202504,3706,4019,강서구청,ST-1069,서울특별시 강서구 화곡로 302,강서구청,37.550659,126.84977
송파구,1251. 석촌역 2번출구,202504,3375,3330,석촌역 2번출구,ST-1070,서울특별시 송파구 송파동 68,석촌역 2번출구,37.505932,127.10775
송파구,1253. 오금역 3번 출구 뒤,202504,797,742,오금역 3번 출구 뒤,ST-1072,서울특별시 송파구 가락동 10-15,오금역 3번 출구 뒤,37.501652,127.128181
송파구,1256. 문정현대아파트 교차로,202504,777,765,문정현대아파트 교차로,ST-1075,서울특별시 송파구 문정동 3-2,문정현대아파트 교차로,37.491131,127.125809
송파구,1258. 가락미륭아파트 앞,202504,639,384,가락미륭아파트 앞,ST-1077,서울특별시 송파구 가락동 195-4,가락미륭아파트 앞,37.493198,127.128998
송파구,1259. 방이역 1번출구,202504,1768,1900,방이역 1번출구,ST-1078,서울특별시 송파구 오금동 17-20,방이역 1번출구,37.508984,127.126595
송파구,1260. 방이동 한양3차아파트 옆,202504,1764,1722,방이동 한양3차아파트 옆,ST-1079,서울특별시 송파구 방이동 225-1,방이동 한양3차아파트 옆,37.506302,127.121399
송파구,1262. 송파여성문화회관 앞,202504,2581,2592,송파여성문화회관 앞,ST-1081,서울특별시 송파구 송파동 2-3,송파여성문화회관 앞,37.505802,127.109718
송파구,1263. 장지공영차고지,202504,363,405,장지공영차고지,ST-1082,서울특별시 송파구 장지동 861-6,장지공영차고지,37.480541,127.137016
송파구,1264. 천호역 10번 출구 앞,202504,3799,3790,천호역 10번 출구 앞,ST-1083,서울특별시 송파구 풍납동 490-16,천호역 10번 출구 앞,37.538582,127.122803
송파구,1265. 문정동 근린공원,202504,1400,1405,문정동 근린공원,ST-1084,서울특별시 송파구 문정동 38-3,문정동 근린공원,37.485989,127.124763
송파구,1267. 올림픽공원 남2문 앞,202504,1522,1440,올림픽공원 남2문 앞,ST-1086,서울특별시 송파구 올림픽로 424,올림픽공원 남2문 앞,37.51424,127.12307
송파구,1268. 몽촌토성역 1번출구 옆,202504,2632,2612,몽촌토성역 1번출구 옆,ST-1087,서울특별시 송파구 방이동 88-21,몽촌토성역 1번출구 옆,37.517288,127.114197
송파구,1269. 리센츠아파트 ,202504,1928,1732,리센츠아파트,ST-1088,서울특별시 송파구 올림픽로 135,리센츠아파트,37.511944,127.091217
송파구,1271. 송파도서관,202504,1198,1214,송파도서관,ST-1089,서울특별시 송파구 동남로 263,송파도서관,37.499985,127.135391
성동구,512. 뚝섬역 1번 출구 옆,202504,3108,3106,뚝섬역 1번 출구 옆,ST-109,서울특별시 성동구 아차산로 18,뚝섬역 1번 출구 옆,37.548561,127.045006
송파구,1274. 영파여고 앞,202504,1742,1701,영파여고 앞,ST-1092,서울특별시 송파구 올림픽로 565,영파여고 앞,37.532848,127.121048
중랑구,1444. 면목4치안센터,202504,1113,1523,면목4치안센터,ST-1095,서울특별시 중랑구 면목동 646-4,면목4치안센터,37.574028,127.080544
중랑구,1446. 중랑전화국 교차로,202504,1784,1836,중랑전화국 교차로,ST-1097,서울특별시 중랑구 면목동 282-8,중랑전화국 교차로,37.591301,127.08033
중랑구,1447. 면목역 3번출구,202504,2542,3088,면목역 3번출구,ST-1098,서울특별시 중랑구 면목동 120-2,면목역 3번출구,37.588902,127.08728
중랑구,1448. 코스트코 상봉점,202504,2023,2105,코스트코 상봉점,ST-1099,서울특별시 중랑구 상봉동 160-3,코스트코 상봉점,37.597321,127.089798
마포구,400. 상암한화오벨리스크 1차 앞,202504,1122,1145,상암한화오벨리스크 1차 앞,ST-110,서울특별시 마포구 구룡길 19,상암한화오벨리스크 1차 앞,37.587524,126.883003
강북구,1527. 미아역 1번 출구 뒤,202504,679,660,미아역 1번 출구 뒤,ST-1101,서울특별시 강북구 미아동 194-1,미아역 1번 출구 뒤,37.627335,127.026054
강북구,1528. 삼각산동 주민센터,202504,582,204,삼각산동 주민센터,ST-1102,서울특별시 강북구 미아동 813-8,삼각산동 주민센터,37.615036,127.020699
강북구,1529. 미아동 한국전력공사,202504,1468,1469,미아동 한국전력공사,ST-1103,서울특별시 강북구 미아동 194-1,미아동 한국전력공사,37.63018,127.02491
강북구,1530. 광산사거리,202504,1665,1698,광산사거리,ST-1104,서울특별시 강북구 노해로 87,광산사거리,37.643551,127.022347
강북구,1531. 미아사거리 1번 출구,202504,2201,2368,미아사거리 1번 출구,ST-1105,서울특별시 강북구 미아동 66-1,미아사거리 1번 출구,37.613956,127.030251
강북구,1532. 번3동 주민센터 교차로,202504,946,1013,번3동 주민센터 교차로,ST-1106,서울특별시 강북구 번동 2-2,번3동 주민센터 교차로,37.626354,127.047447
강북구,"1533. 번동 주공3, 4단지 교차로",202504,470,570,"번동 주공3, 4단지 교차로",ST-1107,서울특별시 강북구 번동 254,"번동 주공3, 4단지 교차로",37.629917,127.040916
강북구,1535. 효성인텔리안 앞,202504,2070,2119,효성인텔리안 앞,ST-1109,서울특별시 강북구  수유동 230-7,효성인텔리안 앞,37.636292,127.023376
성동구,513. 뚝섬역 5번 출구 정류소 옆,202504,1414,1403,뚝섬역 5번 출구 정류소 옆,ST-111,서울특별시 성동구 아차산로 18,뚝섬역 5번 출구 정류소 옆,37.546307,127.049805
강북구,1536. 번동 두산위브 101동 옆,202504,731,683,번동 두산위브 101동 옆,ST-1110,서울특별시 강북구 번동 386-17,번동 두산위브 101동 옆,37.636261,127.032173
노원구,1643. 태릉입구역 8번출구,202504,2509,2570,태릉입구역 8번출구,ST-1111,서울특별시 노원구 공릉동 687-6,태릉입구역 8번출구,37.617367,127.075211
노원구,1646. 삼육대 입구,202504,450,431,삼육대 입구,ST-1114,서울특별시 노원구 공릉동 26-43,삼육대 입구,37.638489,127.107903
노원구,1650. 중계근린공원내,202504,3514,3474,중계근린공원내,ST-1118,서울특별시 노원구 중계동 506-3,중계근린공원내,37.63958,127.065102
성동구,514. 성수사거리 버스정류장 앞,202504,2972,3019,성수사거리 버스정류장 앞,ST-112,서울특별시 성동구 아차산로 171,성수사거리 버스정류장 앞,37.54258,127.063309
노원구,1652. 파르코 앞,202504,358,359,파르코 앞,ST-1120,서울특별시 노원구 상계동 1263,파르코 앞,37.68,127.05558
노원구,1653. 노원역1번출구,202504,3532,3584,노원역1번출구,ST-1121,서울특별시 노원구 상계동 335-4,노원역1번출구,37.6562,127.063622
노원구,1655. 공릉1단지아파트,202504,2836,2833,공릉1단지아파트,ST-1123,서울특별시 중랑구 동일로 1127,공릉1단지아파트,37.631111,127.07016
노원구,1657. 노원구청 ,202504,2463,2521,노원구청,ST-1125,서울특별시 노원구 노해로 437,노원구청,37.654049,127.057327
노원구,1659. 중계동 을지중학교,202504,895,764,중계동 을지중학교,ST-1127,서울특별시 노원구 중계동 370,중계동 을지중학교,37.65033,127.071602
노원구,1660. 서울시립과학관,202504,556,376,서울시립과학관,ST-1128,서울특별시 노원구 하계동 266,서울시립과학관,37.642071,127.076622
도봉구,1714. 도봉문화정보도서관 삼거리,202504,532,113,도봉문화정보도서관 삼거리,ST-1130,서울특별시 도봉구 덕릉로 315,도봉문화정보도서관 삼거리,37.64463,127.044609
도봉구,1715. 서울특별시교육청도봉도서관,202504,698,696,서울특별시교육청도봉도서관,ST-1131,서울특별시 도봉구 삼양로556,서울특별시교육청도봉도서관,37.653179,127.012787
도봉구,1719. 신도봉사거리 버스정류장,202504,761,846,신도봉사거리 버스정류장,ST-1135,서울특별시 도봉구 도봉로 771,신도봉사거리 버스정류장,37.673283,127.043991
도봉구,1720. 도봉구청 옆(중랑천변),202504,1789,1854,도봉구청 옆(중랑천변),ST-1136,서울특별시 도봉구 마들로 656,도봉구청 옆(중랑천변),37.668671,127.047981
금천구,1841. 가산동 주민센터,202504,1413,1421,가산동 주민센터,ST-1142,서울특별시 금천구 가산동 144-3,가산동 주민센터,37.476952,126.891869
금천구,1842. 한울중학교,202504,210,57,한울중학교,ST-1143,서울특별시 금천구 시흥동 1000-3,한울중학교,37.462574,126.90686
금천구,1843. 독산고등학교,202504,563,410,독산고등학교,ST-1144,서울특별시 금천구 독산동 906-42,독산고등학교,37.477097,126.911133
금천구,1846. 롯데캐슬골드파크1차 동문,202504,1023,1008,롯데캐슬골드파크1차 동문,ST-1147,서울특별시 금천구 독산동 441-19,롯데캐슬골드파크1차 동문,37.460171,126.896042
금천구,1848. 벽산 디지털밸리 5차,202504,1151,1492,벽산 디지털밸리 5차,ST-1149,서울특별시 금천구 가산동 60-73,벽산 디지털밸리 5차,37.476276,126.885391
동작구,2059. 보라매공원 정문,202504,1450,1599,보라매공원 정문,ST-1151,서울특별시 동작구 신대방동 395,보라매공원 정문,37.497078,126.917793
동작구,2060. 남성역3번출구 뒤,202504,1291,1465,남성역3번출구 뒤,ST-1152,서울특별시 동작구 사당동 1131,남성역3번출구 뒤,37.484631,126.97155
동작구,2062. 사당새마을금고,202504,401,377,사당새마을금고,ST-1154,서울특별시 동작구 사당동 211-2,사당새마을금고,37.486652,126.967842
관악구,2159. 인헌초교,202504,289,278,인헌초교,ST-1156,서울특별시 관악구 봉천동 244-1,인헌초교,37.47509,126.959229
서초구,2266. 서초역 3번출구,202504,825,934,서초역 3번출구,ST-1158,서울특별시 서초구 서초동 1748-14,서초역 3번출구,37.49054,127.008163
중구,300. 정동사거리,202504,1001,983,정동사거리,ST-116,서울특별시 중구 정동길 2-1,정동사거리,37.56805,126.969231
서초구,2269. 주홍교 하부,202504,293,134,주홍교 하부,ST-1161,서울특별시 서초구 잠원동 91-29,주홍교 하부,37.510349,127.016052
서초구,2270. 서초포레스타 7단지,202504,431,415,서초포레스타 7단지,ST-1162,서울특별시 관악구 신원동 266,서초포레스타 7단지,37.448967,127.057739
서초구,2272. 교대입구 교차로,202504,587,595,교대입구 교차로,ST-1164,서울특별시 서초구 서초동 1748-33,교대입구 교차로,37.487309,127.010582
서초구,2273. 일동제약 사거리,202504,791,789,일동제약 사거리,ST-1165,서울특별시 서초구 양재동 67-12,일동제약 사거리,37.477829,127.038269
종로구,301. 경복궁역 7번출구 앞,202504,929,506,경복궁역 7번출구 앞,ST-117,서울특별시 종로구 사직로 지하130,경복궁역 7번출구 앞,37.575794,126.971451
강남구,2362. 신사동 가로수길 입구,202504,873,764,신사동 가로수길 입구,ST-1171,서울특별시 강남구 신사동 501-5,신사동 가로수길 입구,37.517635,127.022453
강남구,2365. K+ 타워 앞,202504,744,765,K+ 타워 앞,ST-1174,서울특별시 강남구 도산대로 333,K+ 타워 앞,37.5233,127.038475
강남구,2368. 도곡동 경남아파트 건너편,202504,456,344,도곡동 경남아파트 건너편,ST-1177,서울특별시 강남구 도곡동 874-1,도곡동 경남아파트 건너편,37.489342,127.041298
강남구,2369. KT선릉타워,202504,1473,1440,KT선릉타워,ST-1178,서울특별시 강남구 대치동 1011,KT선릉타워,37.505428,127.052872
강남구,2370. 한티역 3번출구,202504,391,386,한티역 3번출구,ST-1179,서울특별시 강남구 대치동 1026,한티역 3번출구,37.496552,127.054298
강남구,2371. 한국우편사업진흥원,202504,386,197,한국우편사업진흥원,ST-1180,서울특별시 강남구 언주로 651,한국우편사업진흥원,37.514748,127.035133
강남구,2372. 대치역 사거리,202504,1139,1296,대치역 사거리,ST-1181,서울특별시 강남구 삼성로 156,대치역 사거리,37.494499,127.063797
강남구,2373. 개포동역 사거리,202504,467,453,개포동역 사거리,ST-1182,서울특별시 강남구 개포동 181-3,개포동역 사거리,37.489277,127.065575
강남구,2375. 수서역 1번출구 앞,202504,1339,1621,수서역 1번출구 앞,ST-1184,서울특별시 강남구 수서동 728,수서역 1번출구 앞,37.48735,127.100998
강남구,2376. 수서역 6번출구 앞,202504,1022,1121,수서역 6번출구 앞,ST-1185,서울특별시 강남구 수서동 740,수서역 6번출구 앞,37.486778,127.100517
서대문구,3100. 북성초교,202504,348,295,북성초교,ST-1188,서울특별시 서대문구 신촌로 235-1,북성초교,37.557396,126.952164
서대문구,3101. 서대문구청,202504,443,406,서대문구청,ST-1189,서울특별시 서대문구 연희로 242,서대문구청,37.578381,126.936096
광진구,3506. 영동대교 북단,202504,1627,1619,영동대교 북단,ST-1191,서울특별시 광진구 자양동 203-22,영동대교 북단,37.537014,127.061096
광진구,3507. 어린이회관,202504,1165,926,어린이회관,ST-1192,서울특별시 광진구 능동 465-7,어린이회관,37.545952,127.078003
광진구,3508. 화양사거리,202504,1138,901,화양사거리,ST-355,서울특별시 성동구 광나루로 334,화양사거리,37.548149,127.06707
광진구,3508. 화양사거리,202504,1138,901,화양사거리,ST-1193,서울특별시 광진구 화양동 21-6,화양사거리,37.548222,127.067879
광진구,3509. 세종사이버대학교,202504,3271,3281,세종사이버대학교,ST-1194,서울특별시 광진구 군자동 111-2,세종사이버대학교,37.553417,127.073196
성동구,3513. 상왕십리역 1번출구,202504,2528,1404,상왕십리역 1번출구,ST-1197,서울특별시 성동구 하왕십리동 860-1,상왕십리역 1번출구,37.56461,127.029198
성동구,3514. 왕십리교회옆,202504,2747,2774,왕십리교회옆,ST-1198,서울특별시 성동구 상왕십리동 350-1,왕십리교회옆,37.566261,127.023697
성동구,3515. 서울숲 관리사무소,202504,3303,3124,서울숲 관리사무소,ST-1199,서울특별시 성동구 성수동1가 678-1,서울숲 관리사무소,37.542816,127.042084
성북구,1342. 성북쉼터 앞,202504,247,76,성북쉼터 앞,ST-1206,서울특별시 성북구 성북로21길 32,성북쉼터 앞,37.592617,126.997932
성북구,1343. 한성대7번출구 앞,202504,522,519,한성대7번출구 앞,ST-1207,서울특별시 성북구 동소문로 11,한성대7번출구 앞,37.589249,127.007378
성북구,1344. 아리랑시네센터 앞,202504,276,228,아리랑시네센터 앞,ST-1208,서울특별시 성북구 아리랑로 82,아리랑시네센터 앞,37.600288,127.013702
성북구,1346. 길음8골어린이공원 옆,202504,829,784,길음8골어린이공원 옆,ST-1210,서울특별시 성북구 길음로13길 22,길음8골어린이공원 옆,37.608978,127.020248
성북구,1347. 길음래미안아파트817동 상가 앞,202504,340,333,길음래미안아파트817동 상가 앞,ST-1211,서울특별시 성북구 길음로 33,길음래미안아파트817동 상가 앞,37.607105,127.0215
성북구,1348. 성북제일새마을금고 본점 앞,202504,529,517,성북제일새마을금고 본점 앞,ST-1212,서울특별시 성북구 길음로 20,성북제일새마을금고 본점 앞,37.604752,127.022758
성북구,1352. e 편한세상 보문아파트 내,202504,160,104,e 편한세상 보문아파트 내,ST-1216,서울특별시 성북구 낙산길 255,e 편한세상 보문아파트 내,37.583881,127.017097
성북구,1353. 금호어울림센터힐 내,202504,292,294,금호어울림센터힐 내,ST-1217,서울특별시 성북구 동소문로34길 73,금호어울림센터힐 내,37.60083,127.023552
구로구,1957. 구일고등학교 정문 ,202504,2196,2181,구일고등학교 정문,ST-1219,서울특별시 구로구 구일로 90-51,구일고등학교 정문,37.493401,126.874329
구로구,1958. 강서수도사업소민원센터,202504,2353,2596,강서수도사업소민원센터,ST-1220,서울특별시 구로구 가마산로 272,강서수도사업소민원센터,37.495781,126.890121
구로구,1962. 가리봉동주민센터,202504,1634,1606,가리봉동주민센터,ST-1224,서울특별시 구로구 디지털로26길 5,가리봉동주민센터,37.481602,126.892799
구로구,1964. 원메디타운 앞,202504,2403,2413,원메디타운 앞,ST-1226,서울특별시 구로구 경인로 403,원메디타운 앞,37.49789,126.864502
구로구,1966. 한마을아파트 정문상가,202504,1692,1699,한마을아파트 정문상가,ST-1228,서울특별시 구로구 경인로 382,한마을아파트 정문상가,37.496498,126.863098
구로구,1967. 참새공원(백곡경노당),202504,534,583,참새공원(백곡경노당),ST-1229,서울특별시 구로구 고척로21길 85,참새공원(백곡경노당),37.505138,126.844337
종로구,307. 서울역사박물관 앞,202504,893,814,서울역사박물관 앞,ST-123,서울특별시 종로구 새문안로 55,서울역사박물관 앞,37.57,126.9711
구로구,1969. 궁동생태공원,202504,126,113,궁동생태공원,ST-1231,서울특별시 구로구 오리로 1352,궁동생태공원,37.501904,126.828964
구로구,1973. 오리로와 서해안도로 교차로 앞,202504,411,288,오리로와 서해안도로 교차로 앞,ST-1235,서울특별시 구로구 오리로 1181,오리로와 서해안도로 교차로 앞,37.488598,126.836494
구로구,1974. 신도림2차e편한세상아파트 203동 앞,202504,1185,1017,신도림2차e편한세상아파트 203동 앞,ST-1236,서울특별시 구로구 신도림로 16,신도림2차e편한세상아파트 203동 앞,37.50518,126.882538
구로구,1975. 대림역 1번 출입구 밑,202504,1653,1635,대림역 1번 출입구 밑,ST-1237,서울특별시 구로구 도림천로 351,대림역 1번 출입구 밑,37.492565,126.894753
구로구,1976. 남구로역 5번 출입구 앞,202504,804,445,남구로역 5번 출입구 앞,ST-1238,서울특별시 구로구 도림로 지하 7,남구로역 5번 출입구 앞,37.48568,126.886703
구로구,1977. 천왕역 1번 출입구 앞,202504,1765,1342,천왕역 1번 출입구 앞,ST-1239,서울특별시 구로구 오리로 지하 1154,천왕역 1번 출입구 앞,37.48621,126.838821
구로구,1979. 구로1동우체국 앞,202504,284,250,구로1동우체국 앞,ST-1241,서울특별시 구로구 구일로 64,구로1동우체국 앞,37.492031,126.873772
강남구,2383. 보금자리정원,202504,321,402,보금자리정원,ST-1248,서울특별시 강남구 헌릉로569길 39-6,보금자리정원,37.466328,127.094887
강서구,1158. 가양역 8번출구,202504,4020,4186,가양역 8번출구,ST-1249,서울특별시 강서구 양천로 지하 485,가양역 8번출구,37.561035,126.854813
강서구,1162. 공항초등학교건너편,202504,2627,2620,공항초등학교건너편,ST-1253,서울특별시 강서구 마곡서1로 68,공항초등학교건너편,37.562679,126.820473
관악구,2164. 관악우체국,202504,774,769,관악우체국,ST-1259,서울특별시 관악구 남부순환로 1641,관악우체국,37.484768,126.932877
중구,310. 청계광장 옆,202504,1607,1423,청계광장 옆,ST-126,서울특별시 중구 세종대로 136,청계광장 옆,37.568878,126.97747
관악구,2165. JK장평타워,202504,212,152,JK장평타워,ST-1260,서울특별시 관악구 남부순환로 1943,JK장평타워,37.476482,126.965363
관악구,2167. 낙성대역 1번출구,202504,455,410,낙성대역 1번출구,ST-1262,서울특별시 관악구 남부순환로 1944,낙성대역 1번출구,37.476295,126.964958
관악구,2169. 봉천역 2번출구,202504,1240,1405,봉천역 2번출구,ST-1264,서울특별시 관악구 남부순환로 1728,봉천역 2번출구,37.482189,126.942131
광진구,3517. 용마사거리,202504,1882,2043,용마사거리,ST-1266,서울특별시 광진구 능동로 373,용마사거리,37.562527,127.082275
관악구,2172. 나들목공원,202504,623,438,나들목공원,ST-1267,서울특별시 관악구 신림로 41,나들목공원,37.469406,126.944511
관악구,2173. 당곡사거리,202504,2802,2797,당곡사거리,ST-1268,서울특별시 관악구 보라매로 3,당곡사거리,37.48975,126.927467
관악구,2174. 삼성디지털프라자관악점,202504,560,511,삼성디지털프라자관악점,ST-1269,서울특별시 관악구 신림로 386,삼성디지털프라자관악점,37.488564,126.928482
관악구,2175. 신림동걷고싶은문화의거리입구,202504,1036,1018,신림동걷고싶은문화의거리입구,ST-1270,서울특별시 관악구 신림로 369,신림동걷고싶은문화의거리입구,37.487301,126.928703
구로구,1983. 구로동롯데아파트,202504,829,815,구로동롯데아파트,ST-1273,서울특별시 구로구 새말로 31,구로동롯데아파트,37.502548,126.883881
구로구,1985. 구로도서관,202504,4198,3787,구로도서관,ST-1275,서울특별시 구로구 공원로 15,구로도서관,37.498516,126.891991
금천구,1849. 대륭포스트타워5차,202504,557,544,대륭포스트타워5차,ST-1276,서울특별시 금천구 디지털로9길 68,대륭포스트타워5차,37.481354,126.88694
금천구,1850. 코오롱테크노밸리,202504,427,438,코오롱테크노밸리,ST-1277,서울특별시 금천구 디지털로9길 56,코오롱테크노밸리,37.48016,126.886368
노원구,1661. 당현천근린공원,202504,1845,1720,당현천근린공원,ST-1278,서울특별시 노원구 동일로 1342,당현천근린공원,37.649639,127.065605
노원구,1663. 동해문화예술관앞,202504,3097,3353,동해문화예술관앞,ST-1280,서울특별시 노원구 화랑로 429,동해문화예술관앞,37.619381,127.057854
노원구,1664. 노해근린공원내,202504,707,674,노해근린공원내,ST-1281,서울특별시 노원구 노원로22길 1,노해근린공원내,37.649361,127.070442
노원구,1666. 노원소방서인근,202504,798,613,노원소방서인근,ST-1283,서울특별시 노원구 노원로26길 111,노원소방서인근,37.655781,127.071777
노원구,1667. 중계중학교,202504,2012,1866,중계중학교,ST-1284,서울특별시 노원구 덕릉로76길 23,중계중학교,37.654499,127.074387
노원구,1669. 중계역 3번출구,202504,2398,2423,중계역 3번출구,ST-1286,서울특별시 노원구 동일로 지하 1308-1,중계역 3번출구,37.643528,127.065224
노원구,1670. 노원경찰서교차로,202504,1593,1459,노원경찰서교차로,ST-1287,서울특별시 노원구 노원로 283,노원경찰서교차로,37.64341,127.071838
노원구,1671. 인덕대학교,202504,827,1022,인덕대학교,ST-1288,서울특별시 노원구 초안산로 12,인덕대학교,37.629349,127.054825
노원구,1672. 상계동수락리버시티,202504,502,547,상계동수락리버시티,ST-1289,서울특별시 노원구 누원로 18,상계동수락리버시티,37.688599,127.053406
노원구,1674. 서울북부고용센터앞,202504,3216,3269,서울북부고용센터앞,ST-1291,서울특별시 노원구 노해로 450,서울북부고용센터앞,37.653549,127.058083
도봉구,1722. 창동청소년수련관,202504,1140,1099,창동청소년수련관,ST-1292,서울특별시 도봉구 노해로69길 132,창동청소년수련관,37.657799,127.050049
도봉구,1723. 방학동학마을도서관,202504,394,373,방학동학마을도서관,ST-1293,서울특별시 도봉구 시루봉로 128,방학동학마을도서관,37.662079,127.027718
도봉구,1725. 창1동주민센터,202504,387,461,창1동주민센터,ST-1295,서울특별시 도봉구 해등로 46,창1동주민센터,37.647503,127.043312
도봉구,1727. 서울도봉초등학교인근,202504,572,551,서울도봉초등학교인근,ST-1297,서울특별시 도봉구 도봉로173길 96,서울도봉초등학교인근,37.678677,127.040764
동대문구,648. 장안동위더스빌옆,202504,2892,2891,장안동위더스빌옆,ST-1300,서울특별시 동대문구 한천로 42,장안동위더스빌옆,37.5667,127.062424
동대문구,650. 중랑교사거리,202504,1666,1438,중랑교사거리,ST-1302,서울특별시 동대문구 망우로 131,중랑교사거리,37.591534,127.067741
서초구,2285. LH서초3단지 301동 맞은편,202504,445,438,LH서초3단지 301동 맞은편,ST-1311,서울특별시 서초구 양재대로2길 33,LH서초3단지 301동 맞은편,37.457424,127.022652
서초구,2286. 탑성마을입구,202504,44,18,탑성마을입구,ST-1312,서울특별시 서초구 탑성말길 2,탑성마을입구,37.45855,127.055885
서초구,2287. 능안마을입구,202504,83,29,능안마을입구,ST-1313,서울특별시 서초구 능안말길 1-2,능안마을입구,37.45562,127.067101
서초구,2289. 남태령역 2번출구,202504,132,36,남태령역 2번출구,ST-1315,서울특별시 서초구 과천대로 810,남태령역 2번출구,37.464298,126.988525
성북구,1354. 고려대학교 2번출구,202504,1792,1823,고려대학교 2번출구,ST-1317,서울특별시 성북구 종암로 지하 1,고려대학교 2번출구,37.590714,127.036194
종로구,316. 종각역 1번출구 앞,202504,1561,1544,종각역 1번출구 앞,ST-132,서울특별시 종로구 종로 47,종각역 1번출구 앞,37.570396,126.981789
영등포구,278. 쌍용플레티넘오피스텔,202504,2586,2275,쌍용플레티넘오피스텔,ST-1323,서울특별시 영등포구 도영로 18,쌍용플레티넘오피스텔,37.507931,126.895233
용산구,828. 숙대입구역 8번,202504,908,1052,숙대입구역 8번,ST-1325,서울특별시 용산구 한강대로 289,숙대입구역 8번,37.544079,126.972
은평구,954. 은평뉴타운구파발9단지,202504,594,603,은평뉴타운구파발9단지,ST-1329,서울특별시 은평구 진관3로 77,은평뉴타운구파발9단지,37.642609,126.921478
중랑구,1449. 상봉역 1번출구,202504,2344,2371,상봉역 1번출구,ST-1332,서울특별시 중랑구 망우로 297,상봉역 1번출구,37.596558,127.085838
중랑구,1451. 중랑세무서,202504,2685,3094,중랑세무서,ST-1334,서울특별시 중랑구 망우로 176,중랑세무서,37.592758,127.07267
관악구,2171. 서울대입구역 5번출구,202504,1218,1237,서울대입구역 5번출구,ST-1337,서울특별시 관악구 남부순환로 1817,서울대입구역 5번출구,37.481548,126.952003
강서구,1165. 마곡중학교 후문,202504,1590,1068,마곡중학교 후문,ST-1338,서울특별시 강서구 마곡중앙5로 58,마곡중학교 후문,37.568447,126.821648
용산구,832. 이촌1동 주민센터 뒤,202504,1139,1104,이촌1동 주민센터 뒤,ST-1339,서울특별시 용산구 이촌로71길 24,이촌1동 주민센터 뒤,37.521282,126.973465
용산구,835. 남영역 건너편,202504,86,86,남영역 건너편,ST-1342,서울특별시 용산구 한강대로77길 18,남영역 건너편,37.541981,126.971542
용산구,836. 현대자동차서비스 앞,202504,940,981,현대자동차서비스 앞,ST-1343,서울특별시 용산구 원효로 74,현대자동차서비스 앞,37.531422,126.9515
중랑구,1453. 중랑캠핑숲,202504,226,217,중랑캠핑숲,ST-1345,서울특별시 중랑구 송림길 172,중랑캠핑숲,37.604603,127.109253
중랑구,1454. 한국전력공사(동대문 중랑지사),202504,891,939,한국전력공사(동대문 중랑지사),ST-1346,서울특별시 중랑구 동일로 862,한국전력공사(동대문 중랑지사),37.607349,127.07859
노원구,1675. 월계문화체육센터,202504,334,252,월계문화체육센터,ST-1348,서울특별시 노원구 월계로 280,월계문화체육센터,37.626942,127.05513
강서구,1166. 강서구립등빛도서관,202504,5008,4924,강서구립등빛도서관,ST-1351,서울특별시 강서구 강서로62길 48,강서구립등빛도서관,37.562569,126.842461
동작구,2064. 흑석한강푸르지오 106동앞,202504,47,35,흑석한강푸르지오 106동앞,ST-1355,서울특별시 동작구 흑석한강로 27,흑석한강푸르지오 106동앞,37.505356,126.966179
관악구,2176. 보라매공원 보도육교,202504,1899,1935,보라매공원 보도육교,ST-1357,서울특별시 관악구 신사로 132,보라매공원 보도육교,37.488991,126.916382
서초구,2293. SPC 앞,202504,937,783,SPC 앞,ST-1360,서울특별시 서초구 남부순환로 2620,SPC 앞,37.484798,127.036995
서초구,2294. 두상빌딩 앞,202504,1443,1603,두상빌딩 앞,ST-1361,서울특별시 서초구 언남길 87,두상빌딩 앞,37.475906,127.046242
강남구,2384. 자곡사거리,202504,2118,2363,자곡사거리,ST-1364,서울특별시 강남구 밤고개로 206,자곡사거리,37.476028,127.105942
강남구,2385. 학동역,202504,659,626,학동역,ST-1365,서울특별시 강남구 학동로 지하 180,학동역,37.51395,127.030151
송파구,1275. 거여초등학교 옆,202504,586,710,거여초등학교 옆,ST-1367,서울특별시 송파구 마천로25길 18,거여초등학교 옆,37.504589,127.139366
종로구,394. 경희궁 자이 3단지,202504,914,1012,경희궁 자이 3단지,ST-1374,서울특별시 종로구 송월길 99,경희궁 자이 3단지,37.568855,126.964561
중랑구,1455. 상봉역 2번 출구,202504,2191,2246,상봉역 2번 출구,ST-1375,서울특별시 중랑구 망우로 297,상봉역 2번 출구,37.596329,127.085899
광진구,3520. 광진경찰서,202504,3479,3241,광진경찰서,ST-1378,서울특별시 광진구 자양로 167,광진경찰서,37.542519,127.084084
광진구,3521. 현대홈타운 뒷길,202504,289,167,현대홈타운 뒷길,ST-1379,서울특별시 광진구 아차산로69길 29,현대홈타운 뒷길,37.543427,127.096619
중구,322. 명동성당 앞,202504,631,617,명동성당 앞,ST-138,서울특별시 중구 명동길 74,명동성당 앞,37.564476,126.986969
중랑구,1456. 상아빌딩(우림시장 교차로),202504,1294,1359,상아빌딩(우림시장 교차로),ST-1380,서울특별시 중랑구 용마산로 494,상아빌딩(우림시장 교차로),37.595112,127.100327
중랑구,1457. 동원사거리,202504,609,528,동원사거리,ST-1381,서울특별시 중랑구 겸재로 229,동원사거리,37.58976,127.093239
성북구,1357. 북한산보국문역,202504,280,272,북한산보국문역,ST-1383,서울특별시 성북구 보국문로 91,북한산보국문역,37.612072,127.008133
성북구,1358. 정릉도서관 앞,202504,344,344,정릉도서관 앞,ST-1384,서울특별시 성북구 보국문로 7-10,정릉도서관 앞,37.60479,127.010582
성북구,1360. 정릉역,202504,470,466,정릉역,ST-1386,서울특별시 성북구 정릉로 272,정릉역,37.603096,127.013504
강북구,1537. 북한산 우이역,202504,470,384,북한산 우이역,ST-1387,서울특별시 강북구 삼양로 670,북한산 우이역,37.663666,127.012428
강북구,1538. 솔밭공원역,202504,169,187,솔밭공원역,ST-1388,서울특별시 강북구 삼양로 595,솔밭공원역,37.656158,127.013138
강북구,1540. 가오리역,202504,916,895,가오리역,ST-1390,서울특별시 강북구 삼양로 426,가오리역,37.64167,127.016884
강북구,1541. 삼양역,202504,237,171,삼양역,ST-1391,서울특별시 강북구 삼양로 263,삼양역,37.62653,127.018059
강북구,1542. 삼양사거리역,202504,378,309,삼양사거리역,ST-1392,서울특별시 강북구 삼양로 197,삼양사거리역,37.621552,127.02037
노원구,1678. 성서대학교 밀알관,202504,452,455,성서대학교 밀알관,ST-1394,서울특별시 노원구 동일로214길 32,성서대학교 밀알관,37.648438,127.064446
노원구,1679. 삼육대 도서관,202504,581,380,삼육대 도서관,ST-1395,서울특별시 노원구 화랑로 815,삼육대 도서관,37.64283,127.106667
양천구,752. 성원2차 아파트,202504,1076,851,성원2차 아파트,ST-1400,서울특별시 양천구 목동중앙남로 100,성원2차 아파트,37.542183,126.863304
서초구,2297. 남부터미널역 1번출구,202504,703,574,남부터미널역 1번출구,ST-1404,서울특별시 서초구 서초중앙로 38,남부터미널역 1번출구,37.485672,127.015923
서초구,2299. 한전아트센터 앞,202504,820,803,한전아트센터 앞,ST-1406,서울특별시 서초구 효령로72길 60,한전아트센터 앞,37.486469,127.028061
강남구,2387. 래미안강남힐즈 사거리,202504,1064,1027,래미안강남힐즈 사거리,ST-1407,서울특별시 강남구 자곡로 101,래미안강남힐즈 사거리,37.472454,127.096077
송파구,1279. 마천금호어울림 1차아파트 건너편,202504,385,388,마천금호어울림 1차아파트 건너편,ST-1410,서울특별시 송파구 성내천로39길 4,마천금호어울림 1차아파트 건너편,37.497517,127.154678
송파구,1280. 송파파크데일 2단지입구 앞 주차장,202504,447,427,송파파크데일 2단지입구 앞 주차장,ST-1411,서울특별시 송파구 성내천로47길 23,송파파크데일 2단지입구 앞 주차장,37.495659,127.157173
송파구,1282. 송파소방서 맞은편(성내4교),202504,1579,1952,송파소방서 맞은편(성내4교),ST-1413,서울특별시 송파구 오금로51길 56,송파소방서 맞은편(성내4교),37.499874,127.141479
송파구,1285. 위례별 유치원 뒤,202504,448,426,위례별 유치원 뒤,ST-1416,서울특별시 송파구 위례광장로 136,위례별 유치원 뒤,37.47747,127.144592
송파구,1286. 위례중앙푸르지오 1단지 앞,202504,1266,1251,위례중앙푸르지오 1단지 앞,ST-1417,서울특별시 송파구 위례광장로 120,위례중앙푸르지오 1단지 앞,37.474377,127.140671
송파구,1288. 문정중교 사거리,202504,1439,1332,문정중교 사거리,ST-1419,서울특별시 송파구 송이로 238,문정중교 사거리,37.487999,127.131088
종로구,326. 안국역 5번출구 앞,202504,1117,1013,안국역 5번출구 앞,ST-142,서울특별시 종로구 율곡로 지하62,안국역 5번출구 앞,37.576241,126.98616
강북구,1543. 수유1동 주민센터,202504,656,655,수유1동 주민센터,ST-1423,서울특별시 강북구 삼양로 299,수유1동 주민센터,37.630188,127.017738
노원구,1681. 현대6차 아파트,202504,1671,1143,현대6차 아파트,ST-1425,서울특별시 노원구 중계로8길 20,현대6차 아파트,37.645802,127.08226
광진구,3510. 중곡SK아파트앞,202504,719,504,중곡SK아파트앞,ST-1427,서울특별시 광진구 용마산로32길 32,중곡SK아파트앞,37.568649,127.08625
광진구,3523. 건국대학교 과학관(이과대) 앞,202504,1094,1157,건국대학교 과학관(이과대) 앞,ST-1429,서울특별시 광진구 능동로 120,건국대학교 과학관(이과대) 앞,37.541718,127.08017
종로구,327. 낙원상가 옆,202504,1039,1024,낙원상가 옆,ST-143,서울특별시 종로구 삼일대로 428,낙원상가 옆,37.573357,126.987465
종로구,397. 종묘공영주차장 건너편,202504,390,387,종묘공영주차장 건너편,ST-1432,서울특별시 종로구 종로 지하 200,종묘공영주차장 건너편,37.57048,126.996635
강남구,2388. 강남구 도시관리공단,202504,579,223,강남구 도시관리공단,ST-1433,서울특별시 강남구 삼성로 628,강남구 도시관리공단,37.516785,127.051613
중구,399. 서울역 센트럴 자이아파트,202504,995,624,서울역 센트럴 자이아파트,ST-1436,서울특별시 중구 만리재로 175,서울역 센트럴 자이아파트,37.554108,126.965408
중구,428. 명보사거리,202504,622,572,명보사거리,ST-1437,서울특별시 중구 을지로 지하 129,명보사거리,37.5644,126.991432
중구,429. 송도병원,202504,124,72,송도병원,ST-1438,서울특별시 중구 다산로 59-1,송도병원,37.549889,127.007347
종로구,328. 탑골공원 앞,202504,657,606,탑골공원 앞,ST-144,서울특별시 종로구 종로 99,탑골공원 앞,37.570396,126.98819
용산구,839. 보광동 삼성리버빌아파트 앞,202504,822,852,보광동 삼성리버빌아파트 앞,ST-1441,서울특별시 용산구 보광로5길 40,보광동 삼성리버빌아파트 앞,37.52401,127.00145
용산구,840. 용산 파크타워 앞,202504,554,543,용산 파크타워 앞,ST-1442,서울특별시 용산구 서빙고로 67,용산 파크타워 앞,37.523651,126.970268
용산구,841. 신용산역 1번 출구,202504,1908,2033,신용산역 1번 출구,ST-1443,서울특별시 용산구 한강대로 100,신용산역 1번 출구,37.52961,126.968872
용산구,844. 이촌2동 동원베네스트 아파트 앞,202504,1278,1366,이촌2동 동원베네스트 아파트 앞,ST-1446,서울특별시 용산구 이촌로14길 7,이촌2동 동원베네스트 아파트 앞,37.527149,126.955162
동대문구,652. 답십리 래미안엘파인아파트 입구,202504,789,807,답십리 래미안엘파인아파트 입구,ST-1447,서울특별시 동대문구 사가정로 190,답십리 래미안엘파인아파트 입구,37.57653,127.065941
동대문구,654. 전농동 텃골공원,202504,797,612,전농동 텃골공원,ST-1449,서울특별시 동대문구 사가정로 65,전농동 텃골공원,37.577621,127.052109
성북구,1363. 보문4교 인근,202504,2114,2160,보문4교 인근,ST-1455,서울특별시 성북구 보문로22길 28,보문4교 인근,37.583752,127.02195
성북구,1364. 성북동 치안센터 앞,202504,706,690,성북동 치안센터 앞,ST-1456,서울특별시 성북구 성북로 25,성북동 치안센터 앞,37.590172,127.004089
성북구,1365. 선잠단지 앞,202504,308,227,선잠단지 앞,ST-1457,서울특별시 성북구 성북로 102-10,선잠단지 앞,37.593361,126.999092
성북구,1366. 일신초등학교 옆,202504,399,413,일신초등학교 옆,ST-1458,서울특별시 성북구 월곡로 74,일신초등학교 옆,37.59972,127.040382
도봉구,1730. 도봉산역 교차로 앞,202504,227,266,도봉산역 교차로 앞,ST-1462,서울특별시 도봉구 도봉산길 10,도봉산역 교차로 앞,37.687592,127.045502
도봉구,1733. 방학사거리 (봄마당 앞),202504,584,587,방학사거리 (봄마당 앞),ST-1465,서울특별시 도봉구 방학로 102,방학사거리 (봄마당 앞),37.662979,127.041939
도봉구,1734. 쌍문현대1차아파트 108동 앞,202504,884,761,쌍문현대1차아파트 108동 앞,ST-1466,서울특별시 도봉구 해등로 218,쌍문현대1차아파트 108동 앞,37.65815,127.032669
도봉구,"1735. 도봉역 1,2번 출구사이 건너편",202504,852,854,"도봉역 1,2번 출구사이 건너편",ST-1467,서울특별시 도봉구 도봉로170길 2,"도봉역 1,2번 출구사이 건너편",37.679119,127.044983
도봉구,1736. 버스정류장 앞,202504,505,388,버스정류장 앞,ST-1468,서울특별시 도봉구 도봉로 528,버스정류장 앞,37.652241,127.037064
중구,331. 을지로2가 사거리 북측,202504,1324,1345,을지로2가 사거리 북측,ST-147,서울특별시 중구 을지로 79,을지로2가 사거리 북측,37.566383,126.987206
도봉구,1738. 창동주공17단지 상가앞,202504,1651,1643,창동주공17단지 상가앞,ST-1470,서울특별시 도봉구 덕릉로 404,창동주공17단지 상가앞,37.646309,127.052742
노원구,1683. 노원문화예술회관,202504,2048,2014,노원문화예술회관,ST-1473,서울특별시 노원구 중계로 181,노원문화예술회관,37.650459,127.080887
노원구,1685. 불암고등학교 앞 횡단보도,202504,1421,1400,불암고등학교 앞 횡단보도,ST-1475,서울특별시 노원구 중계로 155,불암고등학교 앞 횡단보도,37.64819,127.080482
중구,332. 을지로2가 사거리 남측,202504,964,954,을지로2가 사거리 남측,ST-148,서울특별시 중구 을지로 100,을지로2가 사거리 남측,37.56599,126.987793
은평구,960. 구파발역 환승센터,202504,702,897,구파발역 환승센터,ST-1481,서울특별시 은평구 진관2로 지하 15-25,구파발역 환승센터,37.638252,126.919456
은평구,961. 불광역 9번 출구,202504,964,1021,불광역 9번 출구,ST-1482,서울특별시 은평구 통일로 732,불광역 9번 출구,37.61097,126.92981
은평구,965. 서울특별시 은평병원,202504,489,117,서울특별시 은평병원,ST-1486,서울특별시 은평구 백련산로 90,서울특별시 은평병원,37.593479,126.923187
은평구,968. 은평뉴타운 상림마을 13단지,202504,131,101,은평뉴타운 상림마을 13단지,ST-1489,서울특별시 은평구 진관4로 48-50,은평뉴타운 상림마을 13단지,37.64209,126.929413
서대문구,3103. 홍제삼거리 북측,202504,743,734,홍제삼거리 북측,ST-1491,서울특별시 서대문구 통일로 지하 440-1,홍제삼거리 북측,37.5867,126.94677
서대문구,3104. e편한세상 신촌4단지 앞,202504,849,866,e편한세상 신촌4단지 앞,ST-1492,서울특별시 마포구 신촌로 지하 270,e편한세상 신촌4단지 앞,37.558128,126.956207
서대문구,3105. 홍은센트레빌 아파트 앞,202504,403,181,홍은센트레빌 아파트 앞,ST-1493,서울특별시 서대문구 통일로 553,홍은센트레빌 아파트 앞,37.597149,126.93853
마포구,432. 마포중앙도서관,202504,343,81,마포중앙도서관,ST-1494,서울특별시 마포구 성산로 128,마포중앙도서관,37.563339,126.908203
양천구,756. 목동주차장,202504,1434,1472,목동주차장,ST-1497,서울특별시 양천구 목동동로 298,목동주차장,37.52668,126.876167
양천구,757. 신정이펜하우스 1단지아파트 입구 사거리,202504,656,330,신정이펜하우스 1단지아파트 입구 사거리,ST-1498,서울특별시 양천구 신정이펜1로 99,신정이펜하우스 1단지아파트 입구 사거리,37.514278,126.828743
양천구,758. 한사랑교회 앞,202504,1312,1283,한사랑교회 앞,ST-1499,서울특별시 양천구 목동동로 33,한사랑교회 앞,37.514721,126.8592
종로구,334. 종로3가역 2번출구 뒤,202504,1111,1068,종로3가역 2번출구 뒤,ST-150,서울특별시 종로구 종로 지하129,종로3가역 2번출구 뒤,37.570599,126.991791
양천구,760. 잣절보도육교 아래,202504,532,504,잣절보도육교 아래,ST-1501,서울특별시 양천구 남부순환로 699,잣절보도육교 아래,37.506821,126.844299
양천구,763. 목동11단지 아파트,202504,1326,1047,목동11단지 아파트,ST-1504,서울특별시 양천구 목동동로 10,목동11단지 아파트,37.510658,126.859161
강서구,1169. 염창역 1번 출구,202504,2142,2293,염창역 1번 출구,ST-1506,서울특별시 강서구 공항대로 625,염창역 1번 출구,37.547199,126.874489
강서구,1172. 가양3동 주민센터,202504,1852,2067,가양3동 주민센터,ST-1509,서울특별시 강서구 허준로 202,가양3동 주민센터,37.561249,126.86058
강서구,1173. 강서구청사거리(SH타워),202504,3585,3302,강서구청사거리(SH타워),ST-1510,서울특별시 강서구 공항대로 411,강서구청사거리(SH타워),37.556736,126.853073
강서구,1175. 대한항공 인력개발센터,202504,1376,914,대한항공 인력개발센터,ST-1512,서울특별시 강서구 공항대로 453,대한항공 인력개발센터,37.554379,126.857536
강서구,1178. 개화산역 2번 출구,202504,852,872,개화산역 2번 출구,ST-1515,서울특별시 강서구 양천로 22,개화산역 2번 출구,37.572472,126.806168
강서구,1180. 마곡엠밸리 15단지(1502동) 건너편,202504,2603,2609,마곡엠밸리 15단지(1502동) 건너편,ST-1517,서울특별시 강서구 마곡중앙로 36,마곡엠밸리 15단지(1502동) 건너편,37.557468,126.82972
강서구,1182. KBS 스포츠월드,202504,3543,3568,KBS 스포츠월드,ST-1519,서울특별시 강서구 공항대로 376,KBS 스포츠월드,37.556877,126.848808
구로구,1987. 개봉아이파크아파트 앞,202504,1396,1425,개봉아이파크아파트 앞,ST-1522,서울특별시 구로구 개봉로2길 133-15,개봉아이파크아파트 앞,37.490341,126.860931
구로구,1988. 고척LIGA아파트 앞,202504,2140,2105,고척LIGA아파트 앞,ST-1523,서울특별시 구로구 중앙로 100,고척LIGA아파트 앞,37.50605,126.860786
구로구,1992. 구로구배드민턴실내체육관 앞,202504,360,424,구로구배드민턴실내체육관 앞,ST-1527,서울특별시 구로구 경인로15길 75,구로구배드민턴실내체육관 앞,37.491798,126.83242
구로구,1993. 금강수목원아파트 앞,202504,798,841,금강수목원아파트 앞,ST-1528,서울특별시 구로구 오리로 1197,금강수목원아파트 앞,37.48938,126.834198
구로구,1994. 삼성전자 물류센터 앞,202504,1616,1596,삼성전자 물류센터 앞,ST-1529,서울특별시 구로구 구일로 126,삼성전자 물류센터 앞,37.496998,126.87178
종로구,337. 창경궁 입구,202504,722,732,창경궁 입구,ST-153,서울특별시 종로구 창경궁로 185,창경궁 입구,37.578979,126.996475
구로구,1996. 구일역 1번 출입구 앞,202504,2569,2584,구일역 1번 출입구 앞,ST-1240,서울특별시 구로구 구일로 133,구일역 1번 출입구 앞,0.0,0.0
금천구,1853. 서울디자인직업전문학교 앞,202504,334,318,서울디자인직업전문학교 앞,ST-1534,서울특별시 금천구 가산로 70,서울디자인직업전문학교 앞,37.472481,126.895866
금천구,1854. 가산아네스트 오피스텔 앞,202504,772,289,가산아네스트 오피스텔 앞,ST-1535,서울특별시 금천구 남부순환로 1314,가산아네스트 오피스텔 앞,37.47818,126.897408
금천구,1855. 성지아파트 옆 도로변,202504,123,145,성지아파트 옆 도로변,ST-1536,서울특별시 금천구 시흥대로51길 55,성지아파트 옆 도로변,37.451321,126.897621
금천구,1856. 모두의학교,202504,606,552,모두의학교,ST-1537,서울특별시 금천구 남부순환로128길 42,모두의학교,37.478409,126.907372
금천구,1857. 주공14단지,202504,324,322,주공14단지,ST-1538,서울특별시 금천구 한내로 69-54,주공14단지,37.46056,126.887093
종로구,338. 세운스퀘어 앞,202504,685,685,세운스퀘어 앞,ST-154,서울특별시 종로구 창경궁로 109,세운스퀘어 앞,37.570957,126.997124
동작구,2068. 총신대 앞(육교),202504,237,73,총신대 앞(육교),ST-1544,서울특별시 동작구 동작대로 지하 3,총신대 앞(육교),37.488159,126.966476
동작구,2070. 노량진역 2번 출구 앞,202504,1334,1681,노량진역 2번 출구 앞,ST-1545,서울특별시 동작구 노량진로 155,노량진역 2번 출구 앞,37.51392,126.943069
관악구,2179. 양녕로 입구,202504,859,907,양녕로 입구,ST-1548,서울특별시 관악구 남부순환로 1761,양녕로 입구,37.482189,126.946159
종로구,339. 종로4가 사거리,202504,1218,1100,종로4가 사거리,ST-155,서울특별시 종로구 종로 185,종로4가 사거리,37.571068,126.998192
서초구,2501. 서초 포레스타5단지,202504,597,542,서초 포레스타5단지,ST-1552,서울특별시 서초구 청계산로7길 43,서초 포레스타5단지,37.450661,127.05706
서초구,2502. 서초역1번출구 앞,202504,581,454,서초역1번출구 앞,ST-1553,서울특별시 서초구 서초대로 248,서초역1번출구 앞,37.491951,127.008553
서초구,2503. 반포1동 서초빌딩 앞,202504,1345,1561,반포1동 서초빌딩 앞,ST-1554,서울특별시 서초구 사평대로 349,반포1동 서초빌딩 앞,37.503811,127.021362
서초구,2504. 신사역 4번출구 뒤,202504,1324,956,신사역 4번출구 뒤,ST-1555,서울특별시 서초구 강남대로 605,신사역 4번출구 뒤,37.515881,127.019302
서초구,2506. LG유플러스 (방배사옥),202504,124,72,LG유플러스 (방배사옥),ST-1557,서울특별시 서초구 효령로 58,LG유플러스 (방배사옥),37.479092,126.990677
강남구,2389. 경기여자고등학교 후문 (삼성로3길 입구),202504,1012,974,경기여자고등학교 후문 (삼성로3길 입구),ST-1559,서울특별시 강남구 개포로 지하 420,경기여자고등학교 후문 (삼성로3길 입구),37.48616,127.067238
종로구,340. 혜화동 로터리,202504,1350,1394,혜화동 로터리,ST-156,서울특별시 종로구 창경궁로 271-1,혜화동 로터리,37.585629,127.000679
강남구,2390. 구룡마을 입구 (래미안블레스티지 아파트),202504,711,707,구룡마을 입구 (래미안블레스티지 아파트),ST-1560,서울특별시 강남구 양재대로 478,구룡마을 입구 (래미안블레스티지 아파트),37.480881,127.063042
강남구,2396. 영동3교 북단(우성캐릭터 앞 보도),202504,824,809,영동3교 북단(우성캐릭터 앞 보도),ST-1566,서울특별시 강남구 언주로 118,영동3교 북단(우성캐릭터 앞 보도),37.485741,127.051048
강남구,2398. 더라움,202504,441,321,더라움,ST-1568,서울특별시 강남구 언주로 564,더라움,37.50811,127.039452
종로구,341. 혜화역 3번출구 뒤,202504,1170,1168,혜화역 3번출구 뒤,ST-157,서울특별시 종로구 대학로 지하120,혜화역 3번출구 뒤,37.58157,127.001785
강남구,2401. 밀알학교 입구 (삼성서울병원 입구),202504,361,204,밀알학교 입구 (삼성서울병원 입구),ST-1571,서울특별시 강남구 일원로 90,밀알학교 입구 (삼성서울병원 입구),37.486561,127.082672
강남구,2403. 공무원연금매점 교차로 (개포주공9단지 입구),202504,1100,977,공무원연금매점 교차로 (개포주공9단지 입구),ST-1573,서울특별시 강남구 영동대로4길 10,공무원연금매점 교차로 (개포주공9단지 입구),37.48872,127.074539
강남구,2404. 대모산입구역 4번 출구 앞,202504,1892,2031,대모산입구역 4번 출구 앞,ST-1574,서울특별시 강남구 개포로 지하 522,대모산입구역 4번 출구 앞,37.49181,127.073158
강남구,2405. 청담공원앞 교차로,202504,952,326,청담공원앞 교차로,ST-1575,서울특별시 강남구 학동로 지하 346,청담공원앞 교차로,37.518711,127.05085
강남구,2406. 논현동 광명빌딩 앞,202504,394,306,논현동 광명빌딩 앞,ST-1576,서울특별시 강남구 도산대로 138,논현동 광명빌딩 앞,37.517571,127.023643
강남구,2408. 강남한양수자인아파트,202504,1205,1184,강남한양수자인아파트,ST-1578,서울특별시 강남구 자곡로 260,강남한양수자인아파트,37.477341,127.113274
송파구,1291. 서울체육고등학교 앞,202504,2565,2929,서울체육고등학교 앞,ST-1580,서울특별시 송파구 강동대로 232,서울체육고등학교 앞,37.521938,127.131866
송파구,1295. 잠실역 8번출구,202504,4646,4608,잠실역 8번출구,ST-1584,서울특별시 송파구 올림픽로 305,잠실역 8번출구,37.513962,127.100304
송파구,1296. 석촌호수교차로 (송파나루근린공원 앞),202504,863,852,석촌호수교차로 (송파나루근린공원 앞),ST-1585,서울특별시 송파구 석촌호수로12길 1-16,석촌호수교차로 (송파나루근린공원 앞),37.508678,127.103432
송파구,1297. 석촌호수교차로(동호 팔각정 앞),202504,3489,3575,석촌호수교차로(동호 팔각정 앞),ST-1586,서울특별시 송파구 석촌호수로12길 1-16,석촌호수교차로(동호 팔각정 앞),37.509201,127.104118
송파구,1299. 송파소방서 (방이119안전센터),202504,731,643,송파소방서 (방이119안전센터),ST-1588,서울특별시 송파구 강동대로 286,송파소방서 (방이119안전센터),37.519878,127.136711
송파구,1300. 오륜사거리,202504,813,876,오륜사거리,ST-1589,서울특별시 송파구 성내천로16길 17,오륜사거리,37.506939,127.139221
광진구,3528. 광진정보도서관,202504,1422,1917,광진정보도서관,ST-1602,서울특별시 광진구 아차산로78길 90,광진정보도서관,37.550598,127.110512
광진구,3529. 어린이대공원정문,202504,1117,979,어린이대공원정문,ST-1603,서울특별시 광진구 능동로 216,어린이대공원정문,37.549789,127.075928
종로구,452. 동대문 종합시장 버스정류장,202504,928,935,동대문 종합시장 버스정류장,ST-1605,서울특별시 종로구 종로 239,동대문 종합시장 버스정류장,37.571239,127.00441
종로구,454. 종로2가 버스정류장 (종각방향),202504,1013,1010,종로2가 버스정류장 (종각방향),ST-1607,서울특별시 종로구 종로 79-1,종로2가 버스정류장 (종각방향),37.570358,126.986382
종로구,345. 서울보증보험본사 앞,202504,1223,1304,서울보증보험본사 앞,ST-161,서울특별시 종로구 김상옥로 29,서울보증보험본사 앞,37.573307,127.00071
성동구,3530. 왕십리자이아파트 후문(삼거리),202504,356,235,왕십리자이아파트 후문(삼거리),ST-1616,서울특별시 성동구 무학봉길 35,왕십리자이아파트 후문(삼거리),37.560146,127.02636
성동구,3531. 논골사거리(금호도서관 입구),202504,261,58,논골사거리(금호도서관 입구),ST-1617,서울특별시 성동구 난계로 20,논골사거리(금호도서관 입구),37.554779,127.024841
성동구,3532. 왕십리KCC스위첸아파트,202504,251,159,왕십리KCC스위첸아파트,ST-1618,서울특별시 성동구 무학봉길 35,왕십리KCC스위첸아파트,37.56068,127.026779
종로구,461. 서울지방경찰청,202504,814,800,서울지방경찰청,ST-1619,서울특별시 종로구 사직로8길 31,서울지방경찰청,37.574364,126.972366
동대문구,656. 영휘원 교차로,202504,891,976,영휘원 교차로,ST-1628,서울특별시 동대문구 홍릉로 78-1,영휘원 교차로,37.587238,127.043137
중구,347. 동대문역사문화공원역 9번출구 앞,202504,688,656,동대문역사문화공원역 9번출구 앞,ST-163,서울특별시 중구 장충단로 지하230,동대문역사문화공원역 9번출구 앞,37.565331,127.007843
동대문구,660. 동의보감타워,202504,2111,2264,동의보감타워,ST-1632,서울특별시 동대문구 왕산로 128,동의보감타워,37.577999,127.037628
성북구,1370. 복자사랑 피정의 집,202504,228,129,복자사랑 피정의 집,ST-1634,서울특별시 성북구 성북로 132-4,복자사랑 피정의 집,37.59454,126.995209
성북구,1372. KEB은행 고대점,202504,1055,843,KEB은행 고대점,ST-1636,서울특별시 성북구 인촌로 113,KEB은행 고대점,37.586445,127.031601
도봉구,1741. 제일강산수산입구,202504,1426,1159,제일강산수산입구,ST-1638,서울특별시 도봉구 도봉로 444,제일강산수산입구,37.645199,127.032982
노원구,1688. 마들역 7번출구,202504,2368,2476,마들역 7번출구,ST-1639,서울특별시 노원구 동일로 지하 1530-1,마들역 7번출구,37.665661,127.057297
노원구,1689. 마들역 3번출구,202504,1604,1675,마들역 3번출구,ST-1640,서울특별시 노원구 동일로 지하 1530-1,마들역 3번출구,37.665249,127.057892
강서구,1184. 마곡13단지,202504,3587,3594,마곡13단지,ST-1645,서울특별시 강서구 방화대로7길 6,마곡13단지,37.55645,126.815979
강서구,1185. 등촌9단지,202504,1767,1585,등촌9단지,ST-1646,서울특별시 강서구 화곡로63가길 92,등촌9단지,37.562901,126.849472
강서구,1186. 송정중학교,202504,1100,1138,송정중학교,ST-1647,서울특별시 강서구 방화대로5길 7,송정중학교,37.554729,126.816093
영등포구,283. 아크로타워 스퀘어(영등포시장),202504,2843,2615,아크로타워 스퀘어(영등포시장),ST-1649,서울특별시 영등포구 양산로 213,아크로타워 스퀘어(영등포시장),37.522518,126.907219
영등포구,284. 센트럴 푸르지오 시티 앞,202504,2298,2012,센트럴 푸르지오 시티 앞,ST-1650,서울특별시 영등포구 문래로 180,센트럴 푸르지오 시티 앞,37.518211,126.902229
영등포구,286. 우성아파트 교차로,202504,1067,1138,우성아파트 교차로,ST-1652,서울특별시 영등포구 대림로 153,우성아파트 교차로,37.494572,126.89975
영등포구,287. 영등포전화국사거리 (서강어린이공원),202504,2551,2576,영등포전화국사거리 (서강어린이공원),ST-1653,서울특별시 영등포구 영중로 107,영등포전화국사거리 (서강어린이공원),37.525768,126.905739
광진구,3536. 중앙농협(자양동),202504,2632,2662,중앙농협(자양동),ST-1663,서울특별시 광진구 뚝섬로 639,중앙농협(자양동),37.531811,127.080742
광진구,3537. 아차산 휴먼시아 아파트 옆,202504,657,272,아차산 휴먼시아 아파트 옆,ST-1664,서울특별시 광진구 천호대로 716,아차산 휴먼시아 아파트 옆,37.548489,127.093758
강북구,1546. 송천동우체국,202504,337,497,송천동우체국,ST-1665,서울특별시 강북구 도봉로 71,송천동우체국,37.615459,127.029701
동작구,2069. 숭실대 입구역3번 출구 앞,202504,594,460,숭실대 입구역3번 출구 앞,ST-1667,서울특별시 동작구 상도로 지하 378,숭실대 입구역3번 출구 앞,37.496601,126.953682
중구,435. SK 남산빌딩,202504,336,326,SK 남산빌딩,ST-1670,서울특별시 중구 퇴계로 33,SK 남산빌딩,37.556862,126.975616
노원구,1692. 온곡초교 교차로,202504,2143,1257,온곡초교 교차로,ST-1672,서울특별시 노원구 한글비석로 471,온곡초교 교차로,37.664188,127.06601
마포구,436. 이대역 5번출구,202504,648,223,이대역 5번출구,ST-1675,서울특별시 마포구 신촌로 지하 180,이대역 5번출구,37.556591,126.94619
강서구,1187. 강서수산물도매시장,202504,1061,1165,강서수산물도매시장,ST-1676,서울특별시 강서구 발산로 24,강서수산물도매시장,37.55302,126.818367
관악구,2183. 동방1교,202504,711,725,동방1교,ST-1678,서울특별시 관악구 신림로 144,동방1교,37.471828,126.933922
강남구,2409. 역삼동 디오슈페리움 (우성아파트 사거리),202504,1056,1078,역삼동 디오슈페리움 (우성아파트 사거리),ST-1679,서울특별시 강남구 강남대로 324,역삼동 디오슈페리움 (우성아파트 사거리),37.492062,127.030746
종로구,352. 중앙고입구 삼거리,202504,294,226,중앙고입구 삼거리,ST-168,서울특별시 종로구 창덕궁길 191,중앙고입구 삼거리,37.583416,126.985237
강남구,2410. 포스코피앤에스타워 (역삼역 3번출구 부근),202504,985,693,포스코피앤에스타워 (역삼역 3번출구 부근),ST-1680,서울특별시 강남구 테헤란로 134,포스코피앤에스타워 (역삼역 3번출구 부근),37.499599,127.033752
송파구,2609. 보성중고등학교 후문 앞,202504,315,282,보성중고등학교 후문 앞,ST-1682,서울특별시 송파구 양재대로 1278,보성중고등학교 후문 앞,37.520489,127.135201
강서구,1193. 마곡센트럴타워 1차,202504,2590,2888,마곡센트럴타워 1차,ST-1688,서울특별시 강서구 공항대로 227,마곡센트럴타워 1차,37.559471,126.832077
종로구,353. 재동초교 앞 삼거리,202504,599,577,재동초교 앞 삼거리,ST-169,서울특별시 종로구 재동 19,재동초교 앞 삼거리,37.579388,126.984947
마포구,438. 성산2-1 공영주차장,202504,1537,1354,성산2-1 공영주차장,ST-1692,서울특별시 마포구 모래내로 31,성산2-1 공영주차장,37.56472,126.906769
강서구,1199. 우장산역 3번출구,202504,1632,1107,우장산역 3번출구,ST-1694,서울특별시 강서구 강서로 247,우장산역 3번출구,37.547821,126.836128
강서구,1200. 개화광역환승센터,202504,340,327,개화광역환승센터,ST-1695,서울특별시 강서구 개화동로8길 38,개화광역환승센터,37.578449,126.798973
영등포구,289. 대림3동사거리,202504,1192,1300,대림3동사거리,ST-1697,서울특별시 영등포구 가마산로 352,대림3동사거리,37.499809,126.898003
종로구,354. 포르투갈 대사관 앞,202504,1054,852,포르투갈 대사관 앞,ST-170,서울특별시 종로구 창덕궁1길 3,포르투갈 대사관 앞,37.579155,126.98896
영등포구,292. 영일 어린이공원,202504,1424,1339,영일 어린이공원,ST-1700,서울특별시 영등포구 도신로29길 28,영일 어린이공원,37.51012,126.904068
영등포구,293. 충북 미래관,202504,3343,2949,충북 미래관,ST-1701,서울특별시 영등포구 버드나루로 125,충북 미래관,37.529171,126.907578
강남구,2411. 세곡동 성당,202504,876,973,세곡동 성당,ST-1703,서울특별시 강남구 밤고개로21길 50,세곡동 성당,37.472969,127.112228
송파구,2614. 가락고등학교 앞,202504,627,489,가락고등학교 앞,ST-1706,서울특별시 송파구 송이로 42,가락고등학교 앞,37.501862,127.117233
송파구,2615. 테라타워2,202504,3360,3323,테라타워2,ST-1707,서울특별시 송파구 송파대로 201,테라타워2,37.48835,127.120781
강서구,1188. 롯데중앙연구소,202504,500,530,롯데중앙연구소,ST-1708,서울특별시 강서구 마곡중앙로 201,롯데중앙연구소,37.571381,126.828339
강서구,1190. 마곡역 교차로(2번출구),202504,2632,2600,마곡역 교차로(2번출구),ST-1709,서울특별시 강서구 공항대로 지하 163,마곡역 교차로(2번출구),37.560501,126.826653
강서구,1196. 서울식물원(문화센터) 건너편,202504,465,447,서울식물원(문화센터) 건너편,ST-1713,서울특별시 강서구 마곡동로 161,서울식물원(문화센터) 건너편,37.568241,126.835831
강서구,1198. LG 사이언스파크,202504,2192,2211,LG 사이언스파크,ST-1715,서울특별시 강서구 마곡중앙10로 10,LG 사이언스파크,37.56255,126.827438
송파구,2617. 가락삼환아파트 앞,202504,486,426,가락삼환아파트 앞,ST-1717,서울특별시 송파구 오금로 지하 402,가락삼환아파트 앞,37.496181,127.138031
송파구,2621. 한성백제역 2번 출구,202504,3568,3652,한성백제역 2번 출구,ST-1719,서울특별시 송파구 위례성대로 51,한성백제역 2번 출구,37.516659,127.116257
종로구,356. KT혜화지사 앞,202504,1360,1352,KT혜화지사 앞,ST-172,서울특별시 종로구 대학로 65,KT혜화지사 앞,37.577145,127.00206
송파구,2622. 올림픽공원역 3번출구,202504,7190,7156,올림픽공원역 3번출구,ST-1720,서울특별시 송파구 양재대로 지하 1233,올림픽공원역 3번출구,37.516258,127.130592
성북구,1375. 생명의 전화 종합복지관 앞 교차로,202504,1162,1163,생명의 전화 종합복지관 앞 교차로,ST-1723,서울특별시 성북구 오패산로 21,생명의 전화 종합복지관 앞 교차로,37.603909,127.037376
강북구,1548. 북서울 꿈의숲 서문,202504,897,497,북서울 꿈의숲 서문,ST-1725,서울특별시 강북구 월계로 173,북서울 꿈의숲 서문,37.622688,127.037811
도봉구,1742. 북한산 코오롱 하늘채,202504,1701,1743,북한산 코오롱 하늘채,ST-1726,서울특별시 도봉구 우이천로 367,북한산 코오롱 하늘채,37.648891,127.023018
송파구,2618. 삼전역 1번출구,202504,2090,2214,삼전역 1번출구,ST-1728,서울특별시 송파구 백제고분로 187,삼전역 1번출구,37.504711,127.087563
송파구,2619. 석촌고분역 4번출구,202504,2056,2188,석촌고분역 4번출구,ST-1729,서울특별시 송파구 백제고분로 272,석촌고분역 4번출구,37.502338,127.096443
송파구,2620. 송파나루역 4번 출구옆,202504,5570,6034,송파나루역 4번 출구옆,ST-1730,서울특별시 송파구 오금로 162,송파나루역 4번 출구옆,37.509979,127.112312
양천구,765. 오목교역 3번출구,202504,5075,5495,오목교역 3번출구,ST-1731,서울특별시 양천구 목동동로 270,오목교역 3번출구,37.524776,126.875481
구로구,2000. 신도림4차 e편한세상 아파트 1109동 앞,202504,1937,1615,신도림4차 e편한세상 아파트 1109동 앞,ST-1733,서울특별시 구로구 경인로65길 16-15,신도림4차 e편한세상 아파트 1109동 앞,37.512329,126.886833
금천구,1859. 대륭테크노타운 18차,202504,715,728,대륭테크노타운 18차,ST-1734,서울특별시 금천구 가산디지털1로 19,대륭테크노타운 18차,37.467999,126.886841
서초구,2510. JW타워,202504,510,299,JW타워,ST-1735,서울특별시 서초구 남부순환로 2477,JW타워,37.48304,127.021461
종로구,359. 원남동사거리,202504,1247,1421,원남동사거리,ST-174,서울특별시 종로구 율곡로 169,원남동사거리,37.576061,126.997681
동작구,2071. 대림아파트 후문 상가 옆,202504,599,85,대림아파트 후문 상가 옆,ST-1742,서울특별시 동작구 사당로23길 137,대림아파트 후문 상가 옆,37.488869,126.971909
종로구,361. 동묘앞역 1번출구 뒤,202504,4048,4413,동묘앞역 1번출구 뒤,ST-175,서울특별시 종로구 숭인동 81-39,동묘앞역 1번출구 뒤,37.573242,127.015907
종로구,464. 삼청동 골목,202504,1032,996,삼청동 골목,ST-1756,서울특별시 종로구 팔판길 46,삼청동 골목,37.58419,126.981697
중구,443.호암아트홀,202504,247,246,호암아트홀,ST-1769,서울특별시 중구 세종대로7길 57-1 구두수선대207,호암아트홀,37.562111,126.970718
종로구,364. 창신역 1번출구 앞,202504,591,412,창신역 1번출구 앞,ST-178,서울특별시 종로구 지봉로 87,창신역 1번출구 앞,37.579334,127.015083
종로구,368. SK 서린빌딩 앞,202504,1751,1846,SK 서린빌딩 앞,ST-181,서울특별시 종로구 서린동 93-2,SK 서린빌딩 앞,37.569248,126.980537
중구,370. 시청역(2호선) 9번출구 뒤,202504,1902,1614,시청역(2호선) 9번출구 뒤,ST-185,서울특별시 중구 서소문로 지하127,시청역(2호선) 9번출구 뒤,37.563229,126.974838
중구,371. 동대입구역 6번출구 뒤,202504,647,640,동대입구역 6번출구 뒤,ST-186,서울특별시 중구 동호로 지하256,동대입구역 6번출구 뒤,37.558872,127.005539
중구,379. 서울역9번출구,202504,940,939,서울역9번출구,ST-194,서울특별시 중구 세종대로 지하2,서울역9번출구,37.556,126.973358
중구,380. CJ제일제당 앞,202504,1236,1452,CJ제일제당 앞,ST-195,서울특별시 중구 동호로 330,CJ제일제당 앞,37.563866,127.002747
구로구,2817.천왕이펜하우스5단지 앞,202504,334,162,천왕이펜하우스5단지 앞,ST-1243,서울특별시 구로구 천왕로 10,천왕이펜하우스5단지 앞,37.479431,126.842697
중구,381. 장충체육관,202504,184,78,장충체육관,ST-196,서울특별시 중구 장충동2가 200-99,장충체육관,37.558533,127.006989
중구,382. 약수역 10번출구 앞,202504,380,407,약수역 10번출구 앞,ST-197,서울특별시 중구 신당동 357-1,약수역 10번출구 앞,37.555199,127.010048
마포구,142. 아현역 4번출구 앞,202504,798,829,아현역 4번출구 앞,ST-200,서울특별시 마포구 아현동 329-15,아현역 4번출구 앞,37.557201,126.955666
마포구,145. 공덕역 5번출구,202504,1548,1968,공덕역 5번출구,ST-203,서울특별시 마포구 공덕동 237-9,공덕역 5번출구,37.54425,126.951637
마포구,147. 마포역 4번출구 뒤,202504,3240,3870,마포역 4번출구 뒤,ST-205,서울특별시 마포구 도화동 292-29,마포역 4번출구 뒤,37.539272,126.945915
마포구,148. 용강동 주민센터 앞,202504,1137,1121,용강동 주민센터 앞,ST-206,서울특별시 마포구 용강동 234-1,용강동 주민센터 앞,37.542347,126.943024
마포구,150. 서강대역 2번출구 앞,202504,1143,1142,서강대역 2번출구 앞,ST-207,서울특별시 마포구 노고산동 112-13,서강대역 2번출구 앞,37.552956,126.934341
마포구,153. 성산2교 사거리,202504,2074,2065,성산2교 사거리,ST-210,서울특별시 마포구 성산동 54-17,성산2교 사거리,37.564697,126.912613
마포구,154. 마포구청역 ,202504,2604,3040,마포구청역,ST-211,서울특별시 마포구 망원동 477-23,마포구청역,37.560909,126.905495
마포구,157. 애오개역 4번출구 앞,202504,1581,1746,애오개역 4번출구 앞,ST-214,서울특별시 마포구 아현동 607-1,애오개역 4번출구 앞,37.553001,126.956688
서대문구,159. 이대역 4번 출구,202504,400,226,이대역 4번 출구,ST-216,서울특별시 서대문구 대현동 60-11,이대역 4번 출구,37.556953,126.946342
서대문구,161. 무악재역1번 출구,202504,243,226,무악재역1번 출구,ST-218,서울특별시 서대문구 통일로 380-4,무악재역1번 출구,37.582245,126.950645
서대문구,163. 명지전문대학교 정문 앞,202504,588,591,명지전문대학교 정문 앞,ST-220,서울특별시 서대문구 홍은동 산25-3,명지전문대학교 정문 앞,37.583698,126.924965
서대문구,164. 북가좌1동 주민센터 ,202504,516,444,북가좌1동 주민센터,ST-221,서울특별시 서대문구 북가좌동 477-1,북가좌1동 주민센터,37.574478,126.910049
서대문구,167. 연가초등학교 옆,202504,604,111,연가초등학교 옆,ST-224,서울특별시 서대문구 북가좌동 70-119,연가초등학교 옆,37.57946,126.91713
서대문구,169. 북가좌 삼거리,202504,559,516,북가좌 삼거리,ST-226,서울특별시 서대문구 북가좌동 400,북가좌 삼거리,37.573002,126.907799
서대문구,171. 임광빌딩 앞,202504,648,651,임광빌딩 앞,ST-228,서울특별시 서대문구 미근동 317-1,임광빌딩 앞,37.564724,126.967278
서대문구,173. 서대문역 8번출구 앞,202504,297,281,서대문역 8번출구 앞,ST-230,서울특별시 서대문구 충정로2가 138,서대문역 8번출구 앞,37.564777,126.966148
성동구,518. 청계천 박물관 앞,202504,902,856,청계천 박물관 앞,ST-234,서울특별시 성동구 마장동 610,청계천 박물관 앞,37.571526,127.035355
성동구,519. 양지사거리,202504,1085,959,양지사거리,ST-235,서울특별시 성동구 홍익동 590,양지사거리,37.566994,127.029915
성동구,520. 상왕십리역 4번 출구 앞,202504,952,876,상왕십리역 4번 출구 앞,ST-236,서울특별시 성동구 하왕십리동 960-3,상왕십리역 4번 출구 앞,37.563858,127.030319
성동구,521. 왕십리역 11번 출구 앞,202504,1524,1543,왕십리역 11번 출구 앞,ST-237,서울특별시 성동구 행당동 188-9,왕십리역 11번 출구 앞,37.561447,127.03492
관악구,2189. 봉천역 4번출구,202504,1190,1276,봉천역 4번출구,ST-1258,서울특별시 관악구 남부순환로 1719,봉천역 4번출구,0.0,0.0
성동구,522. 금호역 1번출구 앞,202504,326,325,금호역 1번출구 앞,ST-238,서울특별시 성동구 금호동3가 1575-3,금호역 1번출구 앞,37.548641,127.016426
성동구,523. 옥수동성당 옆,202504,170,94,옥수동성당 옆,ST-239,서울특별시 성동구 옥수동 산5-148,옥수동성당 옆,37.543663,127.014061
성동구,524. 래미안금호하이리버 아파트 102동 옆,202504,384,350,래미안금호하이리버 아파트 102동 옆,ST-240,서울특별시 성동구 금호동2가 1220-1,래미안금호하이리버 아파트 102동 옆,37.5522,127.025055
성동구,525. 한양대병원사거리,202504,1633,1244,한양대병원사거리,ST-241,서울특별시 성동구 행당동 20-2,한양대병원사거리,37.558052,127.040352
성동구,526. 용답토속공원 앞,202504,897,930,용답토속공원 앞,ST-242,서울특별시 성동구 용답동 224-1,용답토속공원 앞,37.563511,127.056725
성동구,534. 금호사거리,202504,347,342,금호사거리,ST-246,서울특별시 성동구 금호동2가 1205-1,금호사거리,37.548634,127.025726
성동구,535. 응봉삼거리,202504,758,375,응봉삼거리,ST-247,서울특별시 성동구 응봉동 134-26,응봉삼거리,37.553986,127.033592
성동구,536. 행당역 2번출구 앞,202504,667,670,행당역 2번출구 앞,ST-248,서울특별시 성동구 행당동 347-11,행당역 2번출구 앞,37.55735,127.029213
성동구,538. 답십리역 8번출구 앞,202504,361,430,답십리역 8번출구 앞,ST-250,서울특별시 성동구 용답동 102-1,답십리역 8번출구 앞,37.56765,127.051155
성동구,550. 서울시설공단 앞,202504,1591,1627,서울시설공단 앞,ST-251,서울특별시 성동구 마장동 610,서울시설공단 앞,37.57164,127.03566
광진구,539. 군자교교차로,202504,2143,2103,군자교교차로,ST-252,서울특별시 광진구 중곡동 263-1,군자교교차로,37.559795,127.074203
광진구,540. 군자역 7번출구 베스트샵 앞,202504,2384,2364,군자역 7번출구 베스트샵 앞,ST-253,서울특별시 광진구 군자동 499,군자역 7번출구 베스트샵 앞,37.55603,127.078644
광진구,544. 광남중학교,202504,1027,1055,광남중학교,ST-256,서울특별시 광진구 광장동 561-15,광남중학교,37.54073,127.102905
광진구,546. 잠실대교북단 교차로,202504,2495,2463,잠실대교북단 교차로,ST-257,서울특별시 광진구 자양동 722,잠실대교북단 교차로,37.532478,127.085091
광진구,548. 자양나들목,202504,2754,2785,자양나들목,ST-258,서울특별시 광진구 자양동 738,자양나들목,37.52977,127.07486
광진구,549. 아차산역 3번출구,202504,2408,2274,아차산역 3번출구,ST-259,서울특별시 광진구 구의동 96,아차산역 3번출구,37.551224,127.089706
동대문구,600. 휘경2동 주민센터,202504,267,270,휘경2동 주민센터,ST-260,서울특별시 동대문구 한천로 329,휘경2동 주민센터,37.589912,127.06868
동대문구,602. 장안동 사거리,202504,3302,3997,장안동 사거리,ST-262,서울특별시 동대문구 장한로 25길 2,장안동 사거리,37.572174,127.071388
동대문구,607. 신이문역 2번출구,202504,668,664,신이문역 2번출구,ST-267,서울특별시 동대문구 이문동186-1,신이문역 2번출구,37.602711,127.067863
동대문구,608. 전농삼성아파트,202504,328,328,전농삼성아파트,ST-268,서울특별시 동대문구 전농로 192,전농삼성아파트,37.58131,127.055344
동대문구,610. 동대문중 교차로,202504,1240,1139,동대문중 교차로,ST-270,서울특별시 동대문구 답십리동 524-1,동대문중 교차로,37.573086,127.052162
동대문구,612. 시립동부병원 앞 사거리,202504,2780,2940,시립동부병원 앞 사거리,ST-271,서울특별시 동대문구 용두동 237-10,시립동부병원 앞 사거리,37.573666,127.030815
동대문구,613. 신설동역 10번출구 앞,202504,1781,1896,신설동역 10번출구 앞,ST-272,서울특별시 동대문구 신설동 92-34,신설동역 10번출구 앞,37.575272,127.023468
동대문구,614. 용두동 사거리,202504,2284,2290,용두동 사거리,ST-273,서울특별시 동대문구 용두동 237-10,용두동 사거리,37.577686,127.031013
동대문구,617. 청솔우성아파트 앞,202504,1064,1110,청솔우성아파트 앞,ST-276,서울특별시 동대문구 답십리동 94-2,청솔우성아파트 앞,37.574203,127.057693
영등포구,228. 선유도역 3번출구 앞,202504,4053,4270,선유도역 3번출구 앞,ST-278,서울특별시 영등포구 양평동4가 202-1,선유도역 3번출구 앞,37.53846,126.894508
영등포구,229. 양평1 보행육교 앞,202504,2955,2995,양평1 보행육교 앞,ST-279,서울특별시 영등포구 양평동4가 20-4,양평1 보행육교 앞,37.535873,126.892181
영등포구,231. 남부고용노동지청 남측,202504,2364,2408,남부고용노동지청 남측,ST-280,서울특별시 영등포구 양평동1가 115-2,남부고용노동지청 남측,37.524506,126.891823
영등포구,232. 양평우림 이비즈센타 앞,202504,2982,2906,양평우림 이비즈센타 앞,ST-281,서울특별시 영등포구 양평동3가 14-1,양평우림 이비즈센타 앞,37.52565,126.887817
영등포구,235. 신길동 우리은행 옆,202504,602,547,신길동 우리은행 옆,ST-284,서울특별시 영등포구 신길동 250-4,신길동 우리은행 옆,37.504566,126.910233
영등포구,236. 문래동자이아파트 앞,202504,3224,3361,문래동자이아파트 앞,ST-285,서울특별시 영등포구 문래동3가 68-1,문래동자이아파트 앞,37.516155,126.894615
영등포구,238. 제2구민체육센타 앞,202504,3037,3013,제2구민체육센타 앞,ST-287,서울특별시 영등포구 당산동4가 96-2,제2구민체육센타 앞,37.526386,126.902756
관악구,3813. 낙성대역 5번출구,202504,422,417,낙성대역 5번출구,ST-1261,서울특별시 관악구 남부순환로 1917,낙성대역 5번출구,0.0,0.0
영등포구,239. 유스호스텔 앞,202504,1474,1403,유스호스텔 앞,ST-288,서울특별시 영등포구 영등포동7가 58-2,유스호스텔 앞,37.525852,126.903282
영등포구,240. 문래역 4번출구 앞,202504,3921,3782,문래역 4번출구 앞,ST-289,서울특별시 영등포구 문래동3가 55-12,문래역 4번출구 앞,37.518738,126.895576
영등포구,242. 신길선원가와인아파트 앞,202504,1296,595,신길선원가와인아파트 앞,ST-291,서울특별시 영등포구 신길동 215-28,신길선원가와인아파트 앞,37.510933,126.910225
영등포구,243. 이앤씨드림타워 앞,202504,3732,3781,이앤씨드림타워 앞,ST-292,서울특별시 영등포구 양평동3가 48-1,이앤씨드림타워 앞,37.527084,126.89138
영등포구,244. 영등포삼환아파트 앞,202504,1961,1799,영등포삼환아파트 앞,ST-293,서울특별시 영등포구 영등포동8가 82-4,영등포삼환아파트 앞,37.530079,126.905708
영등포구,245. 삼성생명 당산사옥 앞,202504,3321,3285,삼성생명 당산사옥 앞,ST-294,서울특별시 영등포구 당산동4가 35-24,삼성생명 당산사옥 앞,37.528263,126.896629
영등포구,248. 초원아파트 앞,202504,943,942,초원아파트 앞,ST-296,서울특별시 영등포구 여의도동8-13,초원아파트 앞,37.531055,126.92421
영등포구,251. 서울지방병무청 버스정류장,202504,784,695,서울지방병무청 버스정류장,ST-299,서울특별시 영등포구 신길동853,서울지방병무청 버스정류장,37.504494,126.921951
영등포구,254. 도림신협 앞,202504,1574,1625,도림신협 앞,ST-302,서울특별시 영등포구 신길동263-76,도림신협 앞,37.503803,126.903419
영등포구,256. 동아에코빌입구,202504,1169,1121,동아에코빌입구,ST-304,서울특별시 영등포구 도림동 159-70,동아에코빌입구,37.509476,126.8993
영등포구,258. 신길역3번출구,202504,1859,1873,신길역3번출구,ST-306,서울특별시 영등포구 영등포동1가35,신길역3번출구,37.517693,126.914299
영등포구,259. 대방역6번출구,202504,3466,3538,대방역6번출구,ST-307,서울특별시 영등포구 신길동1368,대방역6번출구,37.513592,126.925934
양천구,700. KB국민은행 염창역 지점 앞,202504,1473,1306,KB국민은행 염창역 지점 앞,ST-308,서울특별시 양천구 목동 559,KB국민은행 염창역 지점 앞,37.546848,126.872772
양천구,701. 목동사거리 부근,202504,1815,1820,목동사거리 부근,ST-309,서울특별시 양천구 목동 813,목동사거리 부근,37.532803,126.86393
양천구,702. 목4동주민센터 옆,202504,2477,2343,목4동주민센터 옆,ST-310,서울특별시 양천구 목동 904-3,목4동주민센터 옆,37.532543,126.868729
양천구,704. 남부법원검찰청 교차로,202504,2551,2533,남부법원검찰청 교차로,ST-312,서울특별시 양천구 신정동 1095,남부법원검찰청 교차로,37.523254,126.864906
양천구,706. 신정네거리역,202504,1317,1259,신정네거리역,ST-313,서울특별시 양천구 신월동 894,신정네거리역,37.521881,126.851753
양천구,708. 서울출입국관리사무소 앞,202504,4378,4456,서울출입국관리사무소 앞,ST-315,서울특별시 양천구 신정동 319-3,서울출입국관리사무소 앞,37.51897,126.869965
양천구,709. 신정3동 현장민원실 앞,202504,807,650,신정3동 현장민원실 앞,ST-316,서울특별시 양천구 신정동 760-2,신정3동 현장민원실 앞,37.511585,126.84156
양천구,711. 신일해피트리아파트 앞,202504,1222,301,신일해피트리아파트 앞,ST-318,서울특별시 양천구 신월동 1063-4,신일해피트리아파트 앞,37.517059,126.848488
양천구,712. 강월초교입구 사거리,202504,660,1127,강월초교입구 사거리,ST-319,서울특별시 양천구 신월동 905,강월초교입구 사거리,37.516998,126.838318
양천구,713. 양서중학교 옆,202504,818,720,양서중학교 옆,ST-320,서울특별시 양천구 신월동 790,양서중학교 옆,37.533047,126.829956
양천구,714. 한국SGI 양천문화회관 앞,202504,787,588,한국SGI 양천문화회관 앞,ST-321,서울특별시 양천구 신월동 790,한국SGI 양천문화회관 앞,37.532547,126.830803
용산구,800. 목월공원 앞,202504,1131,1047,목월공원 앞,ST-322,서울특별시 용산구 원효로4가 109-10,목월공원 앞,37.532433,126.954742
용산구,802. 한강진역 2번 출구 앞,202504,371,193,한강진역 2번 출구 앞,ST-324,서울특별시 용산구 한남동 726-494,한강진역 2번 출구 앞,37.541153,127.002213
용산구,805. 문배어린이공원 앞,202504,970,1043,문배어린이공원 앞,ST-326,서울특별시 용산구 문배동 34-10,문배어린이공원 앞,37.536758,126.970001
용산구,806. 전자랜드 본관 앞,202504,1135,1091,전자랜드 본관 앞,ST-327,서울특별시 용산구 한강로3가 16-8,전자랜드 본관 앞,37.533066,126.960732
용산구,807. 서울역 12번 출구 앞,202504,1060,1060,서울역 12번 출구 앞,ST-328,서울특별시 용산구 동자동 14-229,서울역 12번 출구 앞,37.552277,126.972687
용산구,808. 서빙고동 금호맨션 앞,202504,536,504,서빙고동 금호맨션 앞,ST-329,서울특별시 용산구 서빙고동 235-5,서빙고동 금호맨션 앞,37.520504,126.989738
용산구,809. 한남 유수지 복개주차장,202504,747,735,한남 유수지 복개주차장,ST-330,서울특별시 용산구 독서당로 18,한남 유수지 복개주차장,37.530167,127.007439
용산구,810. 이태원지하보도,202504,594,595,이태원지하보도,ST-331,서울특별시 용산구 용산동2가 5-1812,이태원지하보도,37.53841,126.986649
영등포구,5878. 우리은행 앞,202504,2318,2550,우리은행 앞,ST-1464,서울특별시 도봉구 도봉로 707,우리은행 앞,37.667599,127.042999
용산구,811. 녹사평역1번출구,202504,527,209,녹사평역1번출구,ST-332,서울특별시 용산구 용산동2가 6-7,녹사평역1번출구,37.53508,126.985382
용산구,813. 삼각지역 3번출구,202504,832,884,삼각지역 3번출구,ST-334,서울특별시 용산구 한강로1가 228-1,삼각지역 3번출구,37.533512,126.972275
용산구,815. LIG강촌아파트 103동앞,202504,1241,1277,LIG강촌아파트 103동앞,ST-335,서울특별시 용산구 이촌동301-5,LIG강촌아파트 103동앞,37.518509,126.978798
종로구,385. 종각역 5번출구,202504,1321,1352,종각역 5번출구,ST-336,서울특별시 종로구 서린동 26-1,종각역 5번출구,37.569836,126.982658
중구,387. 훈련원공원주차장 앞,202504,958,917,훈련원공원주차장 앞,ST-338,서울특별시 중구 을지로 227,훈련원공원주차장 앞,37.566994,127.003464
마포구,181. 망원초록길 입구,202504,1379,1320,망원초록길 입구,ST-339,서울특별시 마포구 마포나루길 467,망원초록길 입구,37.551342,126.902672
마포구,185. 마포 신수공원 앞,202504,1133,962,마포 신수공원 앞,ST-343,서울특별시 마포구 현석동 106-32,마포 신수공원 앞,37.542545,126.934296
마포구,186. 월드컵공원,202504,3217,3175,월드컵공원,ST-344,서울특별시 마포구 하늘공원로 108-1,월드컵공원,37.563965,126.898209
서대문구,188. 홍은동 정원여중 입구,202504,710,699,홍은동 정원여중 입구,ST-346,서울특별시 서대문구 연희로37안길 51,홍은동 정원여중 입구,37.586388,126.935127
서대문구,192. 연서어린이공원,202504,439,442,연서어린이공원,ST-348,서울특별시 서대문구 연희동 519-7,연서어린이공원,37.572227,126.923065
서대문구,178. 증산3교 앞,202504,1389,1443,증산3교 앞,ST-349,서울특별시 서대문구 북가좌동 352-9,증산3교 앞,37.579876,126.906349
서대문구,194. 증산교 앞,202504,2052,2083,증산교 앞,ST-350,서울특별시 서대문구 불광천길 36,증산교 앞,37.577316,126.902969
서대문구,195. 모래내고가차도 ,202504,865,811,모래내고가차도,ST-351,서울특별시 서대문구 연희동 446-76,모래내고가차도,37.567657,126.917809
서대문구,196. 연희교차로 인근,202504,456,403,연희교차로 인근,ST-352,서울특별시 서대문구 홍제천로 48,연희교차로 인근,37.56612,126.925896
성동구,556. 달맞이공원,202504,1331,1410,달맞이공원,ST-357,서울특별시 성동구 금호동4가 367-1,달맞이공원,37.542053,127.020401
성동구,557. 도선동 주민센터 앞,202504,1558,1701,도선동 주민센터 앞,ST-358,서울특별시 성동구 무학로10길 6,도선동 주민센터 앞,37.567642,127.025696
성동구,558. 성동광진 교육지원청 앞,202504,1606,1512,성동광진 교육지원청 앞,ST-359,서울특별시 성동구 고산자로 260,성동광진 교육지원청 앞,37.564606,127.036522
성동구,559. 왕십리역 4번 출구 건너편,202504,2158,2266,왕십리역 4번 출구 건너편,ST-360,서울특별시 성동구 왕십리광장로 10-1,왕십리역 4번 출구 건너편,37.561096,127.036797
성동구,560. 비전교회 앞,202504,2634,2614,비전교회 앞,ST-361,서울특별시 성동구 동일로 213,비전교회 앞,37.551205,127.068932
성동구,561. 서울숲역 2번출구 앞,202504,2039,2037,서울숲역 2번출구 앞,ST-362,서울특별시 성동구 왕십리로 64,서울숲역 2번출구 앞,37.542816,127.04467
성동구,563. 성동세무서 건너편,202504,1955,2301,성동세무서 건너편,ST-364,서울특별시 성동구 광나루로 302,성동세무서 건너편,37.547913,127.062752
성동구,564. 금호역 3번출구,202504,193,125,금호역 3번출구,ST-365,서울특별시 성동구 동호로 99,금호역 3번출구,37.547928,127.015572
성동구,578. 성동세무서 부근,202504,2060,2042,성동세무서 부근,ST-356,서울특별시 성동구 광나루로 297,성동세무서 부근,37.548164,127.06237
성동구,579. 마장역 4번출구,202504,1255,1298,마장역 4번출구,ST-372,서울특별시 성동구 마장로 292-1,마장역 4번출구,37.565205,127.041847
성동구,582. 경일중학교 앞,202504,1869,1876,경일중학교 앞,ST-375,서울특별시 성동구 성수일로 27,경일중학교 앞,37.543179,127.04908
성동구,583. 청계천 생태교실 앞,202504,5881,6209,청계천 생태교실 앞,ST-376,서울특별시 성동구 마장로39길 51,청계천 생태교실 앞,37.56797,127.04689
광진구,552. 대림아크로리버 앞,202504,971,1107,대림아크로리버 앞,ST-378,서울특별시 광진구 구의강변로 64,대림아크로리버 앞,37.536579,127.092972
광진구,555. 구의3동주민센터,202504,476,451,구의3동주민센터,ST-381,서울특별시 광진구 강변역로 17,구의3동주민센터,37.537849,127.092171
광진구,573. 구의문주차장 앞,202504,2820,2814,구의문주차장 앞,ST-384,서울특별시 광진구 능동로 216,구의문주차장 앞,37.545231,127.084732
광진구,574. 아차산역4번출구,202504,2662,1513,아차산역4번출구,ST-385,서울특별시 광진구 능동로 216,아차산역4번출구,37.551849,127.088982
광진구,576. 광나루역 3번 출구,202504,2248,2298,광나루역 3번 출구,ST-387,서울특별시 광진구 아차산로 552,광나루역 3번 출구,37.54483,127.104263
광진구,577. 광진청소년수련관,202504,1939,2076,광진청소년수련관,ST-388,서울특별시 광진구 구천면로 2,광진청소년수련관,37.546547,127.106133
동대문구,627. 장안동삼거리 교통섬,202504,1244,1260,장안동삼거리 교통섬,ST-395,서울특별시 동대문구 사가정로 240,장안동삼거리 교통섬,37.578632,127.071907
동대문구,630. 동대문구 보건소,202504,2277,2338,동대문구 보건소,ST-397,서울특별시 동대문구 천호대로 145,동대문구 보건소,37.574852,127.040306
동대문구,631. 답십리역 1번출구,202504,3041,3302,답십리역 1번출구,ST-398,서울특별시 동대문구 천호대로 269,답십리역 1번출구,37.568184,127.051277
동대문구,634. 외국어대 정문 앞,202504,2171,2188,외국어대 정문 앞,ST-401,서울특별시 동대문구 이문로 107,외국어대 정문 앞,37.59602,127.05983
동대문구,637. KAIST 경영대학 앞,202504,1107,922,KAIST 경영대학 앞,ST-404,서울특별시 동대문구 회기로 85,KAIST 경영대학 앞,37.591614,127.045792
동대문구,638. 서울시립대 정보기술관,202504,706,677,서울시립대 정보기술관,ST-405,서울특별시 동대문구 한천로43길 12-14,서울시립대 정보기술관,37.583008,127.060974
동대문구,641. 용두역 4번출구,202504,2256,2396,용두역 4번출구,ST-408,서울특별시 동대문구 청계천로 563,용두역 4번출구,37.573753,127.038536
영등포구,263. 근로자회관 사거리,202504,3519,3548,근로자회관 사거리,ST-417,서울특별시 영등포구 선유로 34,근로자회관 사거리,37.517151,126.888626
영등포구,264. 교보생명보험 앞,202504,1853,1583,교보생명보험 앞,ST-418,서울특별시 영등포구 영등포로 96,교보생명보험 앞,37.521931,126.891617
영등포구,265. 영등포유통상가 사거리,202504,1962,1800,영등포유통상가 사거리,ST-419,서울특별시 영등포구 영등포로 124,영등포유통상가 사거리,37.521133,126.896538
영등포구,266. 영등포청과시장 사거리,202504,1882,1803,영등포청과시장 사거리,ST-420,서울특별시 영등포구 영등포로 177,영등포청과시장 사거리,37.520294,126.901192
영등포구,267. 삼성화재 사옥 옆,202504,2587,2527,삼성화재 사옥 옆,ST-421,서울특별시 영등포구 양평로 76,삼성화재 사옥 옆,37.535961,126.8983
영등포구,268. 그랜드컨벤션센터 앞,202504,2309,2300,그랜드컨벤션센터 앞,ST-422,서울특별시 영등포구 양평로 58,그랜드컨벤션센터 앞,37.534718,126.900002
영등포구,270. 증권거래소후문교차로,202504,1482,1450,증권거래소후문교차로,ST-424,서울특별시 영등포구 여의나루로 76,증권거래소후문교차로,37.522343,126.927101
영등포구,272. 당산육갑문,202504,6848,7374,당산육갑문,ST-426,서울특별시 영등포구 당산로52길 3,당산육갑문,37.535339,126.903679
양천구,720. 서울강월초등학교 앞,202504,907,508,서울강월초등학교 앞,ST-432,서울특별시 양천구 신월로 97,서울강월초등학교 앞,37.516197,126.8349
용산구,816. 신용산역 6번출구 앞,202504,1911,1982,신용산역 6번출구 앞,ST-435,서울특별시 용산구 한강대로 115,신용산역 6번출구 앞,37.530148,126.968483
용산구,817. 삼각지역 4번출구 앞,202504,795,817,삼각지역 4번출구 앞,ST-436,서울특별시 용산구 한강대로 161,삼각지역 4번출구 앞,37.533451,126.971733
용산구,818. 숙명여대 입구 교차로,202504,1181,1297,숙명여대 입구 교차로,ST-437,서울특별시 용산구 청파로47길 100,숙명여대 입구 교차로,37.544895,126.969383
용산구,819. 선린인터넷 고등학교,202504,1676,1761,선린인터넷 고등학교,ST-438,서울특별시 용산구 원효로97길 33-4,선린인터넷 고등학교,37.541653,126.970505
용산구,820. 청파동입구 교차로,202504,856,855,청파동입구 교차로,ST-439,서울특별시 용산구 한강대로 349,청파동입구 교차로,37.549026,126.971947
용산구,823. 효창동주민센터 앞,202504,324,214,효창동주민센터 앞,ST-441,서울특별시 용산구 효창원로 161,효창동주민센터 앞,37.54232,126.96196
용산구,825. 서빙고동 주민센터 앞,202504,2394,2971,서빙고동 주민센터 앞,ST-442,서울특별시 용산구 서빙고로 279,서빙고동 주민센터 앞,37.520336,126.994263
마포구,199. 서울 월드컵 경기장,202504,996,585,서울 월드컵 경기장,ST-443,서울특별시 마포구 성산동 515,서울 월드컵 경기장,37.566845,126.896446
종로구,388. 동성중학교 앞,202504,534,537,동성중학교 앞,ST-444,서울특별시 종로구 혜화동 56,동성중학교 앞,37.585735,127.00161
광진구,584. 광진광장 교통섬,202504,3422,2777,광진광장 교통섬,ST-445,서울특별시 광진구 군자동 374-8,광진광장 교통섬,37.547829,127.072632
성동구,585. 성수2가1동 공영주차장 인근,202504,4578,4752,성수2가1동 공영주차장 인근,ST-446,서울특별시 성동구 성수동2가 569-3,성수2가1동 공영주차장 인근,37.536808,127.055489
성동구,586. 마장동 주민센터,202504,794,832,마장동 주민센터,ST-447,서울특별시 성동구 마장로42길 14,마장동 주민센터,37.565941,127.045395
은평구,900. 은평예술회관,202504,505,464,은평예술회관,ST-448,서울특별시 은평구 녹번동 85-4,은평예술회관,37.603943,126.927696
은평구,902. 진관동 은빛초등학교,202504,391,393,진관동 은빛초등학교,ST-450,서울특별시 은평구 진관동 45-21,진관동 은빛초등학교,37.643108,126.918221
은평구,903. 은평뉴타운 아이파크,202504,638,717,은평뉴타운 아이파크,ST-451,서울특별시 은평구 진관동 13-20,은평뉴타운 아이파크,37.645866,126.927391
은평구,904. 은평뉴타운 푸르지오,202504,624,732,은평뉴타운 푸르지오,ST-452,서울특별시 은평구 진관동 5-8,은평뉴타운 푸르지오,37.648674,126.930702
은평구,905. 구파발역 2번출구,202504,1959,2341,구파발역 2번출구,ST-453,서울특별시 은평구 진관동 86-31,구파발역 2번출구,37.636234,126.918999
은평구,906. 연신내역 5번출구,202504,2605,2976,연신내역 5번출구,ST-454,서울특별시 은평구 대조동 207-8,연신내역 5번출구,37.61721,126.919579
은평구,908. 구산역 4번출구,202504,1212,1266,구산역 4번출구,ST-456,서울특별시 은평구 갈현동 536-8,구산역 4번출구,37.613186,126.917351
은평구,909. 백련산 힐스테이트 3차,202504,665,203,백련산 힐스테이트 3차,ST-457,서울특별시 은평구 응암동 761-9,백련산 힐스테이트 3차,37.586994,126.922882
은평구,911. 은평평화공원(역촌역4번출구),202504,1989,1950,은평평화공원(역촌역4번출구),ST-459,서울특별시 은평구 녹번동 153-31,은평평화공원(역촌역4번출구),37.605583,126.922935
은평구,912. 응암오거리,202504,2068,2493,응암오거리,ST-460,서울특별시 은평구 응암동 604-5,응암오거리,37.589661,126.916946
은평구,915. 증산역 4번출구,202504,1280,1497,증산역 4번출구,ST-463,서울특별시 은평구 증산동 199-8,증산역 4번출구,37.584381,126.909897
은평구,916. 평생학습관 앞,202504,1153,1169,평생학습관 앞,ST-464,서울특별시 은평구 역촌동 15-40,평생학습관 앞,37.607849,126.921326
은평구,919. 서울혁신파크,202504,494,526,서울혁신파크,ST-467,서울특별시 은평구 녹번동 15-2,서울혁신파크,37.607025,126.933311
은평구,921. 신도고등학교,202504,130,79,신도고등학교,ST-469,서울특별시 은평구 진관동 242-14,신도고등학교,37.630016,126.919029
은평구,922. 연신내역 4번출구,202504,561,563,연신내역 4번출구,ST-470,서울특별시 은평구 대조동 227-2,연신내역 4번출구,37.617802,126.921967
은평구,923. 국민은행 연서지점,202504,544,533,국민은행 연서지점,ST-471,서울특별시 은평구 불광동 355,국민은행 연서지점,37.620949,126.925636
은평구,925. 불광역 2번출구,202504,634,661,불광역 2번출구,ST-473,서울특별시 은평구 불광동 285-43,불광역 2번출구,37.609566,126.930977
은평구,927. 연신내역 3번출구 인근,202504,449,487,연신내역 3번출구 인근,ST-475,서울특별시 은평구 불광동 304-5,연신내역 3번출구 인근,37.617855,126.922524
은평구,928. 은평역사한옥박물관,202504,234,178,은평역사한옥박물관,ST-476,서울특별시 은평구 진관동 133-29,은평역사한옥박물관,37.641315,126.938042
은평구,930. 구 서부경찰서 건너편,202504,882,927,구 서부경찰서 건너편,ST-478,서울특별시 은평구 역촌동 41-7,구 서부경찰서 건너편,37.601662,126.920303
은평구,931. 역촌파출소,202504,3140,3437,역촌파출소,ST-479,서울특별시 은평구 역촌동 45-34,역촌파출소,37.604736,126.915337
은평구,932. 예일여중,202504,1128,1235,예일여중,ST-480,서울특별시 은평구 연서로 117,예일여중,37.610004,126.916397
중랑구,1402. 금란주차장 앞,202504,729,812,금란주차장 앞,ST-561,서울특별시 중랑구 망우로 448,금란주차장 앞,37.600071,127.102333
중랑구,1405. 망우역 1번출구,202504,702,690,망우역 1번출구,ST-568,서울특별시 중랑구 망우로55길 11-10,망우역 1번출구,37.599098,127.092949
중랑구,1408. 먹골역 6번출구 앞,202504,1136,1329,먹골역 6번출구 앞,ST-570,서울특별시 중랑구 동일로 지하 901,먹골역 6번출구 앞,37.610722,127.077477
중랑구,1418. 새솔초등학교,202504,219,78,새솔초등학교,ST-583,서울특별시 중랑구 신내역로1길 164,새솔초등학교,37.617439,127.109016
중랑구,1421. 신내역 4번출구,202504,600,548,신내역 4번출구,ST-586,서울특별시 중랑구 신내로 지하 232,신내역 4번출구,37.612461,127.103378
중랑구,1422. 신내우디안아파트 1단지,202504,246,78,신내우디안아파트 1단지,ST-587,서울특별시 중랑구 신내역로 213,신내우디안아파트 1단지,37.620098,127.106461
중랑구,1424. 양원역 2번출구,202504,259,229,양원역 2번출구,ST-588,서울특별시 중랑구 송림길 147,양원역 2번출구,37.606312,127.107742
중랑구,1426. 면목도시개발아파트 1동 앞,202504,504,104,면목도시개발아파트 1동 앞,ST-590,서울특별시 중랑구 용마산로 지하 227,면목도시개발아파트 1동 앞,37.573589,127.086823
중랑구,1435. 능산삼거리,202504,326,271,능산삼거리,ST-593,서울특별시 중랑구 용마산로 644,능산삼거리,37.608681,127.100792
중랑구,1437. 늘푸른공원 앞,202504,847,884,늘푸른공원 앞,ST-595,서울특별시 중랑구 동일로 594,늘푸른공원 앞,37.58342,127.079926
중랑구,1438. 홈플러스 신내점 앞,202504,2115,2403,홈플러스 신내점 앞,ST-596,서울특별시 중랑구 신내로 지하 232,홈플러스 신내점 앞,37.616169,127.093483
영등포구,214. 금융감독원 앞,202504,1533,1591,금융감독원 앞,ST-60,서울특별시 영등포구 여의대로 38,금융감독원 앞,37.523022,126.920837
영등포구,219. 롯데캐슬엠파이어 옆,202504,2978,3001,롯데캐슬엠파이어 옆,ST-62,서울특별시 영등포구 의사당대로 127,롯데캐슬엠파이어 옆,37.520695,126.925835
영등포구,220. 미성아파트 A동 앞,202504,1729,1624,미성아파트 A동 앞,ST-63,서울특별시 영등포구 의사당대로 110,미성아파트 A동 앞,37.519363,126.926048
강북구,1506. 강북문화예술회관,202504,1244,1161,강북문화예술회관,ST-645,서울특별시 강북구 삼각산로 85,강북문화예술회관,37.640327,127.013359
강북구,1515. 송천동 주민센터,202504,393,391,송천동 주민센터,ST-648,서울특별시 강북구 솔샘로 284,송천동 주민센터,37.618286,127.024048
영등포구,217. NH농협은행 앞,202504,4153,4224,NH농협은행 앞,ST-66,서울특별시 영등포구 국제금융로8길 2,NH농협은행 앞,37.522079,126.930367
영등포구,224. 롯데캐슬 앞,202504,2371,2336,롯데캐슬 앞,ST-70,서울특별시 영등포구 국제금융로 86,롯데캐슬 앞,37.520088,126.932365
영등포구,226. 샛강역 1번출구 앞,202504,2944,2512,샛강역 1번출구 앞,ST-72,서울특별시 영등포구 의사당대로 지하166,샛강역 1번출구 앞,37.517765,126.928413
영등포구,207. 여의나루역 1번출구 앞,202504,7959,7591,여의나루역 1번출구 앞,ST-73,서울특별시 영등포구 여의동로 지하343,여의나루역 1번출구 앞,37.527157,126.9319
마포구,401. 상암월드컵파크 10단지 앞,202504,873,832,상암월드컵파크 10단지 앞,ST-76,서울특별시 마포구 월드컵북로 502-36,상암월드컵파크 10단지 앞,37.586189,126.881615
강남구,2301. 현대고등학교 건너편,202504,1790,1953,현대고등학교 건너편,ST-777,서울특별시 강남구 압구정로 134,현대고등학교 건너편,37.524071,127.02179
강남구,2344. 리엔파크 2단지 앞,202504,544,616,리엔파크 2단지 앞,ST-779,서울특별시 강남구 헌릉로590길 10,리엔파크 2단지 앞,37.465061,127.101196
서초구,2251. 더케이호텔 입구(양재2) ,202504,814,854,더케이호텔 입구(양재2),ST-781,서울특별시 서초구 바우뫼로12길 70,더케이호텔 입구(양재2),37.467506,127.034477
강남구,2337. 대모산입구역 2번출구 앞,202504,563,494,대모산입구역 2번출구 앞,ST-782,서울특별시 강남구 영동대로 101,대모산입구역 2번출구 앞,37.492077,127.071976
강남구,2317. 삼성도로공원,202504,1326,1354,삼성도로공원,ST-784,서울특별시 강남구 영동대로112길 66,삼성도로공원,37.515888,127.0662
강남구,2311. 학동로 래미안 아파트 앞,202504,477,151,학동로 래미안 아파트 앞,ST-786,서울특별시 강남구 학동로 지하 508,학동로 래미안 아파트 앞,37.517773,127.043022
강남구,2305. MCM 본사 직영점 앞,202504,361,355,MCM 본사 직영점 앞,ST-790,서울특별시 강남구 언주로 734,MCM 본사 직영점 앞,37.520641,127.034508
강남구,2306. 압구정역 2번 출구 옆,202504,2248,2184,압구정역 2번 출구 옆,ST-791,서울특별시 강남구 압구정로 지하 172,압구정역 2번 출구 옆,37.527123,127.028717
강남구,2308. 압구정파출소 앞,202504,1268,1242,압구정파출소 앞,ST-793,서울특별시 강남구 압구정로 311,압구정파출소 앞,37.529301,127.035599
강남구,2312. 청담역 13번 출구 앞,202504,565,562,청담역 13번 출구 앞,ST-795,서울특별시 강남구 영동대로 703,청담역 13번 출구 앞,37.52058,127.056328
강남구,2348. 포스코사거리(기업은행),202504,2278,2456,포스코사거리(기업은행),ST-797,서울특별시 강남구 테헤란로 501,포스코사거리(기업은행),37.507233,127.056854
강남구,2315. 봉은사역 5번출구 옆,202504,948,940,봉은사역 5번출구 옆,ST-799,서울특별시 강남구 봉은사로 지하 601,봉은사역 5번출구 옆,37.514248,127.061119
마포구,405. DMC빌 앞,202504,729,691,DMC빌 앞,ST-80,서울특별시 마포구 월드컵북로60길 13,DMC빌 앞,37.582657,126.885788
강남구,2321. 학여울역 사거리,202504,363,324,학여울역 사거리,ST-804,서울특별시 강남구 남부순환로 지하 3104,학여울역 사거리,37.496117,127.069443
강남구,2323. 주식회사 오뚜기 정문 앞,202504,584,564,주식회사 오뚜기 정문 앞,ST-806,서울특별시 강남구 영동대로 308,주식회사 오뚜기 정문 앞,37.502213,127.067207
강남구,2324. 천주교 대치 2동 교회 옆,202504,888,901,천주교 대치 2동 교회 옆,ST-807,서울특별시 강남구 도곡로 540,천주교 대치 2동 교회 옆,37.500439,127.066223
강남구,2326. 대치동 삼성로,202504,727,431,대치동 삼성로,ST-809,서울특별시 강남구 삼성로 350,대치동 삼성로,37.502396,127.0588
강남구,2327. 뱅뱅사거리 랜드마크타워 앞,202504,1223,1447,뱅뱅사거리 랜드마크타워 앞,ST-810,서울특별시 강남구 강남대로 308,뱅뱅사거리 랜드마크타워 앞,37.490551,127.031464
강남구,2331. 동영문화센터앞,202504,705,576,동영문화센터앞,ST-814,서울특별시 강남구 언주로 337,동영문화센터앞,37.498051,127.044601
강남구,2333. 양재역 3번출구 주변,202504,1315,742,양재역 3번출구 주변,ST-816,서울특별시 강남구 강남대로 240,양재역 3번출구 주변,37.485157,127.034073
강남구,2335. 3호선 매봉역 3번출구앞,202504,2218,2394,3호선 매봉역 3번출구앞,ST-818,서울특별시 강남구 남부순환로 2748,3호선 매봉역 3번출구앞,37.486767,127.046761
강남구,2336. 강남세브란스교차로  래미안그레이튼 104동 앞,202504,532,488,강남세브란스교차로  래미안그레이튼 104동 앞,ST-819,서울특별시 강남구 선릉로 지하 228,강남세브란스교차로  래미안그레이튼 104동 앞,37.494236,127.047462
강남구,2339. 현대아파트 정문 앞,202504,680,641,현대아파트 정문 앞,ST-820,서울특별시 강남구 언주로 107,현대아파트 정문 앞,37.483261,127.0523
강남구,2340. 삼호물산버스정류장(23370) 옆,202504,2672,2912,삼호물산버스정류장(23370) 옆,ST-821,서울특별시 강남구 논현로 82,삼호물산버스정류장(23370) 옆,37.477509,127.045174
성북구,1302. 한성대입구역6번출구 뒤,202504,820,807,한성대입구역6번출구 뒤,ST-825,서울특별시 성북구 동소문로 1,한성대입구역6번출구 뒤,37.588764,127.00631
성북구,1304. 만해공원,202504,229,28,만해공원,ST-826,서울특별시 성북구 성북로 132-1,만해공원,37.594402,126.99231
강서구,1128. 화곡역 6번출구,202504,1429,1425,화곡역 6번출구,ST-829,서울특별시 강서구 화곡로 지하 168,화곡역 6번출구,37.541412,126.840225
마포구,408. LG CNS앞,202504,888,857,LG CNS앞,ST-84,서울특별시 마포구 월드컵북로 424,LG CNS앞,37.580811,126.88665
마포구,409. 누리꿈스퀘어 옆,202504,2307,2311,누리꿈스퀘어 옆,ST-86,서울특별시 마포구 월드컵북로 396,누리꿈스퀘어 옆,37.579399,126.88916
마포구,411. DMC홍보관,202504,1620,1635,DMC홍보관,ST-90,서울특별시 마포구 월드컵북로 366,DMC홍보관,37.577995,126.891472
마포구,413. 상암월드컵파크 3단지 후문,202504,926,933,상암월드컵파크 3단지 후문,ST-92,서울특별시 마포구 매봉산로 8,상암월드컵파크 3단지 후문,37.571476,126.889687
구로구,1955. 디지털입구 교차로,202504,2262,2280,디지털입구 교차로,ST-936,서울특별시 구로구 시흥대로 551,디지털입구 교차로,37.482883,126.901039
마포구,414. 상암동주민센터 옆,202504,1935,2128,상암동주민센터 옆,ST-94,서울특별시 마포구 매봉산로2길 16,상암동주민센터 옆,37.57822,126.89447
종로구,449. 일성아파트,202504,285,75,일성아파트,ST-941,서울특별시 종로구 평창문화로 119,일성아파트,37.608719,126.972862
중구,389. 을지로4가역 1번출구,202504,1202,1172,을지로4가역 1번출구,ST-943,서울특별시 중구 을지로 지하 178,을지로4가역 1번출구,37.566731,126.996605
중구,390. 충무로역 1번출구,202504,795,779,충무로역 1번출구,ST-944,서울특별시 중구 퇴계로 212,충무로역 1번출구,37.56139,126.995354
중구,826. 서울역 서부교차로2,202504,1112,1248,서울역 서부교차로2,ST-946,서울특별시 중구 퇴계로 33,서울역 서부교차로2,37.555367,126.968643
성북구,1305. 성북구청,202504,1528,1706,성북구청,ST-947,서울특별시 성북구 보문로 168,성북구청,37.589329,127.016434
관악구,2110. 조원동 미성아파트,202504,1630,1668,조원동 미성아파트,ST-950,서울특별시 관악구 시흥대로 560,조원동 미성아파트,37.483192,126.902031
관악구,2139. 서울신성초등학교,202504,370,329,서울신성초등학교,ST-951,서울특별시 관악구 신림로 114,서울신성초등학교,37.471165,126.937019
강남구,2354. 청담역 2번출구,202504,192,156,청담역 2번출구,ST-953,서울특별시 강남구 영동대로 647,청담역 2번출구,37.519787,127.056763
강남구,2356. 강남구청,202504,537,351,강남구청,ST-954,서울특별시 강남구 학동로 지하 346,강남구청,37.51807,127.047119
강남구,2360. 도곡1동 주민센터 교차로,202504,744,716,도곡1동 주민센터 교차로,ST-956,서울특별시 강남구 도곡로 205,도곡1동 주민센터 교차로,37.492809,127.041389
강남구,"2359. 국립국악중,고교 정문 맞은편",202504,1121,1217,"국립국악중,고교 정문 맞은편",ST-958,서울특별시 강남구 논현로10길 29,"국립국악중,고교 정문 맞은편",37.475605,127.050377
강남구,2347. 두산건설 본사,202504,374,149,두산건설 본사,ST-961,서울특별시 강남구 언주로 726,두산건설 본사,37.518639,127.0354
강남구,2352. 서울본부세관(건설회관 앞),202504,487,162,서울본부세관(건설회관 앞),ST-962,서울특별시 강남구 언주로 721,서울본부세관(건설회관 앞),37.51759,127.035027
강남구,2353. 강남구청역 2번출구 뒤,202504,942,485,강남구청역 2번출구 뒤,ST-963,서울특별시 강남구 학동로 342,강남구청역 2번출구 뒤,37.516811,127.040474
노원구,1641. 한내근린공원 남측,202504,672,698,한내근린공원 남측,ST-970,서울특별시 노원구 마들로 86,한내근린공원 남측,37.621555,127.069511
노원구,1640. 한내근린공원 북측,202504,1250,1433,한내근린공원 북측,ST-971,서울특별시 노원구 마들로 86,한내근린공원 북측,37.623863,127.068489
강서구,1149. 신방화역환승주차장,202504,3700,3676,신방화역환승주차장,ST-975,서울특별시 강서구 마곡서1로 111-12,신방화역환승주차장,37.567284,126.818275
광진구,501. 광진구의회 앞,202504,2199,1938,광진구의회 앞,ST-98,서울특별시 광진구 능동로 76,광진구의회 앞,37.537308,127.070351
광진구,3500. 군자역2번출구,202504,2660,2693,군자역2번출구,ST-983,서울특별시 광진구 능동로 313,군자역2번출구,37.557587,127.079697
광진구,3501. 광진구청 앞,202504,2257,2126,광진구청 앞,ST-984,서울특별시 광진구 자양로 131,광진구청 앞,37.539501,127.083
광진구,3503. 광진유진스웰,202504,229,107,광진유진스웰,ST-986,서울특별시 광진구 아차산로78길 7,광진유진스웰,37.550488,127.108955
광진구,3504. 원일교회,202504,3032,2711,원일교회,ST-987,서울특별시 광진구 아차산로 304,원일교회,37.538052,127.076599
광진구,3505. 신양초교앞 교차로,202504,936,907,신양초교앞 교차로,ST-988,서울특별시 광진구 능동로 42,신양초교앞 교차로,37.535221,127.068398
마포구,424. 롯데하이마트 (상암월드컵점) ,202504,507,493,롯데하이마트 (상암월드컵점),ST-990,서울특별시 마포구 상암동 1715-29,롯데하이마트 (상암월드컵점),37.57362,126.898048
마포구,425. DMC첨단산업센터,202504,481,480,DMC첨단산업센터,ST-991,서울특별시 마포구 성암로330,DMC첨단산업센터,37.584503,126.885597
마포구,426. 서울신용보증재단,202504,1307,1654,서울신용보증재단,ST-992,서울특별시 마포구 마포대로 163,서울신용보증재단,37.549061,126.954178
양천구,723. SBS방송국,202504,1996,2170,SBS방송국,ST-994,서울특별시 양천구 목동서로161,SBS방송국,37.529163,126.872749
양천구,725. 양강중학교앞 교차로,202504,374,212,양강중학교앞 교차로,ST-996,서울특별시 양천구 남부순환로88길5-16,양강중학교앞 교차로,37.524334,126.850548
양천구,726. 목동3단지 시내버스정류장,202504,4049,4060,목동3단지 시내버스정류장,ST-997,서울특별시 양천구 목동중앙로 49,목동3단지 시내버스정류장,37.53439,126.869598
양천구,729. 서부식자재마트 건너편,202505,1764,1877,서부식자재마트 건너편,ST-1000,서울특별시 양천구 신정동 236,서부식자재마트 건너편,37.51038,126.866798
양천구,731. 서울시 도로환경관리센터,202505,3391,3529,서울시 도로환경관리센터,ST-1002,서울특별시 양천구 목동동로 316-6,서울시 도로환경관리센터,37.5299,126.876541
양천구,733. 신정이펜하우스314동,202505,1064,466,신정이펜하우스314동,ST-1004,서울특별시 양천구 신정이펜1로50,신정이펜하우스314동,37.514099,126.831001
양천구,734. 신트리공원 입구,202505,3400,3393,신트리공원 입구,ST-1005,서울특별시 양천구 신정동 310-8,신트리공원 입구,37.51395,126.856056
양천구,736. 오솔길공원,202505,1214,1377,오솔길공원,ST-1007,서울특별시 양천구 남부순환로70길11-9,오솔길공원,37.52219,126.8367
양천구,740. 으뜸공원,202505,1400,1660,으뜸공원,ST-1011,서울특별시 양천구 가로공원로 133,으뜸공원,37.536369,126.831711
양천구,741. 화곡로 입구 교차로,202505,670,669,화곡로 입구 교차로,ST-1012,서울특별시 양천구 신월동 258,화곡로 입구 교차로,37.53952,126.825401
양천구,742. 등촌역 5번 출구 뒤,202505,1168,1140,등촌역 5번 출구 뒤,ST-1013,서울특별시 양천구 등촌로 236,등촌역 5번 출구 뒤,37.550732,126.864578
양천구,743. 현대6차아파트 101동 옆,202505,1143,1352,현대6차아파트 101동 옆,ST-1014,서울특별시 양천구 신정동 735-5,현대6차아파트 101동 옆,37.5089,126.842682
양천구,744. 신목동역 2번 출구,202505,3650,3646,신목동역 2번 출구,ST-1015,서울특별시 양천구 목동중앙로 212 앞,신목동역 2번 출구,37.543842,126.882545
양천구,745. 강서초등학교,202505,725,779,강서초등학교,ST-1016,서울특별시 양천구 오목로 31 부근,강서초등학교,37.522282,126.839699
양천구,746. 목동2단지 상가,202505,4146,4097,목동2단지 상가,ST-1017,서울특별시 양천구 목동 902-5,목동2단지 상가,37.536503,126.877747
양천구,747. 목동3단지 상가,202505,2866,2854,목동3단지 상가,ST-1018,서울특별시 양천구 목동 903-6,목동3단지 상가,37.53458,126.875649
양천구,748. 목동운동장,202505,703,762,목동운동장,ST-1019,서울특별시 양천구 안양천로 939,목동운동장,37.530251,126.879303
은평구,937. 상림마을 롯데캐슬2단지 옆,202505,148,154,상림마을 롯데캐슬2단지 옆,ST-1023,서울특별시 은평구 진관동 30-23,상림마을 롯데캐슬2단지 옆,37.645851,126.923798
은평구,938. 금암 문화공원,202505,243,259,금암 문화공원,ST-1024,서울특별시 은평구 진관동 44-28,금암 문화공원,37.644684,126.918457
은평구,939. 은평구청 교차로,202505,655,647,은평구청 교차로,ST-1025,서울특별시 은평구 응암동 82-31,은평구청 교차로,37.6017,126.927422
은평구,941. 은평뉴타운 도서관,202505,684,314,은평뉴타운 도서관,ST-1027,서울특별시 은평구 진관동 141-27,은평뉴타운 도서관,37.637222,126.933304
은평구,942. 상림마을 생태공원,202505,393,371,상림마을 생태공원,ST-1028,서울특별시 은평구 진관동 16-4,상림마을 생태공원,37.644081,126.929283
은평구,943. 은평구청 보건소,202505,1783,2024,은평구청 보건소,ST-1029,서울특별시 은평구 녹번동 84,은평구청 보건소,37.602402,126.92865
은평구,946. 독바위역 ,202505,625,595,독바위역,ST-1032,서울특별시 은평구 불광로 129,독바위역,37.618439,126.932884
은평구,947. 연신내 선일하이츠빌 정류소,202505,299,294,연신내 선일하이츠빌 정류소,ST-1033,서울특별시 은평구 불광동 484-165,연신내 선일하이츠빌 정류소,37.622669,126.919991
은평구,949. 연신내역 1번 출구 ,202505,1237,1461,연신내역 1번 출구,ST-1035,서울특별시 은평구 불광동 487-2,연신내역 1번 출구,37.619781,126.920807
은평구,952. 서울연신중학교,202505,463,440,서울연신중학교,ST-1038,서울특별시 은평구 불광동 400-4번지,서울연신중학교,37.62265,126.925247
은평구,953. 서울연신초등학교,202505,348,330,서울연신초등학교,ST-1039,서울특별시 은평구 불광동 73-1번지,서울연신초등학교,37.625778,126.928818
강동구,1025. 상일초등학교,202505,816,796,상일초등학교,ST-1042,서울특별시 강동구 상일동 440-3,상일초등학교,37.546841,127.172516
강서구,1155. 기쁜우리복지관,202505,2766,2633,기쁜우리복지관,ST-1255,서울특별시 강서구 허준로 65,기쁜우리복지관,0.0,0.0
강서구,1155. 기쁜우리복지관,202505,2766,2633,기쁜우리복지관,ST-1067,서울특별시 강서구 가양동 1458-15,기쁜우리복지관,37.56926,126.848419
강서구,1157. 강서구청,202505,4175,4488,강서구청,ST-1069,서울특별시 강서구 화곡로 302,강서구청,37.550659,126.84977
송파구,1251. 석촌역 2번출구,202505,3432,3407,석촌역 2번출구,ST-1070,서울특별시 송파구 송파동 68,석촌역 2번출구,37.505932,127.10775
송파구,1253. 오금역 3번 출구 뒤,202505,877,860,오금역 3번 출구 뒤,ST-1072,서울특별시 송파구 가락동 10-15,오금역 3번 출구 뒤,37.501652,127.128181
송파구,1256. 문정현대아파트 교차로,202505,738,735,문정현대아파트 교차로,ST-1075,서울특별시 송파구 문정동 3-2,문정현대아파트 교차로,37.491131,127.125809
송파구,1258. 가락미륭아파트 앞,202505,632,395,가락미륭아파트 앞,ST-1077,서울특별시 송파구 가락동 195-4,가락미륭아파트 앞,37.493198,127.128998
송파구,1259. 방이역 1번출구,202505,1987,1975,방이역 1번출구,ST-1078,서울특별시 송파구 오금동 17-20,방이역 1번출구,37.508984,127.126595
송파구,1260. 방이동 한양3차아파트 옆,202505,1686,1669,방이동 한양3차아파트 옆,ST-1079,서울특별시 송파구 방이동 225-1,방이동 한양3차아파트 옆,37.506302,127.121399
송파구,1262. 송파여성문화회관 앞,202505,2744,2775,송파여성문화회관 앞,ST-1081,서울특별시 송파구 송파동 2-3,송파여성문화회관 앞,37.505802,127.109718
송파구,1263. 장지공영차고지,202505,346,395,장지공영차고지,ST-1082,서울특별시 송파구 장지동 861-6,장지공영차고지,37.480541,127.137016
송파구,1264. 천호역 10번 출구 앞,202505,4117,4112,천호역 10번 출구 앞,ST-1083,서울특별시 송파구 풍납동 490-16,천호역 10번 출구 앞,37.538582,127.122803
송파구,1265. 문정동 근린공원,202505,1502,1529,문정동 근린공원,ST-1084,서울특별시 송파구 문정동 38-3,문정동 근린공원,37.485989,127.124763
송파구,1267. 올림픽공원 남2문 앞,202505,1620,1621,올림픽공원 남2문 앞,ST-1086,서울특별시 송파구 올림픽로 424,올림픽공원 남2문 앞,37.51424,127.12307
송파구,1268. 몽촌토성역 1번출구 옆,202505,3250,3271,몽촌토성역 1번출구 옆,ST-1087,서울특별시 송파구 방이동 88-21,몽촌토성역 1번출구 옆,37.517288,127.114197
송파구,1269. 리센츠아파트 ,202505,2030,1825,리센츠아파트,ST-1088,서울특별시 송파구 올림픽로 135,리센츠아파트,37.511944,127.091217
송파구,1271. 송파도서관,202505,1103,1103,송파도서관,ST-1089,서울특별시 송파구 동남로 263,송파도서관,37.499985,127.135391
성동구,512. 뚝섬역 1번 출구 옆,202505,3376,3385,뚝섬역 1번 출구 옆,ST-109,서울특별시 성동구 아차산로 18,뚝섬역 1번 출구 옆,37.548561,127.045006
송파구,1274. 영파여고 앞,202505,1706,1655,영파여고 앞,ST-1092,서울특별시 송파구 올림픽로 565,영파여고 앞,37.532848,127.121048
중랑구,1444. 면목4치안센터,202505,1193,1610,면목4치안센터,ST-1095,서울특별시 중랑구 면목동 646-4,면목4치안센터,37.574028,127.080544
중랑구,1446. 중랑전화국 교차로,202505,1897,2094,중랑전화국 교차로,ST-1097,서울특별시 중랑구 면목동 282-8,중랑전화국 교차로,37.591301,127.08033
중랑구,1447. 면목역 3번출구,202505,2959,3436,면목역 3번출구,ST-1098,서울특별시 중랑구 면목동 120-2,면목역 3번출구,37.588902,127.08728
중랑구,1448. 코스트코 상봉점,202505,2252,2277,코스트코 상봉점,ST-1099,서울특별시 중랑구 상봉동 160-3,코스트코 상봉점,37.597321,127.089798
마포구,400. 상암한화오벨리스크 1차 앞,202505,1178,1195,상암한화오벨리스크 1차 앞,ST-110,서울특별시 마포구 구룡길 19,상암한화오벨리스크 1차 앞,37.587524,126.883003
강북구,1527. 미아역 1번 출구 뒤,202505,796,790,미아역 1번 출구 뒤,ST-1101,서울특별시 강북구 미아동 194-1,미아역 1번 출구 뒤,37.627335,127.026054
강북구,1528. 삼각산동 주민센터,202505,611,285,삼각산동 주민센터,ST-1102,서울특별시 강북구 미아동 813-8,삼각산동 주민센터,37.615036,127.020699
강북구,1529. 미아동 한국전력공사,202505,1489,1524,미아동 한국전력공사,ST-1103,서울특별시 강북구 미아동 194-1,미아동 한국전력공사,37.63018,127.02491
강북구,1530. 광산사거리,202505,1600,1726,광산사거리,ST-1104,서울특별시 강북구 노해로 87,광산사거리,37.643551,127.022347
강북구,1531. 미아사거리 1번 출구,202505,2405,2536,미아사거리 1번 출구,ST-1105,서울특별시 강북구 미아동 66-1,미아사거리 1번 출구,37.613956,127.030251
강북구,1532. 번3동 주민센터 교차로,202505,994,1055,번3동 주민센터 교차로,ST-1106,서울특별시 강북구 번동 2-2,번3동 주민센터 교차로,37.626354,127.047447
강북구,"1533. 번동 주공3, 4단지 교차로",202505,1003,1197,"번동 주공3, 4단지 교차로",ST-1107,서울특별시 강북구 번동 254,"번동 주공3, 4단지 교차로",37.629917,127.040916
강북구,1535. 효성인텔리안 앞,202505,2180,2214,효성인텔리안 앞,ST-1109,서울특별시 강북구  수유동 230-7,효성인텔리안 앞,37.636292,127.023376
성동구,513. 뚝섬역 5번 출구 정류소 옆,202505,1355,1347,뚝섬역 5번 출구 정류소 옆,ST-111,서울특별시 성동구 아차산로 18,뚝섬역 5번 출구 정류소 옆,37.546307,127.049805
강북구,1536. 번동 두산위브 101동 옆,202505,768,748,번동 두산위브 101동 옆,ST-1110,서울특별시 강북구 번동 386-17,번동 두산위브 101동 옆,37.636261,127.032173
노원구,1643. 태릉입구역 8번출구,202505,1963,2027,태릉입구역 8번출구,ST-1111,서울특별시 노원구 공릉동 687-6,태릉입구역 8번출구,37.617367,127.075211
노원구,1646. 삼육대 입구,202505,482,443,삼육대 입구,ST-1114,서울특별시 노원구 공릉동 26-43,삼육대 입구,37.638489,127.107903
노원구,1650. 중계근린공원내,202505,3502,3674,중계근린공원내,ST-1118,서울특별시 노원구 중계동 506-3,중계근린공원내,37.63958,127.065102
성동구,514. 성수사거리 버스정류장 앞,202505,3001,2943,성수사거리 버스정류장 앞,ST-112,서울특별시 성동구 아차산로 171,성수사거리 버스정류장 앞,37.54258,127.063309
노원구,1652. 파르코 앞,202505,385,399,파르코 앞,ST-1120,서울특별시 노원구 상계동 1263,파르코 앞,37.68,127.05558
노원구,1653. 노원역1번출구,202505,3823,3854,노원역1번출구,ST-1121,서울특별시 노원구 상계동 335-4,노원역1번출구,37.6562,127.063622
노원구,1655. 공릉1단지아파트,202505,3069,3068,공릉1단지아파트,ST-1123,서울특별시 중랑구 동일로 1127,공릉1단지아파트,37.631111,127.07016
노원구,1657. 노원구청 ,202505,2600,2614,노원구청,ST-1125,서울특별시 노원구 노해로 437,노원구청,37.654049,127.057327
노원구,1659. 중계동 을지중학교,202505,920,834,중계동 을지중학교,ST-1127,서울특별시 노원구 중계동 370,중계동 을지중학교,37.65033,127.071602
노원구,1660. 서울시립과학관,202505,546,404,서울시립과학관,ST-1128,서울특별시 노원구 하계동 266,서울시립과학관,37.642071,127.076622
도봉구,1714. 도봉문화정보도서관 삼거리,202505,512,134,도봉문화정보도서관 삼거리,ST-1130,서울특별시 도봉구 덕릉로 315,도봉문화정보도서관 삼거리,37.64463,127.044609
도봉구,1715. 서울특별시교육청도봉도서관,202505,693,630,서울특별시교육청도봉도서관,ST-1131,서울특별시 도봉구 삼양로556,서울특별시교육청도봉도서관,37.653179,127.012787
도봉구,1719. 신도봉사거리 버스정류장,202505,858,903,신도봉사거리 버스정류장,ST-1135,서울특별시 도봉구 도봉로 771,신도봉사거리 버스정류장,37.673283,127.043991
도봉구,1720. 도봉구청 옆(중랑천변),202505,1887,1962,도봉구청 옆(중랑천변),ST-1136,서울특별시 도봉구 마들로 656,도봉구청 옆(중랑천변),37.668671,127.047981
금천구,1841. 가산동 주민센터,202505,1466,1490,가산동 주민센터,ST-1142,서울특별시 금천구 가산동 144-3,가산동 주민센터,37.476952,126.891869
금천구,1842. 한울중학교,202505,220,46,한울중학교,ST-1143,서울특별시 금천구 시흥동 1000-3,한울중학교,37.462574,126.90686
금천구,1843. 독산고등학교,202505,613,475,독산고등학교,ST-1144,서울특별시 금천구 독산동 906-42,독산고등학교,37.477097,126.911133
금천구,1846. 롯데캐슬골드파크1차 동문,202505,1003,1011,롯데캐슬골드파크1차 동문,ST-1147,서울특별시 금천구 독산동 441-19,롯데캐슬골드파크1차 동문,37.460171,126.896042
금천구,1848. 벽산 디지털밸리 5차,202505,1031,1342,벽산 디지털밸리 5차,ST-1149,서울특별시 금천구 가산동 60-73,벽산 디지털밸리 5차,37.476276,126.885391
동작구,2059. 보라매공원 정문,202505,1777,1956,보라매공원 정문,ST-1151,서울특별시 동작구 신대방동 395,보라매공원 정문,37.497078,126.917793
동작구,2060. 남성역3번출구 뒤,202505,1465,1713,남성역3번출구 뒤,ST-1152,서울특별시 동작구 사당동 1131,남성역3번출구 뒤,37.484631,126.97155
동작구,2062. 사당새마을금고,202505,398,403,사당새마을금고,ST-1154,서울특별시 동작구 사당동 211-2,사당새마을금고,37.486652,126.967842
관악구,2159. 인헌초교,202505,350,298,인헌초교,ST-1156,서울특별시 관악구 봉천동 244-1,인헌초교,37.47509,126.959229
서초구,2266. 서초역 3번출구,202505,823,823,서초역 3번출구,ST-1158,서울특별시 서초구 서초동 1748-14,서초역 3번출구,37.49054,127.008163
중구,300. 정동사거리,202505,975,925,정동사거리,ST-116,서울특별시 중구 정동길 2-1,정동사거리,37.56805,126.969231
서초구,2269. 주홍교 하부,202505,258,160,주홍교 하부,ST-1161,서울특별시 서초구 잠원동 91-29,주홍교 하부,37.510349,127.016052
서초구,2270. 서초포레스타 7단지,202505,462,448,서초포레스타 7단지,ST-1162,서울특별시 관악구 신원동 266,서초포레스타 7단지,37.448967,127.057739
서초구,2272. 교대입구 교차로,202505,640,622,교대입구 교차로,ST-1164,서울특별시 서초구 서초동 1748-33,교대입구 교차로,37.487309,127.010582
서초구,2273. 일동제약 사거리,202505,736,727,일동제약 사거리,ST-1165,서울특별시 서초구 양재동 67-12,일동제약 사거리,37.477829,127.038269
종로구,301. 경복궁역 7번출구 앞,202505,1197,645,경복궁역 7번출구 앞,ST-117,서울특별시 종로구 사직로 지하130,경복궁역 7번출구 앞,37.575794,126.971451
강남구,2362. 신사동 가로수길 입구,202505,952,854,신사동 가로수길 입구,ST-1171,서울특별시 강남구 신사동 501-5,신사동 가로수길 입구,37.517635,127.022453
강남구,2365. K+ 타워 앞,202505,674,670,K+ 타워 앞,ST-1174,서울특별시 강남구 도산대로 333,K+ 타워 앞,37.5233,127.038475
강남구,2368. 도곡동 경남아파트 건너편,202505,488,381,도곡동 경남아파트 건너편,ST-1177,서울특별시 강남구 도곡동 874-1,도곡동 경남아파트 건너편,37.489342,127.041298
강남구,2369. KT선릉타워,202505,1399,1400,KT선릉타워,ST-1178,서울특별시 강남구 대치동 1011,KT선릉타워,37.505428,127.052872
강남구,2370. 한티역 3번출구,202505,441,438,한티역 3번출구,ST-1179,서울특별시 강남구 대치동 1026,한티역 3번출구,37.496552,127.054298
강남구,2371. 한국우편사업진흥원,202505,233,133,한국우편사업진흥원,ST-1180,서울특별시 강남구 언주로 651,한국우편사업진흥원,37.514748,127.035133
강남구,2372. 대치역 사거리,202505,1303,1350,대치역 사거리,ST-1181,서울특별시 강남구 삼성로 156,대치역 사거리,37.494499,127.063797
강남구,2373. 개포동역 사거리,202505,442,435,개포동역 사거리,ST-1182,서울특별시 강남구 개포동 181-3,개포동역 사거리,37.489277,127.065575
강남구,2375. 수서역 1번출구 앞,202505,1433,1687,수서역 1번출구 앞,ST-1184,서울특별시 강남구 수서동 728,수서역 1번출구 앞,37.48735,127.100998
강남구,2376. 수서역 6번출구 앞,202505,1176,1269,수서역 6번출구 앞,ST-1185,서울특별시 강남구 수서동 740,수서역 6번출구 앞,37.486778,127.100517
서대문구,3100. 북성초교,202505,296,278,북성초교,ST-1188,서울특별시 서대문구 신촌로 235-1,북성초교,37.557396,126.952164
서대문구,3101. 서대문구청,202505,386,379,서대문구청,ST-1189,서울특별시 서대문구 연희로 242,서대문구청,37.578381,126.936096
광진구,3506. 영동대교 북단,202505,1626,1613,영동대교 북단,ST-1191,서울특별시 광진구 자양동 203-22,영동대교 북단,37.537014,127.061096
광진구,3507. 어린이회관,202505,1342,968,어린이회관,ST-1192,서울특별시 광진구 능동 465-7,어린이회관,37.545952,127.078003
광진구,3508. 화양사거리,202505,1228,1007,화양사거리,ST-355,서울특별시 성동구 광나루로 334,화양사거리,37.548149,127.06707
광진구,3508. 화양사거리,202505,1228,1007,화양사거리,ST-1193,서울특별시 광진구 화양동 21-6,화양사거리,37.548222,127.067879
광진구,3509. 세종사이버대학교,202505,3556,3610,세종사이버대학교,ST-1194,서울특별시 광진구 군자동 111-2,세종사이버대학교,37.553417,127.073196
성동구,3513. 상왕십리역 1번출구,202505,2431,1481,상왕십리역 1번출구,ST-1197,서울특별시 성동구 하왕십리동 860-1,상왕십리역 1번출구,37.56461,127.029198
성동구,3514. 왕십리교회옆,202505,2881,2927,왕십리교회옆,ST-1198,서울특별시 성동구 상왕십리동 350-1,왕십리교회옆,37.566261,127.023697
성동구,3515. 서울숲 관리사무소,202505,3493,3219,서울숲 관리사무소,ST-1199,서울특별시 성동구 성수동1가 678-1,서울숲 관리사무소,37.542816,127.042084
성북구,1342. 성북쉼터 앞,202505,222,82,성북쉼터 앞,ST-1206,서울특별시 성북구 성북로21길 32,성북쉼터 앞,37.592617,126.997932
성북구,1343. 한성대7번출구 앞,202505,525,518,한성대7번출구 앞,ST-1207,서울특별시 성북구 동소문로 11,한성대7번출구 앞,37.589249,127.007378
성북구,1344. 아리랑시네센터 앞,202505,293,187,아리랑시네센터 앞,ST-1208,서울특별시 성북구 아리랑로 82,아리랑시네센터 앞,37.600288,127.013702
성북구,1346. 길음8골어린이공원 옆,202505,829,834,길음8골어린이공원 옆,ST-1210,서울특별시 성북구 길음로13길 22,길음8골어린이공원 옆,37.608978,127.020248
성북구,1347. 길음래미안아파트817동 상가 앞,202505,326,331,길음래미안아파트817동 상가 앞,ST-1211,서울특별시 성북구 길음로 33,길음래미안아파트817동 상가 앞,37.607105,127.0215
성북구,1348. 성북제일새마을금고 본점 앞,202505,537,562,성북제일새마을금고 본점 앞,ST-1212,서울특별시 성북구 길음로 20,성북제일새마을금고 본점 앞,37.604752,127.022758
성북구,1352. e 편한세상 보문아파트 내,202505,236,216,e 편한세상 보문아파트 내,ST-1216,서울특별시 성북구 낙산길 255,e 편한세상 보문아파트 내,37.583881,127.017097
성북구,1353. 금호어울림센터힐 내,202505,326,353,금호어울림센터힐 내,ST-1217,서울특별시 성북구 동소문로34길 73,금호어울림센터힐 내,37.60083,127.023552
구로구,1957. 구일고등학교 정문 ,202505,2340,2457,구일고등학교 정문,ST-1219,서울특별시 구로구 구일로 90-51,구일고등학교 정문,37.493401,126.874329
구로구,1958. 강서수도사업소민원센터,202505,2568,2726,강서수도사업소민원센터,ST-1220,서울특별시 구로구 가마산로 272,강서수도사업소민원센터,37.495781,126.890121
구로구,1962. 가리봉동주민센터,202505,1602,1590,가리봉동주민센터,ST-1224,서울특별시 구로구 디지털로26길 5,가리봉동주민센터,37.481602,126.892799
구로구,1964. 원메디타운 앞,202505,2534,2530,원메디타운 앞,ST-1226,서울특별시 구로구 경인로 403,원메디타운 앞,37.49789,126.864502
구로구,1966. 한마을아파트 정문상가,202505,1817,1850,한마을아파트 정문상가,ST-1228,서울특별시 구로구 경인로 382,한마을아파트 정문상가,37.496498,126.863098
구로구,1967. 참새공원(백곡경노당),202505,595,648,참새공원(백곡경노당),ST-1229,서울특별시 구로구 고척로21길 85,참새공원(백곡경노당),37.505138,126.844337
종로구,307. 서울역사박물관 앞,202505,1064,1023,서울역사박물관 앞,ST-123,서울특별시 종로구 새문안로 55,서울역사박물관 앞,37.57,126.9711
구로구,1969. 궁동생태공원,202505,166,167,궁동생태공원,ST-1231,서울특별시 구로구 오리로 1352,궁동생태공원,37.501904,126.828964
구로구,1973. 오리로와 서해안도로 교차로 앞,202505,451,323,오리로와 서해안도로 교차로 앞,ST-1235,서울특별시 구로구 오리로 1181,오리로와 서해안도로 교차로 앞,37.488598,126.836494
구로구,1974. 신도림2차e편한세상아파트 203동 앞,202505,1230,1149,신도림2차e편한세상아파트 203동 앞,ST-1236,서울특별시 구로구 신도림로 16,신도림2차e편한세상아파트 203동 앞,37.50518,126.882538
구로구,1975. 대림역 1번 출입구 밑,202505,1690,1695,대림역 1번 출입구 밑,ST-1237,서울특별시 구로구 도림천로 351,대림역 1번 출입구 밑,37.492565,126.894753
구로구,1976. 남구로역 5번 출입구 앞,202505,738,453,남구로역 5번 출입구 앞,ST-1238,서울특별시 구로구 도림로 지하 7,남구로역 5번 출입구 앞,37.48568,126.886703
구로구,1977. 천왕역 1번 출입구 앞,202505,1994,1515,천왕역 1번 출입구 앞,ST-1239,서울특별시 구로구 오리로 지하 1154,천왕역 1번 출입구 앞,37.48621,126.838821
구로구,1979. 구로1동우체국 앞,202505,263,228,구로1동우체국 앞,ST-1241,서울특별시 구로구 구일로 64,구로1동우체국 앞,37.492031,126.873772
강남구,2383. 보금자리정원,202505,300,363,보금자리정원,ST-1248,서울특별시 강남구 헌릉로569길 39-6,보금자리정원,37.466328,127.094887
강서구,1158. 가양역 8번출구,202505,4517,4617,가양역 8번출구,ST-1249,서울특별시 강서구 양천로 지하 485,가양역 8번출구,37.561035,126.854813
강서구,1162. 공항초등학교건너편,202505,2790,2727,공항초등학교건너편,ST-1253,서울특별시 강서구 마곡서1로 68,공항초등학교건너편,37.562679,126.820473
관악구,2164. 관악우체국,202505,784,778,관악우체국,ST-1259,서울특별시 관악구 남부순환로 1641,관악우체국,37.484768,126.932877
중구,310. 청계광장 옆,202505,1794,1535,청계광장 옆,ST-126,서울특별시 중구 세종대로 136,청계광장 옆,37.568878,126.97747
관악구,2165. JK장평타워,202505,203,190,JK장평타워,ST-1260,서울특별시 관악구 남부순환로 1943,JK장평타워,37.476482,126.965363
관악구,2167. 낙성대역 1번출구,202505,438,432,낙성대역 1번출구,ST-1262,서울특별시 관악구 남부순환로 1944,낙성대역 1번출구,37.476295,126.964958
관악구,2169. 봉천역 2번출구,202505,1397,1447,봉천역 2번출구,ST-1264,서울특별시 관악구 남부순환로 1728,봉천역 2번출구,37.482189,126.942131
광진구,3517. 용마사거리,202505,2044,2247,용마사거리,ST-1266,서울특별시 광진구 능동로 373,용마사거리,37.562527,127.082275
관악구,2172. 나들목공원,202505,801,635,나들목공원,ST-1267,서울특별시 관악구 신림로 41,나들목공원,37.469406,126.944511
관악구,2173. 당곡사거리,202505,2856,2927,당곡사거리,ST-1268,서울특별시 관악구 보라매로 3,당곡사거리,37.48975,126.927467
관악구,2174. 삼성디지털프라자관악점,202505,662,629,삼성디지털프라자관악점,ST-1269,서울특별시 관악구 신림로 386,삼성디지털프라자관악점,37.488564,126.928482
관악구,2175. 신림동걷고싶은문화의거리입구,202505,1142,1157,신림동걷고싶은문화의거리입구,ST-1270,서울특별시 관악구 신림로 369,신림동걷고싶은문화의거리입구,37.487301,126.928703
구로구,1983. 구로동롯데아파트,202505,863,877,구로동롯데아파트,ST-1273,서울특별시 구로구 새말로 31,구로동롯데아파트,37.502548,126.883881
구로구,1985. 구로도서관,202505,4176,3810,구로도서관,ST-1275,서울특별시 구로구 공원로 15,구로도서관,37.498516,126.891991
금천구,1849. 대륭포스트타워5차,202505,531,533,대륭포스트타워5차,ST-1276,서울특별시 금천구 디지털로9길 68,대륭포스트타워5차,37.481354,126.88694
금천구,1850. 코오롱테크노밸리,202505,332,331,코오롱테크노밸리,ST-1277,서울특별시 금천구 디지털로9길 56,코오롱테크노밸리,37.48016,126.886368
노원구,1661. 당현천근린공원,202505,1893,1817,당현천근린공원,ST-1278,서울특별시 노원구 동일로 1342,당현천근린공원,37.649639,127.065605
노원구,1663. 동해문화예술관앞,202505,3425,3542,동해문화예술관앞,ST-1280,서울특별시 노원구 화랑로 429,동해문화예술관앞,37.619381,127.057854
노원구,1664. 노해근린공원내,202505,977,953,노해근린공원내,ST-1281,서울특별시 노원구 노원로22길 1,노해근린공원내,37.649361,127.070442
노원구,1666. 노원소방서인근,202505,760,663,노원소방서인근,ST-1283,서울특별시 노원구 노원로26길 111,노원소방서인근,37.655781,127.071777
노원구,1667. 중계중학교,202505,2001,1836,중계중학교,ST-1284,서울특별시 노원구 덕릉로76길 23,중계중학교,37.654499,127.074387
노원구,1669. 중계역 3번출구,202505,2650,2663,중계역 3번출구,ST-1286,서울특별시 노원구 동일로 지하 1308-1,중계역 3번출구,37.643528,127.065224
노원구,1670. 노원경찰서교차로,202505,1687,1575,노원경찰서교차로,ST-1287,서울특별시 노원구 노원로 283,노원경찰서교차로,37.64341,127.071838
노원구,1671. 인덕대학교,202505,835,1080,인덕대학교,ST-1288,서울특별시 노원구 초안산로 12,인덕대학교,37.629349,127.054825
노원구,1672. 상계동수락리버시티,202505,547,570,상계동수락리버시티,ST-1289,서울특별시 노원구 누원로 18,상계동수락리버시티,37.688599,127.053406
노원구,1674. 서울북부고용센터앞,202505,3382,3427,서울북부고용센터앞,ST-1291,서울특별시 노원구 노해로 450,서울북부고용센터앞,37.653549,127.058083
도봉구,1722. 창동청소년수련관,202505,1097,1093,창동청소년수련관,ST-1292,서울특별시 도봉구 노해로69길 132,창동청소년수련관,37.657799,127.050049
도봉구,1723. 방학동학마을도서관,202505,336,335,방학동학마을도서관,ST-1293,서울특별시 도봉구 시루봉로 128,방학동학마을도서관,37.662079,127.027718
도봉구,1725. 창1동주민센터,202505,470,521,창1동주민센터,ST-1295,서울특별시 도봉구 해등로 46,창1동주민센터,37.647503,127.043312
도봉구,1727. 서울도봉초등학교인근,202505,676,638,서울도봉초등학교인근,ST-1297,서울특별시 도봉구 도봉로173길 96,서울도봉초등학교인근,37.678677,127.040764
동대문구,648. 장안동위더스빌옆,202505,3087,3202,장안동위더스빌옆,ST-1300,서울특별시 동대문구 한천로 42,장안동위더스빌옆,37.5667,127.062424
동대문구,650. 중랑교사거리,202505,1875,1657,중랑교사거리,ST-1302,서울특별시 동대문구 망우로 131,중랑교사거리,37.591534,127.067741
서초구,2285. LH서초3단지 301동 맞은편,202505,411,394,LH서초3단지 301동 맞은편,ST-1311,서울특별시 서초구 양재대로2길 33,LH서초3단지 301동 맞은편,37.457424,127.022652
서초구,2286. 탑성마을입구,202505,35,8,탑성마을입구,ST-1312,서울특별시 서초구 탑성말길 2,탑성마을입구,37.45855,127.055885
서초구,2287. 능안마을입구,202505,59,24,능안마을입구,ST-1313,서울특별시 서초구 능안말길 1-2,능안마을입구,37.45562,127.067101
서초구,2289. 남태령역 2번출구,202505,114,59,남태령역 2번출구,ST-1315,서울특별시 서초구 과천대로 810,남태령역 2번출구,37.464298,126.988525
성북구,1354. 고려대학교 2번출구,202505,1933,1969,고려대학교 2번출구,ST-1317,서울특별시 성북구 종암로 지하 1,고려대학교 2번출구,37.590714,127.036194
종로구,316. 종각역 1번출구 앞,202505,1881,1765,종각역 1번출구 앞,ST-132,서울특별시 종로구 종로 47,종각역 1번출구 앞,37.570396,126.981789
영등포구,278. 쌍용플레티넘오피스텔,202505,2919,2763,쌍용플레티넘오피스텔,ST-1323,서울특별시 영등포구 도영로 18,쌍용플레티넘오피스텔,37.507931,126.895233
용산구,828. 숙대입구역 8번,202505,1136,1279,숙대입구역 8번,ST-1325,서울특별시 용산구 한강대로 289,숙대입구역 8번,37.544079,126.972
은평구,954. 은평뉴타운구파발9단지,202505,659,657,은평뉴타운구파발9단지,ST-1329,서울특별시 은평구 진관3로 77,은평뉴타운구파발9단지,37.642609,126.921478
중랑구,1449. 상봉역 1번출구,202505,2441,2445,상봉역 1번출구,ST-1332,서울특별시 중랑구 망우로 297,상봉역 1번출구,37.596558,127.085838
중랑구,1451. 중랑세무서,202505,3350,3682,중랑세무서,ST-1334,서울특별시 중랑구 망우로 176,중랑세무서,37.592758,127.07267
관악구,2171. 서울대입구역 5번출구,202505,1348,1338,서울대입구역 5번출구,ST-1337,서울특별시 관악구 남부순환로 1817,서울대입구역 5번출구,37.481548,126.952003
강서구,1165. 마곡중학교 후문,202505,1711,1227,마곡중학교 후문,ST-1338,서울특별시 강서구 마곡중앙5로 58,마곡중학교 후문,37.568447,126.821648
용산구,832. 이촌1동 주민센터 뒤,202505,1169,1179,이촌1동 주민센터 뒤,ST-1339,서울특별시 용산구 이촌로71길 24,이촌1동 주민센터 뒤,37.521282,126.973465
용산구,835. 남영역 건너편,202505,797,813,남영역 건너편,ST-1342,서울특별시 용산구 한강대로77길 18,남영역 건너편,37.541981,126.971542
용산구,836. 현대자동차서비스 앞,202505,1582,1685,현대자동차서비스 앞,ST-1343,서울특별시 용산구 원효로 74,현대자동차서비스 앞,37.531422,126.9515
중랑구,1453. 중랑캠핑숲,202505,239,211,중랑캠핑숲,ST-1345,서울특별시 중랑구 송림길 172,중랑캠핑숲,37.604603,127.109253
중랑구,1454. 한국전력공사(동대문 중랑지사),202505,993,1039,한국전력공사(동대문 중랑지사),ST-1346,서울특별시 중랑구 동일로 862,한국전력공사(동대문 중랑지사),37.607349,127.07859
노원구,1675. 월계문화체육센터,202505,299,229,월계문화체육센터,ST-1348,서울특별시 노원구 월계로 280,월계문화체육센터,37.626942,127.05513
강서구,1166. 강서구립등빛도서관,202505,5466,5448,강서구립등빛도서관,ST-1351,서울특별시 강서구 강서로62길 48,강서구립등빛도서관,37.562569,126.842461
동작구,2064. 흑석한강푸르지오 106동앞,202505,33,30,흑석한강푸르지오 106동앞,ST-1355,서울특별시 동작구 흑석한강로 27,흑석한강푸르지오 106동앞,37.505356,126.966179
관악구,2176. 보라매공원 보도육교,202505,2441,2476,보라매공원 보도육교,ST-1357,서울특별시 관악구 신사로 132,보라매공원 보도육교,37.488991,126.916382
서초구,2293. SPC 앞,202505,889,813,SPC 앞,ST-1360,서울특별시 서초구 남부순환로 2620,SPC 앞,37.484798,127.036995
서초구,2294. 두상빌딩 앞,202505,1460,1554,두상빌딩 앞,ST-1361,서울특별시 서초구 언남길 87,두상빌딩 앞,37.475906,127.046242
강남구,2384. 자곡사거리,202505,2065,2409,자곡사거리,ST-1364,서울특별시 강남구 밤고개로 206,자곡사거리,37.476028,127.105942
강남구,2385. 학동역,202505,675,655,학동역,ST-1365,서울특별시 강남구 학동로 지하 180,학동역,37.51395,127.030151
송파구,1275. 거여초등학교 옆,202505,653,696,거여초등학교 옆,ST-1367,서울특별시 송파구 마천로25길 18,거여초등학교 옆,37.504589,127.139366
종로구,394. 경희궁 자이 3단지,202505,887,899,경희궁 자이 3단지,ST-1374,서울특별시 종로구 송월길 99,경희궁 자이 3단지,37.568855,126.964561
중랑구,1455. 상봉역 2번 출구,202505,2527,2629,상봉역 2번 출구,ST-1375,서울특별시 중랑구 망우로 297,상봉역 2번 출구,37.596329,127.085899
광진구,3520. 광진경찰서,202505,3434,3359,광진경찰서,ST-1378,서울특별시 광진구 자양로 167,광진경찰서,37.542519,127.084084
광진구,3521. 현대홈타운 뒷길,202505,434,365,현대홈타운 뒷길,ST-1379,서울특별시 광진구 아차산로69길 29,현대홈타운 뒷길,37.543427,127.096619
중구,322. 명동성당 앞,202505,606,602,명동성당 앞,ST-138,서울특별시 중구 명동길 74,명동성당 앞,37.564476,126.986969
중랑구,1456. 상아빌딩(우림시장 교차로),202505,1291,1415,상아빌딩(우림시장 교차로),ST-1380,서울특별시 중랑구 용마산로 494,상아빌딩(우림시장 교차로),37.595112,127.100327
중랑구,1457. 동원사거리,202505,635,583,동원사거리,ST-1381,서울특별시 중랑구 겸재로 229,동원사거리,37.58976,127.093239
성북구,1357. 북한산보국문역,202505,298,297,북한산보국문역,ST-1383,서울특별시 성북구 보국문로 91,북한산보국문역,37.612072,127.008133
성북구,1358. 정릉도서관 앞,202505,440,437,정릉도서관 앞,ST-1384,서울특별시 성북구 보국문로 7-10,정릉도서관 앞,37.60479,127.010582
성북구,1360. 정릉역,202505,586,582,정릉역,ST-1386,서울특별시 성북구 정릉로 272,정릉역,37.603096,127.013504
강북구,1537. 북한산 우이역,202505,524,420,북한산 우이역,ST-1387,서울특별시 강북구 삼양로 670,북한산 우이역,37.663666,127.012428
강북구,1538. 솔밭공원역,202505,162,151,솔밭공원역,ST-1388,서울특별시 강북구 삼양로 595,솔밭공원역,37.656158,127.013138
강북구,1540. 가오리역,202505,957,957,가오리역,ST-1390,서울특별시 강북구 삼양로 426,가오리역,37.64167,127.016884
강북구,1541. 삼양역,202505,276,188,삼양역,ST-1391,서울특별시 강북구 삼양로 263,삼양역,37.62653,127.018059
강북구,1542. 삼양사거리역,202505,381,331,삼양사거리역,ST-1392,서울특별시 강북구 삼양로 197,삼양사거리역,37.621552,127.02037
노원구,1678. 성서대학교 밀알관,202505,470,470,성서대학교 밀알관,ST-1394,서울특별시 노원구 동일로214길 32,성서대학교 밀알관,37.648438,127.064446
노원구,1679. 삼육대 도서관,202505,547,383,삼육대 도서관,ST-1395,서울특별시 노원구 화랑로 815,삼육대 도서관,37.64283,127.106667
양천구,752. 성원2차 아파트,202505,1070,879,성원2차 아파트,ST-1400,서울특별시 양천구 목동중앙남로 100,성원2차 아파트,37.542183,126.863304
서초구,2297. 남부터미널역 1번출구,202505,696,537,남부터미널역 1번출구,ST-1404,서울특별시 서초구 서초중앙로 38,남부터미널역 1번출구,37.485672,127.015923
서초구,2299. 한전아트센터 앞,202505,766,770,한전아트센터 앞,ST-1406,서울특별시 서초구 효령로72길 60,한전아트센터 앞,37.486469,127.028061
강남구,2387. 래미안강남힐즈 사거리,202505,1229,1221,래미안강남힐즈 사거리,ST-1407,서울특별시 강남구 자곡로 101,래미안강남힐즈 사거리,37.472454,127.096077
송파구,1279. 마천금호어울림 1차아파트 건너편,202505,349,345,마천금호어울림 1차아파트 건너편,ST-1410,서울특별시 송파구 성내천로39길 4,마천금호어울림 1차아파트 건너편,37.497517,127.154678
송파구,1280. 송파파크데일 2단지입구 앞 주차장,202505,501,506,송파파크데일 2단지입구 앞 주차장,ST-1411,서울특별시 송파구 성내천로47길 23,송파파크데일 2단지입구 앞 주차장,37.495659,127.157173
송파구,1282. 송파소방서 맞은편(성내4교),202505,1648,1998,송파소방서 맞은편(성내4교),ST-1413,서울특별시 송파구 오금로51길 56,송파소방서 맞은편(성내4교),37.499874,127.141479
송파구,1285. 위례별 유치원 뒤,202505,503,506,위례별 유치원 뒤,ST-1416,서울특별시 송파구 위례광장로 136,위례별 유치원 뒤,37.47747,127.144592
송파구,1286. 위례중앙푸르지오 1단지 앞,202505,1351,1325,위례중앙푸르지오 1단지 앞,ST-1417,서울특별시 송파구 위례광장로 120,위례중앙푸르지오 1단지 앞,37.474377,127.140671
송파구,1288. 문정중교 사거리,202505,1649,1584,문정중교 사거리,ST-1419,서울특별시 송파구 송이로 238,문정중교 사거리,37.487999,127.131088
종로구,326. 안국역 5번출구 앞,202505,1433,1202,안국역 5번출구 앞,ST-142,서울특별시 종로구 율곡로 지하62,안국역 5번출구 앞,37.576241,126.98616
강북구,1543. 수유1동 주민센터,202505,739,727,수유1동 주민센터,ST-1423,서울특별시 강북구 삼양로 299,수유1동 주민센터,37.630188,127.017738
노원구,1681. 현대6차 아파트,202505,1690,1213,현대6차 아파트,ST-1425,서울특별시 노원구 중계로8길 20,현대6차 아파트,37.645802,127.08226
광진구,3510. 중곡SK아파트앞,202505,737,535,중곡SK아파트앞,ST-1427,서울특별시 광진구 용마산로32길 32,중곡SK아파트앞,37.568649,127.08625
광진구,3523. 건국대학교 과학관(이과대) 앞,202505,724,809,건국대학교 과학관(이과대) 앞,ST-1429,서울특별시 광진구 능동로 120,건국대학교 과학관(이과대) 앞,37.541718,127.08017
종로구,327. 낙원상가 옆,202505,1279,1285,낙원상가 옆,ST-143,서울특별시 종로구 삼일대로 428,낙원상가 옆,37.573357,126.987465
종로구,397. 종묘공영주차장 건너편,202505,548,523,종묘공영주차장 건너편,ST-1432,서울특별시 종로구 종로 지하 200,종묘공영주차장 건너편,37.57048,126.996635
강남구,2388. 강남구 도시관리공단,202505,462,234,강남구 도시관리공단,ST-1433,서울특별시 강남구 삼성로 628,강남구 도시관리공단,37.516785,127.051613
중구,399. 서울역 센트럴 자이아파트,202505,960,574,서울역 센트럴 자이아파트,ST-1436,서울특별시 중구 만리재로 175,서울역 센트럴 자이아파트,37.554108,126.965408
중구,428. 명보사거리,202505,639,604,명보사거리,ST-1437,서울특별시 중구 을지로 지하 129,명보사거리,37.5644,126.991432
중구,429. 송도병원,202505,98,79,송도병원,ST-1438,서울특별시 중구 다산로 59-1,송도병원,37.549889,127.007347
종로구,328. 탑골공원 앞,202505,701,687,탑골공원 앞,ST-144,서울특별시 종로구 종로 99,탑골공원 앞,37.570396,126.98819
용산구,839. 보광동 삼성리버빌아파트 앞,202505,866,888,보광동 삼성리버빌아파트 앞,ST-1441,서울특별시 용산구 보광로5길 40,보광동 삼성리버빌아파트 앞,37.52401,127.00145
용산구,840. 용산 파크타워 앞,202505,523,528,용산 파크타워 앞,ST-1442,서울특별시 용산구 서빙고로 67,용산 파크타워 앞,37.523651,126.970268
용산구,841. 신용산역 1번 출구,202505,2154,2230,신용산역 1번 출구,ST-1443,서울특별시 용산구 한강대로 100,신용산역 1번 출구,37.52961,126.968872
용산구,844. 이촌2동 동원베네스트 아파트 앞,202505,1303,1336,이촌2동 동원베네스트 아파트 앞,ST-1446,서울특별시 용산구 이촌로14길 7,이촌2동 동원베네스트 아파트 앞,37.527149,126.955162
동대문구,652. 답십리 래미안엘파인아파트 입구,202505,807,833,답십리 래미안엘파인아파트 입구,ST-1447,서울특별시 동대문구 사가정로 190,답십리 래미안엘파인아파트 입구,37.57653,127.065941
동대문구,654. 전농동 텃골공원,202505,802,570,전농동 텃골공원,ST-1449,서울특별시 동대문구 사가정로 65,전농동 텃골공원,37.577621,127.052109
성북구,1363. 보문4교 인근,202505,2618,2705,보문4교 인근,ST-1455,서울특별시 성북구 보문로22길 28,보문4교 인근,37.583752,127.02195
성북구,1364. 성북동 치안센터 앞,202505,718,711,성북동 치안센터 앞,ST-1456,서울특별시 성북구 성북로 25,성북동 치안센터 앞,37.590172,127.004089
성북구,1365. 선잠단지 앞,202505,290,231,선잠단지 앞,ST-1457,서울특별시 성북구 성북로 102-10,선잠단지 앞,37.593361,126.999092
성북구,1366. 일신초등학교 옆,202505,357,375,일신초등학교 옆,ST-1458,서울특별시 성북구 월곡로 74,일신초등학교 옆,37.59972,127.040382
도봉구,1730. 도봉산역 교차로 앞,202505,239,314,도봉산역 교차로 앞,ST-1462,서울특별시 도봉구 도봉산길 10,도봉산역 교차로 앞,37.687592,127.045502
도봉구,1733. 방학사거리 (봄마당 앞),202505,617,620,방학사거리 (봄마당 앞),ST-1465,서울특별시 도봉구 방학로 102,방학사거리 (봄마당 앞),37.662979,127.041939
도봉구,1734. 쌍문현대1차아파트 108동 앞,202505,973,798,쌍문현대1차아파트 108동 앞,ST-1466,서울특별시 도봉구 해등로 218,쌍문현대1차아파트 108동 앞,37.65815,127.032669
도봉구,"1735. 도봉역 1,2번 출구사이 건너편",202505,926,967,"도봉역 1,2번 출구사이 건너편",ST-1467,서울특별시 도봉구 도봉로170길 2,"도봉역 1,2번 출구사이 건너편",37.679119,127.044983
도봉구,1736. 버스정류장 앞,202505,519,438,버스정류장 앞,ST-1468,서울특별시 도봉구 도봉로 528,버스정류장 앞,37.652241,127.037064
중구,331. 을지로2가 사거리 북측,202505,1215,1217,을지로2가 사거리 북측,ST-147,서울특별시 중구 을지로 79,을지로2가 사거리 북측,37.566383,126.987206
도봉구,1738. 창동주공17단지 상가앞,202505,1757,1861,창동주공17단지 상가앞,ST-1470,서울특별시 도봉구 덕릉로 404,창동주공17단지 상가앞,37.646309,127.052742
노원구,1683. 노원문화예술회관,202505,2064,2067,노원문화예술회관,ST-1473,서울특별시 노원구 중계로 181,노원문화예술회관,37.650459,127.080887
노원구,1685. 불암고등학교 앞 횡단보도,202505,1612,1595,불암고등학교 앞 횡단보도,ST-1475,서울특별시 노원구 중계로 155,불암고등학교 앞 횡단보도,37.64819,127.080482
중구,332. 을지로2가 사거리 남측,202505,841,835,을지로2가 사거리 남측,ST-148,서울특별시 중구 을지로 100,을지로2가 사거리 남측,37.56599,126.987793
은평구,960. 구파발역 환승센터,202505,780,950,구파발역 환승센터,ST-1481,서울특별시 은평구 진관2로 지하 15-25,구파발역 환승센터,37.638252,126.919456
은평구,961. 불광역 9번 출구,202505,222,242,불광역 9번 출구,ST-1482,서울특별시 은평구 통일로 732,불광역 9번 출구,37.61097,126.92981
은평구,965. 서울특별시 은평병원,202505,560,192,서울특별시 은평병원,ST-1486,서울특별시 은평구 백련산로 90,서울특별시 은평병원,37.593479,126.923187
은평구,968. 은평뉴타운 상림마을 13단지,202505,132,121,은평뉴타운 상림마을 13단지,ST-1489,서울특별시 은평구 진관4로 48-50,은평뉴타운 상림마을 13단지,37.64209,126.929413
서대문구,3103. 홍제삼거리 북측,202505,857,852,홍제삼거리 북측,ST-1491,서울특별시 서대문구 통일로 지하 440-1,홍제삼거리 북측,37.5867,126.94677
서대문구,3104. e편한세상 신촌4단지 앞,202505,759,744,e편한세상 신촌4단지 앞,ST-1492,서울특별시 마포구 신촌로 지하 270,e편한세상 신촌4단지 앞,37.558128,126.956207
서대문구,3105. 홍은센트레빌 아파트 앞,202505,448,199,홍은센트레빌 아파트 앞,ST-1493,서울특별시 서대문구 통일로 553,홍은센트레빌 아파트 앞,37.597149,126.93853
마포구,432. 마포중앙도서관,202505,275,105,마포중앙도서관,ST-1494,서울특별시 마포구 성산로 128,마포중앙도서관,37.563339,126.908203
양천구,756. 목동주차장,202505,1748,1790,목동주차장,ST-1497,서울특별시 양천구 목동동로 298,목동주차장,37.52668,126.876167
양천구,757. 신정이펜하우스 1단지아파트 입구 사거리,202505,676,335,신정이펜하우스 1단지아파트 입구 사거리,ST-1498,서울특별시 양천구 신정이펜1로 99,신정이펜하우스 1단지아파트 입구 사거리,37.514278,126.828743
양천구,758. 한사랑교회 앞,202505,1452,1458,한사랑교회 앞,ST-1499,서울특별시 양천구 목동동로 33,한사랑교회 앞,37.514721,126.8592
종로구,334. 종로3가역 2번출구 뒤,202505,1263,1254,종로3가역 2번출구 뒤,ST-150,서울특별시 종로구 종로 지하129,종로3가역 2번출구 뒤,37.570599,126.991791
양천구,759. 보아스아파트 앞,202505,541,586,보아스아파트 앞,ST-1500,서울특별시 양천구 오목로3길 32,보아스아파트 앞,37.524071,126.8386
양천구,760. 잣절보도육교 아래,202505,508,494,잣절보도육교 아래,ST-1501,서울특별시 양천구 남부순환로 699,잣절보도육교 아래,37.506821,126.844299
양천구,763. 목동11단지 아파트,202505,1293,1135,목동11단지 아파트,ST-1504,서울특별시 양천구 목동동로 10,목동11단지 아파트,37.510658,126.859161
강서구,1169. 염창역 1번 출구,202505,2392,2458,염창역 1번 출구,ST-1506,서울특별시 강서구 공항대로 625,염창역 1번 출구,37.547199,126.874489
강서구,1172. 가양3동 주민센터,202505,1990,2143,가양3동 주민센터,ST-1509,서울특별시 강서구 허준로 202,가양3동 주민센터,37.561249,126.86058
강서구,1173. 강서구청사거리(SH타워),202505,3837,3684,강서구청사거리(SH타워),ST-1510,서울특별시 강서구 공항대로 411,강서구청사거리(SH타워),37.556736,126.853073
강서구,1175. 대한항공 인력개발센터,202505,1357,944,대한항공 인력개발센터,ST-1512,서울특별시 강서구 공항대로 453,대한항공 인력개발센터,37.554379,126.857536
강서구,1178. 개화산역 2번 출구,202505,1029,1023,개화산역 2번 출구,ST-1515,서울특별시 강서구 양천로 22,개화산역 2번 출구,37.572472,126.806168
강서구,1180. 마곡엠밸리 15단지(1502동) 건너편,202505,2667,2692,마곡엠밸리 15단지(1502동) 건너편,ST-1517,서울특별시 강서구 마곡중앙로 36,마곡엠밸리 15단지(1502동) 건너편,37.557468,126.82972
강서구,1182. KBS 스포츠월드,202505,3692,3700,KBS 스포츠월드,ST-1519,서울특별시 강서구 공항대로 376,KBS 스포츠월드,37.556877,126.848808
구로구,1987. 개봉아이파크아파트 앞,202505,1526,1642,개봉아이파크아파트 앞,ST-1522,서울특별시 구로구 개봉로2길 133-15,개봉아이파크아파트 앞,37.490341,126.860931
구로구,1988. 고척LIGA아파트 앞,202505,2041,2043,고척LIGA아파트 앞,ST-1523,서울특별시 구로구 중앙로 100,고척LIGA아파트 앞,37.50605,126.860786
구로구,1992. 구로구배드민턴실내체육관 앞,202505,354,462,구로구배드민턴실내체육관 앞,ST-1527,서울특별시 구로구 경인로15길 75,구로구배드민턴실내체육관 앞,37.491798,126.83242
구로구,1993. 금강수목원아파트 앞,202505,767,740,금강수목원아파트 앞,ST-1528,서울특별시 구로구 오리로 1197,금강수목원아파트 앞,37.48938,126.834198
구로구,1994. 삼성전자 물류센터 앞,202505,1675,1674,삼성전자 물류센터 앞,ST-1529,서울특별시 구로구 구일로 126,삼성전자 물류센터 앞,37.496998,126.87178
종로구,337. 창경궁 입구,202505,710,715,창경궁 입구,ST-153,서울특별시 종로구 창경궁로 185,창경궁 입구,37.578979,126.996475
구로구,1996. 구일역 1번 출입구 앞,202505,2773,2772,구일역 1번 출입구 앞,ST-1240,서울특별시 구로구 구일로 133,구일역 1번 출입구 앞,0.0,0.0
금천구,1853. 서울디자인직업전문학교 앞,202505,354,355,서울디자인직업전문학교 앞,ST-1534,서울특별시 금천구 가산로 70,서울디자인직업전문학교 앞,37.472481,126.895866
금천구,1854. 가산아네스트 오피스텔 앞,202505,705,232,가산아네스트 오피스텔 앞,ST-1535,서울특별시 금천구 남부순환로 1314,가산아네스트 오피스텔 앞,37.47818,126.897408
금천구,1855. 성지아파트 옆 도로변,202505,133,158,성지아파트 옆 도로변,ST-1536,서울특별시 금천구 시흥대로51길 55,성지아파트 옆 도로변,37.451321,126.897621
금천구,1856. 모두의학교,202505,694,663,모두의학교,ST-1537,서울특별시 금천구 남부순환로128길 42,모두의학교,37.478409,126.907372
금천구,1857. 주공14단지,202505,336,339,주공14단지,ST-1538,서울특별시 금천구 한내로 69-54,주공14단지,37.46056,126.887093
종로구,338. 세운스퀘어 앞,202505,692,698,세운스퀘어 앞,ST-154,서울특별시 종로구 창경궁로 109,세운스퀘어 앞,37.570957,126.997124
동작구,2068. 총신대 앞(육교),202505,153,80,총신대 앞(육교),ST-1544,서울특별시 동작구 동작대로 지하 3,총신대 앞(육교),37.488159,126.966476
동작구,2070. 노량진역 2번 출구 앞,202505,1567,1823,노량진역 2번 출구 앞,ST-1545,서울특별시 동작구 노량진로 155,노량진역 2번 출구 앞,37.51392,126.943069
관악구,2179. 양녕로 입구,202505,971,1003,양녕로 입구,ST-1548,서울특별시 관악구 남부순환로 1761,양녕로 입구,37.482189,126.946159
종로구,339. 종로4가 사거리,202505,1201,1161,종로4가 사거리,ST-155,서울특별시 종로구 종로 185,종로4가 사거리,37.571068,126.998192
서초구,2501. 서초 포레스타5단지,202505,604,561,서초 포레스타5단지,ST-1552,서울특별시 서초구 청계산로7길 43,서초 포레스타5단지,37.450661,127.05706
서초구,2502. 서초역1번출구 앞,202505,564,511,서초역1번출구 앞,ST-1553,서울특별시 서초구 서초대로 248,서초역1번출구 앞,37.491951,127.008553
서초구,2503. 반포1동 서초빌딩 앞,202505,1411,1486,반포1동 서초빌딩 앞,ST-1554,서울특별시 서초구 사평대로 349,반포1동 서초빌딩 앞,37.503811,127.021362
서초구,2504. 신사역 4번출구 뒤,202505,1329,1144,신사역 4번출구 뒤,ST-1555,서울특별시 서초구 강남대로 605,신사역 4번출구 뒤,37.515881,127.019302
서초구,2506. LG유플러스 (방배사옥),202505,124,75,LG유플러스 (방배사옥),ST-1557,서울특별시 서초구 효령로 58,LG유플러스 (방배사옥),37.479092,126.990677
강남구,2389. 경기여자고등학교 후문 (삼성로3길 입구),202505,1004,990,경기여자고등학교 후문 (삼성로3길 입구),ST-1559,서울특별시 강남구 개포로 지하 420,경기여자고등학교 후문 (삼성로3길 입구),37.48616,127.067238
종로구,340. 혜화동 로터리,202505,1437,1413,혜화동 로터리,ST-156,서울특별시 종로구 창경궁로 271-1,혜화동 로터리,37.585629,127.000679
강남구,2390. 구룡마을 입구 (래미안블레스티지 아파트),202505,745,709,구룡마을 입구 (래미안블레스티지 아파트),ST-1560,서울특별시 강남구 양재대로 478,구룡마을 입구 (래미안블레스티지 아파트),37.480881,127.063042
강남구,2396. 영동3교 북단(우성캐릭터 앞 보도),202505,587,561,영동3교 북단(우성캐릭터 앞 보도),ST-1566,서울특별시 강남구 언주로 118,영동3교 북단(우성캐릭터 앞 보도),37.485741,127.051048
강남구,2398. 더라움,202505,253,235,더라움,ST-1568,서울특별시 강남구 언주로 564,더라움,37.50811,127.039452
종로구,341. 혜화역 3번출구 뒤,202505,1241,1218,혜화역 3번출구 뒤,ST-157,서울특별시 종로구 대학로 지하120,혜화역 3번출구 뒤,37.58157,127.001785
강남구,2401. 밀알학교 입구 (삼성서울병원 입구),202505,389,209,밀알학교 입구 (삼성서울병원 입구),ST-1571,서울특별시 강남구 일원로 90,밀알학교 입구 (삼성서울병원 입구),37.486561,127.082672
강남구,2403. 공무원연금매점 교차로 (개포주공9단지 입구),202505,1202,1076,공무원연금매점 교차로 (개포주공9단지 입구),ST-1573,서울특별시 강남구 영동대로4길 10,공무원연금매점 교차로 (개포주공9단지 입구),37.48872,127.074539
강남구,2404. 대모산입구역 4번 출구 앞,202505,1961,2079,대모산입구역 4번 출구 앞,ST-1574,서울특별시 강남구 개포로 지하 522,대모산입구역 4번 출구 앞,37.49181,127.073158
강남구,2405. 청담공원앞 교차로,202505,921,290,청담공원앞 교차로,ST-1575,서울특별시 강남구 학동로 지하 346,청담공원앞 교차로,37.518711,127.05085
강남구,2406. 논현동 광명빌딩 앞,202505,438,338,논현동 광명빌딩 앞,ST-1576,서울특별시 강남구 도산대로 138,논현동 광명빌딩 앞,37.517571,127.023643
강남구,2408. 강남한양수자인아파트,202505,1328,1309,강남한양수자인아파트,ST-1578,서울특별시 강남구 자곡로 260,강남한양수자인아파트,37.477341,127.113274
송파구,1291. 서울체육고등학교 앞,202505,2656,2733,서울체육고등학교 앞,ST-1580,서울특별시 송파구 강동대로 232,서울체육고등학교 앞,37.521938,127.131866
송파구,1295. 잠실역 8번출구,202505,4762,4737,잠실역 8번출구,ST-1584,서울특별시 송파구 올림픽로 305,잠실역 8번출구,37.513962,127.100304
송파구,1296. 석촌호수교차로 (송파나루근린공원 앞),202505,899,855,석촌호수교차로 (송파나루근린공원 앞),ST-1585,서울특별시 송파구 석촌호수로12길 1-16,석촌호수교차로 (송파나루근린공원 앞),37.508678,127.103432
송파구,1297. 석촌호수교차로(동호 팔각정 앞),202505,4120,4087,석촌호수교차로(동호 팔각정 앞),ST-1586,서울특별시 송파구 석촌호수로12길 1-16,석촌호수교차로(동호 팔각정 앞),37.509201,127.104118
송파구,1299. 송파소방서 (방이119안전센터),202505,761,689,송파소방서 (방이119안전센터),ST-1588,서울특별시 송파구 강동대로 286,송파소방서 (방이119안전센터),37.519878,127.136711
송파구,1300. 오륜사거리,202505,922,929,오륜사거리,ST-1589,서울특별시 송파구 성내천로16길 17,오륜사거리,37.506939,127.139221
광진구,3528. 광진정보도서관,202505,1354,1722,광진정보도서관,ST-1602,서울특별시 광진구 아차산로78길 90,광진정보도서관,37.550598,127.110512
광진구,3529. 어린이대공원정문,202505,1134,942,어린이대공원정문,ST-1603,서울특별시 광진구 능동로 216,어린이대공원정문,37.549789,127.075928
종로구,452. 동대문 종합시장 버스정류장,202505,940,940,동대문 종합시장 버스정류장,ST-1605,서울특별시 종로구 종로 239,동대문 종합시장 버스정류장,37.571239,127.00441
종로구,454. 종로2가 버스정류장 (종각방향),202505,1095,1089,종로2가 버스정류장 (종각방향),ST-1607,서울특별시 종로구 종로 79-1,종로2가 버스정류장 (종각방향),37.570358,126.986382
종로구,345. 서울보증보험본사 앞,202505,1247,1304,서울보증보험본사 앞,ST-161,서울특별시 종로구 김상옥로 29,서울보증보험본사 앞,37.573307,127.00071
성동구,3530. 왕십리자이아파트 후문(삼거리),202505,403,296,왕십리자이아파트 후문(삼거리),ST-1616,서울특별시 성동구 무학봉길 35,왕십리자이아파트 후문(삼거리),37.560146,127.02636
성동구,3531. 논골사거리(금호도서관 입구),202505,251,41,논골사거리(금호도서관 입구),ST-1617,서울특별시 성동구 난계로 20,논골사거리(금호도서관 입구),37.554779,127.024841
성동구,3532. 왕십리KCC스위첸아파트,202505,195,136,왕십리KCC스위첸아파트,ST-1618,서울특별시 성동구 무학봉길 35,왕십리KCC스위첸아파트,37.56068,127.026779
종로구,461. 서울지방경찰청,202505,1000,963,서울지방경찰청,ST-1619,서울특별시 종로구 사직로8길 31,서울지방경찰청,37.574364,126.972366
동대문구,656. 영휘원 교차로,202505,995,1115,영휘원 교차로,ST-1628,서울특별시 동대문구 홍릉로 78-1,영휘원 교차로,37.587238,127.043137
중구,347. 동대문역사문화공원역 9번출구 앞,202505,754,689,동대문역사문화공원역 9번출구 앞,ST-163,서울특별시 중구 장충단로 지하230,동대문역사문화공원역 9번출구 앞,37.565331,127.007843
동대문구,660. 동의보감타워,202505,2261,2357,동의보감타워,ST-1632,서울특별시 동대문구 왕산로 128,동의보감타워,37.577999,127.037628
성북구,1370. 복자사랑 피정의 집,202505,123,122,복자사랑 피정의 집,ST-1634,서울특별시 성북구 성북로 132-4,복자사랑 피정의 집,37.59454,126.995209
성북구,1372. KEB은행 고대점,202505,1015,821,KEB은행 고대점,ST-1636,서울특별시 성북구 인촌로 113,KEB은행 고대점,37.586445,127.031601
도봉구,1741. 제일강산수산입구,202505,1524,1297,제일강산수산입구,ST-1638,서울특별시 도봉구 도봉로 444,제일강산수산입구,37.645199,127.032982
노원구,1688. 마들역 7번출구,202505,2619,2684,마들역 7번출구,ST-1639,서울특별시 노원구 동일로 지하 1530-1,마들역 7번출구,37.665661,127.057297
노원구,1689. 마들역 3번출구,202505,1758,1805,마들역 3번출구,ST-1640,서울특별시 노원구 동일로 지하 1530-1,마들역 3번출구,37.665249,127.057892
강서구,1184. 마곡13단지,202505,3701,3725,마곡13단지,ST-1645,서울특별시 강서구 방화대로7길 6,마곡13단지,37.55645,126.815979
강서구,1185. 등촌9단지,202505,1894,1759,등촌9단지,ST-1646,서울특별시 강서구 화곡로63가길 92,등촌9단지,37.562901,126.849472
강서구,1186. 송정중학교,202505,1191,1231,송정중학교,ST-1647,서울특별시 강서구 방화대로5길 7,송정중학교,37.554729,126.816093
영등포구,283. 아크로타워 스퀘어(영등포시장),202505,3111,2920,아크로타워 스퀘어(영등포시장),ST-1649,서울특별시 영등포구 양산로 213,아크로타워 스퀘어(영등포시장),37.522518,126.907219
영등포구,284. 센트럴 푸르지오 시티 앞,202505,2644,2347,센트럴 푸르지오 시티 앞,ST-1650,서울특별시 영등포구 문래로 180,센트럴 푸르지오 시티 앞,37.518211,126.902229
영등포구,286. 우성아파트 교차로,202505,1108,1159,우성아파트 교차로,ST-1652,서울특별시 영등포구 대림로 153,우성아파트 교차로,37.494572,126.89975
영등포구,287. 영등포전화국사거리 (서강어린이공원),202505,2624,2617,영등포전화국사거리 (서강어린이공원),ST-1653,서울특별시 영등포구 영중로 107,영등포전화국사거리 (서강어린이공원),37.525768,126.905739
광진구,3536. 중앙농협(자양동),202505,2918,2967,중앙농협(자양동),ST-1663,서울특별시 광진구 뚝섬로 639,중앙농협(자양동),37.531811,127.080742
광진구,3537. 아차산 휴먼시아 아파트 옆,202505,592,245,아차산 휴먼시아 아파트 옆,ST-1664,서울특별시 광진구 천호대로 716,아차산 휴먼시아 아파트 옆,37.548489,127.093758
강북구,1546. 송천동우체국,202505,407,572,송천동우체국,ST-1665,서울특별시 강북구 도봉로 71,송천동우체국,37.615459,127.029701
동작구,2069. 숭실대 입구역3번 출구 앞,202505,567,441,숭실대 입구역3번 출구 앞,ST-1667,서울특별시 동작구 상도로 지하 378,숭실대 입구역3번 출구 앞,37.496601,126.953682
중구,435. SK 남산빌딩,202505,310,302,SK 남산빌딩,ST-1670,서울특별시 중구 퇴계로 33,SK 남산빌딩,37.556862,126.975616
노원구,1692. 온곡초교 교차로,202505,2315,1568,온곡초교 교차로,ST-1672,서울특별시 노원구 한글비석로 471,온곡초교 교차로,37.664188,127.06601
마포구,436. 이대역 5번출구,202505,654,260,이대역 5번출구,ST-1675,서울특별시 마포구 신촌로 지하 180,이대역 5번출구,37.556591,126.94619
강서구,1187. 강서수산물도매시장,202505,1090,1130,강서수산물도매시장,ST-1676,서울특별시 강서구 발산로 24,강서수산물도매시장,37.55302,126.818367
강남구,2409. 역삼동 디오슈페리움 (우성아파트 사거리),202505,980,984,역삼동 디오슈페리움 (우성아파트 사거리),ST-1679,서울특별시 강남구 강남대로 324,역삼동 디오슈페리움 (우성아파트 사거리),37.492062,127.030746
종로구,352. 중앙고입구 삼거리,202505,216,137,중앙고입구 삼거리,ST-168,서울특별시 종로구 창덕궁길 191,중앙고입구 삼거리,37.583416,126.985237
강남구,2410. 포스코피앤에스타워 (역삼역 3번출구 부근),202505,984,740,포스코피앤에스타워 (역삼역 3번출구 부근),ST-1680,서울특별시 강남구 테헤란로 134,포스코피앤에스타워 (역삼역 3번출구 부근),37.499599,127.033752
송파구,2609. 보성중고등학교 후문 앞,202505,326,327,보성중고등학교 후문 앞,ST-1682,서울특별시 송파구 양재대로 1278,보성중고등학교 후문 앞,37.520489,127.135201
강서구,1193. 마곡센트럴타워 1차,202505,2867,3085,마곡센트럴타워 1차,ST-1688,서울특별시 강서구 공항대로 227,마곡센트럴타워 1차,37.559471,126.832077
종로구,353. 재동초교 앞 삼거리,202505,893,869,재동초교 앞 삼거리,ST-169,서울특별시 종로구 재동 19,재동초교 앞 삼거리,37.579388,126.984947
마포구,438. 성산2-1 공영주차장,202505,1598,1471,성산2-1 공영주차장,ST-1692,서울특별시 마포구 모래내로 31,성산2-1 공영주차장,37.56472,126.906769
강서구,1199. 우장산역 3번출구,202505,1648,1260,우장산역 3번출구,ST-1694,서울특별시 강서구 강서로 247,우장산역 3번출구,37.547821,126.836128
강서구,1200. 개화광역환승센터,202505,389,386,개화광역환승센터,ST-1695,서울특별시 강서구 개화동로8길 38,개화광역환승센터,37.578449,126.798973
영등포구,289. 대림3동사거리,202505,1387,1452,대림3동사거리,ST-1697,서울특별시 영등포구 가마산로 352,대림3동사거리,37.499809,126.898003
종로구,354. 포르투갈 대사관 앞,202505,1008,803,포르투갈 대사관 앞,ST-170,서울특별시 종로구 창덕궁1길 3,포르투갈 대사관 앞,37.579155,126.98896
영등포구,292. 영일 어린이공원,202505,1400,1341,영일 어린이공원,ST-1700,서울특별시 영등포구 도신로29길 28,영일 어린이공원,37.51012,126.904068
영등포구,293. 충북 미래관,202505,3657,3322,충북 미래관,ST-1701,서울특별시 영등포구 버드나루로 125,충북 미래관,37.529171,126.907578
강남구,2411. 세곡동 성당,202505,1014,1071,세곡동 성당,ST-1703,서울특별시 강남구 밤고개로21길 50,세곡동 성당,37.472969,127.112228
송파구,2614. 가락고등학교 앞,202505,599,523,가락고등학교 앞,ST-1706,서울특별시 송파구 송이로 42,가락고등학교 앞,37.501862,127.117233
송파구,2615. 테라타워2,202505,3058,3071,테라타워2,ST-1707,서울특별시 송파구 송파대로 201,테라타워2,37.48835,127.120781
강서구,1188. 롯데중앙연구소,202505,440,449,롯데중앙연구소,ST-1708,서울특별시 강서구 마곡중앙로 201,롯데중앙연구소,37.571381,126.828339
강서구,1190. 마곡역 교차로(2번출구),202505,3531,3517,마곡역 교차로(2번출구),ST-1709,서울특별시 강서구 공항대로 지하 163,마곡역 교차로(2번출구),37.560501,126.826653
강서구,1196. 서울식물원(문화센터) 건너편,202505,571,498,서울식물원(문화센터) 건너편,ST-1713,서울특별시 강서구 마곡동로 161,서울식물원(문화센터) 건너편,37.568241,126.835831
강서구,1198. LG 사이언스파크,202505,2323,2332,LG 사이언스파크,ST-1715,서울특별시 강서구 마곡중앙10로 10,LG 사이언스파크,37.56255,126.827438
송파구,2617. 가락삼환아파트 앞,202505,579,542,가락삼환아파트 앞,ST-1717,서울특별시 송파구 오금로 지하 402,가락삼환아파트 앞,37.496181,127.138031
송파구,2621. 한성백제역 2번 출구,202505,3936,3938,한성백제역 2번 출구,ST-1719,서울특별시 송파구 위례성대로 51,한성백제역 2번 출구,37.516659,127.116257
종로구,356. KT혜화지사 앞,202505,1492,1485,KT혜화지사 앞,ST-172,서울특별시 종로구 대학로 65,KT혜화지사 앞,37.577145,127.00206
송파구,2622. 올림픽공원역 3번출구,202505,8361,8335,올림픽공원역 3번출구,ST-1720,서울특별시 송파구 양재대로 지하 1233,올림픽공원역 3번출구,37.516258,127.130592
성북구,1375. 생명의 전화 종합복지관 앞 교차로,202505,1169,1232,생명의 전화 종합복지관 앞 교차로,ST-1723,서울특별시 성북구 오패산로 21,생명의 전화 종합복지관 앞 교차로,37.603909,127.037376
강북구,1548. 북서울 꿈의숲 서문,202505,819,529,북서울 꿈의숲 서문,ST-1725,서울특별시 강북구 월계로 173,북서울 꿈의숲 서문,37.622688,127.037811
도봉구,1742. 북한산 코오롱 하늘채,202505,1903,1936,북한산 코오롱 하늘채,ST-1726,서울특별시 도봉구 우이천로 367,북한산 코오롱 하늘채,37.648891,127.023018
송파구,2618. 삼전역 1번출구,202505,2220,2323,삼전역 1번출구,ST-1728,서울특별시 송파구 백제고분로 187,삼전역 1번출구,37.504711,127.087563
송파구,2619. 석촌고분역 4번출구,202505,2244,2343,석촌고분역 4번출구,ST-1729,서울특별시 송파구 백제고분로 272,석촌고분역 4번출구,37.502338,127.096443
송파구,2620. 송파나루역 4번 출구옆,202505,5664,6196,송파나루역 4번 출구옆,ST-1730,서울특별시 송파구 오금로 162,송파나루역 4번 출구옆,37.509979,127.112312
양천구,765. 오목교역 3번출구,202505,5698,6197,오목교역 3번출구,ST-1731,서울특별시 양천구 목동동로 270,오목교역 3번출구,37.524776,126.875481
구로구,2000. 신도림4차 e편한세상 아파트 1109동 앞,202505,1923,1658,신도림4차 e편한세상 아파트 1109동 앞,ST-1733,서울특별시 구로구 경인로65길 16-15,신도림4차 e편한세상 아파트 1109동 앞,37.512329,126.886833
금천구,1859. 대륭테크노타운 18차,202505,610,627,대륭테크노타운 18차,ST-1734,서울특별시 금천구 가산디지털1로 19,대륭테크노타운 18차,37.467999,126.886841
서초구,2510. JW타워,202505,390,262,JW타워,ST-1735,서울특별시 서초구 남부순환로 2477,JW타워,37.48304,127.021461
종로구,359. 원남동사거리,202505,1221,1267,원남동사거리,ST-174,서울특별시 종로구 율곡로 169,원남동사거리,37.576061,126.997681
동작구,2071. 대림아파트 후문 상가 옆,202505,486,130,대림아파트 후문 상가 옆,ST-1742,서울특별시 동작구 사당로23길 137,대림아파트 후문 상가 옆,37.488869,126.971909
종로구,361. 동묘앞역 1번출구 뒤,202505,3412,3570,동묘앞역 1번출구 뒤,ST-175,서울특별시 종로구 숭인동 81-39,동묘앞역 1번출구 뒤,37.573242,127.015907
종로구,464. 삼청동 골목,202505,931,905,삼청동 골목,ST-1756,서울특별시 종로구 팔판길 46,삼청동 골목,37.58419,126.981697
중구,443.호암아트홀,202505,233,229,호암아트홀,ST-1769,서울특별시 중구 세종대로7길 57-1 구두수선대207,호암아트홀,37.562111,126.970718
종로구,364. 창신역 1번출구 앞,202505,445,391,창신역 1번출구 앞,ST-178,서울특별시 종로구 지봉로 87,창신역 1번출구 앞,37.579334,127.015083
종로구,368. SK 서린빌딩 앞,202505,2036,2162,SK 서린빌딩 앞,ST-181,서울특별시 종로구 서린동 93-2,SK 서린빌딩 앞,37.569248,126.980537
중구,370. 시청역(2호선) 9번출구 뒤,202505,2135,1888,시청역(2호선) 9번출구 뒤,ST-185,서울특별시 중구 서소문로 지하127,시청역(2호선) 9번출구 뒤,37.563229,126.974838
중구,371. 동대입구역 6번출구 뒤,202505,613,620,동대입구역 6번출구 뒤,ST-186,서울특별시 중구 동호로 지하256,동대입구역 6번출구 뒤,37.558872,127.005539
중구,379. 서울역9번출구,202505,1008,1031,서울역9번출구,ST-194,서울특별시 중구 세종대로 지하2,서울역9번출구,37.556,126.973358
중구,380. CJ제일제당 앞,202505,1216,1360,CJ제일제당 앞,ST-195,서울특별시 중구 동호로 330,CJ제일제당 앞,37.563866,127.002747
구로구,2817.천왕이펜하우스5단지 앞,202505,297,171,천왕이펜하우스5단지 앞,ST-1243,서울특별시 구로구 천왕로 10,천왕이펜하우스5단지 앞,37.479431,126.842697
중구,381. 장충체육관,202505,120,88,장충체육관,ST-196,서울특별시 중구 장충동2가 200-99,장충체육관,37.558533,127.006989
중구,382. 약수역 10번출구 앞,202505,473,477,약수역 10번출구 앞,ST-197,서울특별시 중구 신당동 357-1,약수역 10번출구 앞,37.555199,127.010048
마포구,142. 아현역 4번출구 앞,202505,810,800,아현역 4번출구 앞,ST-200,서울특별시 마포구 아현동 329-15,아현역 4번출구 앞,37.557201,126.955666
마포구,145. 공덕역 5번출구,202505,1751,2012,공덕역 5번출구,ST-203,서울특별시 마포구 공덕동 237-9,공덕역 5번출구,37.54425,126.951637
마포구,147. 마포역 4번출구 뒤,202505,3883,4350,마포역 4번출구 뒤,ST-205,서울특별시 마포구 도화동 292-29,마포역 4번출구 뒤,37.539272,126.945915
마포구,148. 용강동 주민센터 앞,202505,1469,1475,용강동 주민센터 앞,ST-206,서울특별시 마포구 용강동 234-1,용강동 주민센터 앞,37.542347,126.943024
마포구,150. 서강대역 2번출구 앞,202505,1356,1346,서강대역 2번출구 앞,ST-207,서울특별시 마포구 노고산동 112-13,서강대역 2번출구 앞,37.552956,126.934341
마포구,153. 성산2교 사거리,202505,2422,2369,성산2교 사거리,ST-210,서울특별시 마포구 성산동 54-17,성산2교 사거리,37.564697,126.912613
마포구,154. 마포구청역 ,202505,2987,3404,마포구청역,ST-211,서울특별시 마포구 망원동 477-23,마포구청역,37.560909,126.905495
마포구,157. 애오개역 4번출구 앞,202505,1714,1767,애오개역 4번출구 앞,ST-214,서울특별시 마포구 아현동 607-1,애오개역 4번출구 앞,37.553001,126.956688
서대문구,159. 이대역 4번 출구,202505,368,255,이대역 4번 출구,ST-216,서울특별시 서대문구 대현동 60-11,이대역 4번 출구,37.556953,126.946342
서대문구,161. 무악재역1번 출구,202505,226,227,무악재역1번 출구,ST-218,서울특별시 서대문구 통일로 380-4,무악재역1번 출구,37.582245,126.950645
서대문구,163. 명지전문대학교 정문 앞,202505,598,602,명지전문대학교 정문 앞,ST-220,서울특별시 서대문구 홍은동 산25-3,명지전문대학교 정문 앞,37.583698,126.924965
서대문구,164. 북가좌1동 주민센터 ,202505,549,466,북가좌1동 주민센터,ST-221,서울특별시 서대문구 북가좌동 477-1,북가좌1동 주민센터,37.574478,126.910049
서대문구,167. 연가초등학교 옆,202505,545,133,연가초등학교 옆,ST-224,서울특별시 서대문구 북가좌동 70-119,연가초등학교 옆,37.57946,126.91713
서대문구,169. 북가좌 삼거리,202505,633,560,북가좌 삼거리,ST-226,서울특별시 서대문구 북가좌동 400,북가좌 삼거리,37.573002,126.907799
서대문구,171. 임광빌딩 앞,202505,534,531,임광빌딩 앞,ST-228,서울특별시 서대문구 미근동 317-1,임광빌딩 앞,37.564724,126.967278
서대문구,173. 서대문역 8번출구 앞,202505,295,296,서대문역 8번출구 앞,ST-230,서울특별시 서대문구 충정로2가 138,서대문역 8번출구 앞,37.564777,126.966148
성동구,518. 청계천 박물관 앞,202505,897,911,청계천 박물관 앞,ST-234,서울특별시 성동구 마장동 610,청계천 박물관 앞,37.571526,127.035355
성동구,519. 양지사거리,202505,1084,874,양지사거리,ST-235,서울특별시 성동구 홍익동 590,양지사거리,37.566994,127.029915
성동구,520. 상왕십리역 4번 출구 앞,202505,962,866,상왕십리역 4번 출구 앞,ST-236,서울특별시 성동구 하왕십리동 960-3,상왕십리역 4번 출구 앞,37.563858,127.030319
성동구,521. 왕십리역 11번 출구 앞,202505,1672,1622,왕십리역 11번 출구 앞,ST-237,서울특별시 성동구 행당동 188-9,왕십리역 11번 출구 앞,37.561447,127.03492
관악구,2189. 봉천역 4번출구,202505,1281,1333,봉천역 4번출구,ST-1258,서울특별시 관악구 남부순환로 1719,봉천역 4번출구,0.0,0.0
성동구,522. 금호역 1번출구 앞,202505,329,332,금호역 1번출구 앞,ST-238,서울특별시 성동구 금호동3가 1575-3,금호역 1번출구 앞,37.548641,127.016426
성동구,523. 옥수동성당 옆,202505,111,37,옥수동성당 옆,ST-239,서울특별시 성동구 옥수동 산5-148,옥수동성당 옆,37.543663,127.014061
성동구,524. 래미안금호하이리버 아파트 102동 옆,202505,374,353,래미안금호하이리버 아파트 102동 옆,ST-240,서울특별시 성동구 금호동2가 1220-1,래미안금호하이리버 아파트 102동 옆,37.5522,127.025055
성동구,525. 한양대병원사거리,202505,1612,1339,한양대병원사거리,ST-241,서울특별시 성동구 행당동 20-2,한양대병원사거리,37.558052,127.040352
성동구,526. 용답토속공원 앞,202505,775,793,용답토속공원 앞,ST-242,서울특별시 성동구 용답동 224-1,용답토속공원 앞,37.563511,127.056725
성동구,534. 금호사거리,202505,353,354,금호사거리,ST-246,서울특별시 성동구 금호동2가 1205-1,금호사거리,37.548634,127.025726
성동구,535. 응봉삼거리,202505,661,385,응봉삼거리,ST-247,서울특별시 성동구 응봉동 134-26,응봉삼거리,37.553986,127.033592
성동구,536. 행당역 2번출구 앞,202505,770,812,행당역 2번출구 앞,ST-248,서울특별시 성동구 행당동 347-11,행당역 2번출구 앞,37.55735,127.029213
성동구,550. 서울시설공단 앞,202505,1482,1482,서울시설공단 앞,ST-251,서울특별시 성동구 마장동 610,서울시설공단 앞,37.57164,127.03566
광진구,539. 군자교교차로,202505,2327,2376,군자교교차로,ST-252,서울특별시 광진구 중곡동 263-1,군자교교차로,37.559795,127.074203
광진구,540. 군자역 7번출구 베스트샵 앞,202505,2612,2585,군자역 7번출구 베스트샵 앞,ST-253,서울특별시 광진구 군자동 499,군자역 7번출구 베스트샵 앞,37.55603,127.078644
광진구,544. 광남중학교,202505,1317,1410,광남중학교,ST-256,서울특별시 광진구 광장동 561-15,광남중학교,37.54073,127.102905
광진구,546. 잠실대교북단 교차로,202505,2433,2407,잠실대교북단 교차로,ST-257,서울특별시 광진구 자양동 722,잠실대교북단 교차로,37.532478,127.085091
광진구,548. 자양나들목,202505,2866,2917,자양나들목,ST-258,서울특별시 광진구 자양동 738,자양나들목,37.52977,127.07486
광진구,549. 아차산역 3번출구,202505,2625,2458,아차산역 3번출구,ST-259,서울특별시 광진구 구의동 96,아차산역 3번출구,37.551224,127.089706
동대문구,600. 휘경2동 주민센터,202505,327,328,휘경2동 주민센터,ST-260,서울특별시 동대문구 한천로 329,휘경2동 주민센터,37.589912,127.06868
동대문구,602. 장안동 사거리,202505,3598,4190,장안동 사거리,ST-262,서울특별시 동대문구 장한로 25길 2,장안동 사거리,37.572174,127.071388
동대문구,607. 신이문역 2번출구,202505,836,814,신이문역 2번출구,ST-267,서울특별시 동대문구 이문동186-1,신이문역 2번출구,37.602711,127.067863
동대문구,608. 전농삼성아파트,202505,364,336,전농삼성아파트,ST-268,서울특별시 동대문구 전농로 192,전농삼성아파트,37.58131,127.055344
동대문구,610. 동대문중 교차로,202505,1306,1199,동대문중 교차로,ST-270,서울특별시 동대문구 답십리동 524-1,동대문중 교차로,37.573086,127.052162
동대문구,612. 시립동부병원 앞 사거리,202505,2691,2772,시립동부병원 앞 사거리,ST-271,서울특별시 동대문구 용두동 237-10,시립동부병원 앞 사거리,37.573666,127.030815
동대문구,613. 신설동역 10번출구 앞,202505,1919,1966,신설동역 10번출구 앞,ST-272,서울특별시 동대문구 신설동 92-34,신설동역 10번출구 앞,37.575272,127.023468
동대문구,614. 용두동 사거리,202505,2465,2494,용두동 사거리,ST-273,서울특별시 동대문구 용두동 237-10,용두동 사거리,37.577686,127.031013
동대문구,617. 청솔우성아파트 앞,202505,1012,1091,청솔우성아파트 앞,ST-276,서울특별시 동대문구 답십리동 94-2,청솔우성아파트 앞,37.574203,127.057693
영등포구,228. 선유도역 3번출구 앞,202505,4416,4574,선유도역 3번출구 앞,ST-278,서울특별시 영등포구 양평동4가 202-1,선유도역 3번출구 앞,37.53846,126.894508
영등포구,229. 양평1 보행육교 앞,202505,2696,2751,양평1 보행육교 앞,ST-279,서울특별시 영등포구 양평동4가 20-4,양평1 보행육교 앞,37.535873,126.892181
영등포구,231. 남부고용노동지청 남측,202505,2523,2509,남부고용노동지청 남측,ST-280,서울특별시 영등포구 양평동1가 115-2,남부고용노동지청 남측,37.524506,126.891823
영등포구,232. 양평우림 이비즈센타 앞,202505,3106,2986,양평우림 이비즈센타 앞,ST-281,서울특별시 영등포구 양평동3가 14-1,양평우림 이비즈센타 앞,37.52565,126.887817
영등포구,235. 신길동 우리은행 옆,202505,660,616,신길동 우리은행 옆,ST-284,서울특별시 영등포구 신길동 250-4,신길동 우리은행 옆,37.504566,126.910233
영등포구,236. 문래동자이아파트 앞,202505,3382,3471,문래동자이아파트 앞,ST-285,서울특별시 영등포구 문래동3가 68-1,문래동자이아파트 앞,37.516155,126.894615
영등포구,238. 제2구민체육센타 앞,202505,2786,2765,제2구민체육센타 앞,ST-287,서울특별시 영등포구 당산동4가 96-2,제2구민체육센타 앞,37.526386,126.902756
관악구,3813. 낙성대역 5번출구,202505,449,428,낙성대역 5번출구,ST-1261,서울특별시 관악구 남부순환로 1917,낙성대역 5번출구,0.0,0.0
영등포구,239. 유스호스텔 앞,202505,1498,1438,유스호스텔 앞,ST-288,서울특별시 영등포구 영등포동7가 58-2,유스호스텔 앞,37.525852,126.903282
영등포구,240. 문래역 4번출구 앞,202505,4169,4002,문래역 4번출구 앞,ST-289,서울특별시 영등포구 문래동3가 55-12,문래역 4번출구 앞,37.518738,126.895576
영등포구,242. 신길선원가와인아파트 앞,202505,1219,602,신길선원가와인아파트 앞,ST-291,서울특별시 영등포구 신길동 215-28,신길선원가와인아파트 앞,37.510933,126.910225
영등포구,243. 이앤씨드림타워 앞,202505,3766,3822,이앤씨드림타워 앞,ST-292,서울특별시 영등포구 양평동3가 48-1,이앤씨드림타워 앞,37.527084,126.89138
영등포구,244. 영등포삼환아파트 앞,202505,2125,1918,영등포삼환아파트 앞,ST-293,서울특별시 영등포구 영등포동8가 82-4,영등포삼환아파트 앞,37.530079,126.905708
영등포구,245. 삼성생명 당산사옥 앞,202505,3273,3251,삼성생명 당산사옥 앞,ST-294,서울특별시 영등포구 당산동4가 35-24,삼성생명 당산사옥 앞,37.528263,126.896629
영등포구,248. 초원아파트 앞,202505,1486,1516,초원아파트 앞,ST-296,서울특별시 영등포구 여의도동8-13,초원아파트 앞,37.531055,126.92421
영등포구,251. 서울지방병무청 버스정류장,202505,839,735,서울지방병무청 버스정류장,ST-299,서울특별시 영등포구 신길동853,서울지방병무청 버스정류장,37.504494,126.921951
영등포구,254. 도림신협 앞,202505,1730,1840,도림신협 앞,ST-302,서울특별시 영등포구 신길동263-76,도림신협 앞,37.503803,126.903419
영등포구,256. 동아에코빌입구,202505,1216,1191,동아에코빌입구,ST-304,서울특별시 영등포구 도림동 159-70,동아에코빌입구,37.509476,126.8993
영등포구,258. 신길역3번출구,202505,1873,1908,신길역3번출구,ST-306,서울특별시 영등포구 영등포동1가35,신길역3번출구,37.517693,126.914299
영등포구,259. 대방역6번출구,202505,3256,3334,대방역6번출구,ST-307,서울특별시 영등포구 신길동1368,대방역6번출구,37.513592,126.925934
양천구,700. KB국민은행 염창역 지점 앞,202505,1574,1416,KB국민은행 염창역 지점 앞,ST-308,서울특별시 양천구 목동 559,KB국민은행 염창역 지점 앞,37.546848,126.872772
양천구,701. 목동사거리 부근,202505,2026,2017,목동사거리 부근,ST-309,서울특별시 양천구 목동 813,목동사거리 부근,37.532803,126.86393
양천구,702. 목4동주민센터 옆,202505,2500,2453,목4동주민센터 옆,ST-310,서울특별시 양천구 목동 904-3,목4동주민센터 옆,37.532543,126.868729
양천구,704. 남부법원검찰청 교차로,202505,2748,2715,남부법원검찰청 교차로,ST-312,서울특별시 양천구 신정동 1095,남부법원검찰청 교차로,37.523254,126.864906
양천구,706. 신정네거리역,202505,1346,1232,신정네거리역,ST-313,서울특별시 양천구 신월동 894,신정네거리역,37.521881,126.851753
양천구,708. 서울출입국관리사무소 앞,202505,4447,4538,서울출입국관리사무소 앞,ST-315,서울특별시 양천구 신정동 319-3,서울출입국관리사무소 앞,37.51897,126.869965
양천구,709. 신정3동 현장민원실 앞,202505,855,755,신정3동 현장민원실 앞,ST-316,서울특별시 양천구 신정동 760-2,신정3동 현장민원실 앞,37.511585,126.84156
양천구,711. 신일해피트리아파트 앞,202505,1361,384,신일해피트리아파트 앞,ST-318,서울특별시 양천구 신월동 1063-4,신일해피트리아파트 앞,37.517059,126.848488
양천구,712. 강월초교입구 사거리,202505,767,1186,강월초교입구 사거리,ST-319,서울특별시 양천구 신월동 905,강월초교입구 사거리,37.516998,126.838318
양천구,713. 양서중학교 옆,202505,824,786,양서중학교 옆,ST-320,서울특별시 양천구 신월동 790,양서중학교 옆,37.533047,126.829956
양천구,714. 한국SGI 양천문화회관 앞,202505,844,718,한국SGI 양천문화회관 앞,ST-321,서울특별시 양천구 신월동 790,한국SGI 양천문화회관 앞,37.532547,126.830803
용산구,800. 목월공원 앞,202505,1408,1386,목월공원 앞,ST-322,서울특별시 용산구 원효로4가 109-10,목월공원 앞,37.532433,126.954742
용산구,802. 한강진역 2번 출구 앞,202505,395,209,한강진역 2번 출구 앞,ST-324,서울특별시 용산구 한남동 726-494,한강진역 2번 출구 앞,37.541153,127.002213
용산구,805. 문배어린이공원 앞,202505,1109,1143,문배어린이공원 앞,ST-326,서울특별시 용산구 문배동 34-10,문배어린이공원 앞,37.536758,126.970001
용산구,806. 전자랜드 본관 앞,202505,997,958,전자랜드 본관 앞,ST-327,서울특별시 용산구 한강로3가 16-8,전자랜드 본관 앞,37.533066,126.960732
용산구,807. 서울역 12번 출구 앞,202505,1095,1111,서울역 12번 출구 앞,ST-328,서울특별시 용산구 동자동 14-229,서울역 12번 출구 앞,37.552277,126.972687
용산구,808. 서빙고동 금호맨션 앞,202505,483,495,서빙고동 금호맨션 앞,ST-329,서울특별시 용산구 서빙고동 235-5,서빙고동 금호맨션 앞,37.520504,126.989738
용산구,809. 한남 유수지 복개주차장,202505,845,841,한남 유수지 복개주차장,ST-330,서울특별시 용산구 독서당로 18,한남 유수지 복개주차장,37.530167,127.007439
용산구,810. 이태원지하보도,202505,734,729,이태원지하보도,ST-331,서울특별시 용산구 용산동2가 5-1812,이태원지하보도,37.53841,126.986649
영등포구,5878. 우리은행 앞,202505,2711,2794,우리은행 앞,ST-1464,서울특별시 도봉구 도봉로 707,우리은행 앞,37.667599,127.042999
용산구,811. 녹사평역1번출구,202505,859,265,녹사평역1번출구,ST-332,서울특별시 용산구 용산동2가 6-7,녹사평역1번출구,37.53508,126.985382
용산구,813. 삼각지역 3번출구,202505,954,1019,삼각지역 3번출구,ST-334,서울특별시 용산구 한강로1가 228-1,삼각지역 3번출구,37.533512,126.972275
용산구,815. LIG강촌아파트 103동앞,202505,1427,1514,LIG강촌아파트 103동앞,ST-335,서울특별시 용산구 이촌동301-5,LIG강촌아파트 103동앞,37.518509,126.978798
종로구,385. 종각역 5번출구,202505,1587,1614,종각역 5번출구,ST-336,서울특별시 종로구 서린동 26-1,종각역 5번출구,37.569836,126.982658
중구,387. 훈련원공원주차장 앞,202505,1010,899,훈련원공원주차장 앞,ST-338,서울특별시 중구 을지로 227,훈련원공원주차장 앞,37.566994,127.003464
마포구,181. 망원초록길 입구,202505,1491,1457,망원초록길 입구,ST-339,서울특별시 마포구 마포나루길 467,망원초록길 입구,37.551342,126.902672
마포구,185. 마포 신수공원 앞,202505,1204,1073,마포 신수공원 앞,ST-343,서울특별시 마포구 현석동 106-32,마포 신수공원 앞,37.542545,126.934296
마포구,186. 월드컵공원,202505,4531,4634,월드컵공원,ST-344,서울특별시 마포구 하늘공원로 108-1,월드컵공원,37.563965,126.898209
서대문구,188. 홍은동 정원여중 입구,202505,868,873,홍은동 정원여중 입구,ST-346,서울특별시 서대문구 연희로37안길 51,홍은동 정원여중 입구,37.586388,126.935127
서대문구,192. 연서어린이공원,202505,470,468,연서어린이공원,ST-348,서울특별시 서대문구 연희동 519-7,연서어린이공원,37.572227,126.923065
서대문구,178. 증산3교 앞,202505,1478,1485,증산3교 앞,ST-349,서울특별시 서대문구 북가좌동 352-9,증산3교 앞,37.579876,126.906349
서대문구,194. 증산교 앞,202505,2255,2360,증산교 앞,ST-350,서울특별시 서대문구 불광천길 36,증산교 앞,37.577316,126.902969
서대문구,195. 모래내고가차도 ,202505,830,783,모래내고가차도,ST-351,서울특별시 서대문구 연희동 446-76,모래내고가차도,37.567657,126.917809
서대문구,196. 연희교차로 인근,202505,515,482,연희교차로 인근,ST-352,서울특별시 서대문구 홍제천로 48,연희교차로 인근,37.56612,126.925896
성동구,556. 달맞이공원,202505,213,211,달맞이공원,ST-357,서울특별시 성동구 금호동4가 367-1,달맞이공원,37.542053,127.020401
성동구,557. 도선동 주민센터 앞,202505,1565,1625,도선동 주민센터 앞,ST-358,서울특별시 성동구 무학로10길 6,도선동 주민센터 앞,37.567642,127.025696
성동구,558. 성동광진 교육지원청 앞,202505,1686,1634,성동광진 교육지원청 앞,ST-359,서울특별시 성동구 고산자로 260,성동광진 교육지원청 앞,37.564606,127.036522
성동구,559. 왕십리역 4번 출구 건너편,202505,2414,2421,왕십리역 4번 출구 건너편,ST-360,서울특별시 성동구 왕십리광장로 10-1,왕십리역 4번 출구 건너편,37.561096,127.036797
성동구,560. 비전교회 앞,202505,2777,2787,비전교회 앞,ST-361,서울특별시 성동구 동일로 213,비전교회 앞,37.551205,127.068932
성동구,561. 서울숲역 2번출구 앞,202505,2024,2021,서울숲역 2번출구 앞,ST-362,서울특별시 성동구 왕십리로 64,서울숲역 2번출구 앞,37.542816,127.04467
성동구,563. 성동세무서 건너편,202505,1922,2205,성동세무서 건너편,ST-364,서울특별시 성동구 광나루로 302,성동세무서 건너편,37.547913,127.062752
성동구,564. 금호역 3번출구,202505,199,138,금호역 3번출구,ST-365,서울특별시 성동구 동호로 99,금호역 3번출구,37.547928,127.015572
성동구,578. 성동세무서 부근,202505,2084,2100,성동세무서 부근,ST-356,서울특별시 성동구 광나루로 297,성동세무서 부근,37.548164,127.06237
성동구,579. 마장역 4번출구,202505,1268,1267,마장역 4번출구,ST-372,서울특별시 성동구 마장로 292-1,마장역 4번출구,37.565205,127.041847
성동구,582. 경일중학교 앞,202505,1976,1973,경일중학교 앞,ST-375,서울특별시 성동구 성수일로 27,경일중학교 앞,37.543179,127.04908
성동구,583. 청계천 생태교실 앞,202505,7249,7621,청계천 생태교실 앞,ST-376,서울특별시 성동구 마장로39길 51,청계천 생태교실 앞,37.56797,127.04689
광진구,552. 대림아크로리버 앞,202505,1101,1192,대림아크로리버 앞,ST-378,서울특별시 광진구 구의강변로 64,대림아크로리버 앞,37.536579,127.092972
광진구,555. 구의3동주민센터,202505,597,625,구의3동주민센터,ST-381,서울특별시 광진구 강변역로 17,구의3동주민센터,37.537849,127.092171
광진구,573. 구의문주차장 앞,202505,2680,2611,구의문주차장 앞,ST-384,서울특별시 광진구 능동로 216,구의문주차장 앞,37.545231,127.084732
광진구,574. 아차산역4번출구,202505,2757,1736,아차산역4번출구,ST-385,서울특별시 광진구 능동로 216,아차산역4번출구,37.551849,127.088982
광진구,576. 광나루역 3번 출구,202505,2340,2439,광나루역 3번 출구,ST-387,서울특별시 광진구 아차산로 552,광나루역 3번 출구,37.54483,127.104263
광진구,577. 광진청소년수련관,202505,2051,2086,광진청소년수련관,ST-388,서울특별시 광진구 구천면로 2,광진청소년수련관,37.546547,127.106133
동대문구,627. 장안동삼거리 교통섬,202505,1516,1475,장안동삼거리 교통섬,ST-395,서울특별시 동대문구 사가정로 240,장안동삼거리 교통섬,37.578632,127.071907
동대문구,630. 동대문구 보건소,202505,2349,2464,동대문구 보건소,ST-397,서울특별시 동대문구 천호대로 145,동대문구 보건소,37.574852,127.040306
동대문구,631. 답십리역 1번출구,202505,3386,3792,답십리역 1번출구,ST-398,서울특별시 동대문구 천호대로 269,답십리역 1번출구,37.568184,127.051277
동대문구,634. 외국어대 정문 앞,202505,2437,2465,외국어대 정문 앞,ST-401,서울특별시 동대문구 이문로 107,외국어대 정문 앞,37.59602,127.05983
동대문구,637. KAIST 경영대학 앞,202505,1163,856,KAIST 경영대학 앞,ST-404,서울특별시 동대문구 회기로 85,KAIST 경영대학 앞,37.591614,127.045792
동대문구,638. 서울시립대 정보기술관,202505,686,595,서울시립대 정보기술관,ST-405,서울특별시 동대문구 한천로43길 12-14,서울시립대 정보기술관,37.583008,127.060974
동대문구,641. 용두역 4번출구,202505,2483,2657,용두역 4번출구,ST-408,서울특별시 동대문구 청계천로 563,용두역 4번출구,37.573753,127.038536
영등포구,263. 근로자회관 사거리,202505,3737,3763,근로자회관 사거리,ST-417,서울특별시 영등포구 선유로 34,근로자회관 사거리,37.517151,126.888626
영등포구,264. 교보생명보험 앞,202505,2024,1745,교보생명보험 앞,ST-418,서울특별시 영등포구 영등포로 96,교보생명보험 앞,37.521931,126.891617
영등포구,265. 영등포유통상가 사거리,202505,2000,1867,영등포유통상가 사거리,ST-419,서울특별시 영등포구 영등포로 124,영등포유통상가 사거리,37.521133,126.896538
영등포구,266. 영등포청과시장 사거리,202505,1829,1795,영등포청과시장 사거리,ST-420,서울특별시 영등포구 영등포로 177,영등포청과시장 사거리,37.520294,126.901192
영등포구,267. 삼성화재 사옥 옆,202505,2549,2450,삼성화재 사옥 옆,ST-421,서울특별시 영등포구 양평로 76,삼성화재 사옥 옆,37.535961,126.8983
영등포구,268. 그랜드컨벤션센터 앞,202505,2595,2608,그랜드컨벤션센터 앞,ST-422,서울특별시 영등포구 양평로 58,그랜드컨벤션센터 앞,37.534718,126.900002
영등포구,270. 증권거래소후문교차로,202505,1417,1390,증권거래소후문교차로,ST-424,서울특별시 영등포구 여의나루로 76,증권거래소후문교차로,37.522343,126.927101
영등포구,272. 당산육갑문,202505,7301,7722,당산육갑문,ST-426,서울특별시 영등포구 당산로52길 3,당산육갑문,37.535339,126.903679
양천구,720. 서울강월초등학교 앞,202505,855,396,서울강월초등학교 앞,ST-432,서울특별시 양천구 신월로 97,서울강월초등학교 앞,37.516197,126.8349
용산구,816. 신용산역 6번출구 앞,202505,2047,2114,신용산역 6번출구 앞,ST-435,서울특별시 용산구 한강대로 115,신용산역 6번출구 앞,37.530148,126.968483
용산구,817. 삼각지역 4번출구 앞,202505,1115,1137,삼각지역 4번출구 앞,ST-436,서울특별시 용산구 한강대로 161,삼각지역 4번출구 앞,37.533451,126.971733
용산구,818. 숙명여대 입구 교차로,202505,1282,1364,숙명여대 입구 교차로,ST-437,서울특별시 용산구 청파로47길 100,숙명여대 입구 교차로,37.544895,126.969383
용산구,819. 선린인터넷 고등학교,202505,1555,1609,선린인터넷 고등학교,ST-438,서울특별시 용산구 원효로97길 33-4,선린인터넷 고등학교,37.541653,126.970505
용산구,820. 청파동입구 교차로,202505,879,871,청파동입구 교차로,ST-439,서울특별시 용산구 한강대로 349,청파동입구 교차로,37.549026,126.971947
용산구,823. 효창동주민센터 앞,202505,411,320,효창동주민센터 앞,ST-441,서울특별시 용산구 효창원로 161,효창동주민센터 앞,37.54232,126.96196
용산구,825. 서빙고동 주민센터 앞,202505,3279,4164,서빙고동 주민센터 앞,ST-442,서울특별시 용산구 서빙고로 279,서빙고동 주민센터 앞,37.520336,126.994263
마포구,199. 서울 월드컵 경기장,202505,1386,839,서울 월드컵 경기장,ST-443,서울특별시 마포구 성산동 515,서울 월드컵 경기장,37.566845,126.896446
종로구,388. 동성중학교 앞,202505,439,436,동성중학교 앞,ST-444,서울특별시 종로구 혜화동 56,동성중학교 앞,37.585735,127.00161
광진구,584. 광진광장 교통섬,202505,3543,2855,광진광장 교통섬,ST-445,서울특별시 광진구 군자동 374-8,광진광장 교통섬,37.547829,127.072632
성동구,585. 성수2가1동 공영주차장 인근,202505,4990,5073,성수2가1동 공영주차장 인근,ST-446,서울특별시 성동구 성수동2가 569-3,성수2가1동 공영주차장 인근,37.536808,127.055489
성동구,586. 마장동 주민센터,202505,872,898,마장동 주민센터,ST-447,서울특별시 성동구 마장로42길 14,마장동 주민센터,37.565941,127.045395
은평구,900. 은평예술회관,202505,545,541,은평예술회관,ST-448,서울특별시 은평구 녹번동 85-4,은평예술회관,37.603943,126.927696
은평구,902. 진관동 은빛초등학교,202505,489,492,진관동 은빛초등학교,ST-450,서울특별시 은평구 진관동 45-21,진관동 은빛초등학교,37.643108,126.918221
은평구,903. 은평뉴타운 아이파크,202505,820,837,은평뉴타운 아이파크,ST-451,서울특별시 은평구 진관동 13-20,은평뉴타운 아이파크,37.645866,126.927391
은평구,904. 은평뉴타운 푸르지오,202505,783,882,은평뉴타운 푸르지오,ST-452,서울특별시 은평구 진관동 5-8,은평뉴타운 푸르지오,37.648674,126.930702
은평구,905. 구파발역 2번출구,202505,2333,2659,구파발역 2번출구,ST-453,서울특별시 은평구 진관동 86-31,구파발역 2번출구,37.636234,126.918999
은평구,906. 연신내역 5번출구,202505,2785,3078,연신내역 5번출구,ST-454,서울특별시 은평구 대조동 207-8,연신내역 5번출구,37.61721,126.919579
은평구,908. 구산역 4번출구,202505,1264,1280,구산역 4번출구,ST-456,서울특별시 은평구 갈현동 536-8,구산역 4번출구,37.613186,126.917351
은평구,909. 백련산 힐스테이트 3차,202505,651,195,백련산 힐스테이트 3차,ST-457,서울특별시 은평구 응암동 761-9,백련산 힐스테이트 3차,37.586994,126.922882
은평구,911. 은평평화공원(역촌역4번출구),202505,2070,2056,은평평화공원(역촌역4번출구),ST-459,서울특별시 은평구 녹번동 153-31,은평평화공원(역촌역4번출구),37.605583,126.922935
은평구,912. 응암오거리,202505,2388,2694,응암오거리,ST-460,서울특별시 은평구 응암동 604-5,응암오거리,37.589661,126.916946
은평구,915. 증산역 4번출구,202505,1359,1523,증산역 4번출구,ST-463,서울특별시 은평구 증산동 199-8,증산역 4번출구,37.584381,126.909897
은평구,916. 평생학습관 앞,202505,1279,1330,평생학습관 앞,ST-464,서울특별시 은평구 역촌동 15-40,평생학습관 앞,37.607849,126.921326
은평구,919. 서울혁신파크,202505,599,586,서울혁신파크,ST-467,서울특별시 은평구 녹번동 15-2,서울혁신파크,37.607025,126.933311
은평구,921. 신도고등학교,202505,183,96,신도고등학교,ST-469,서울특별시 은평구 진관동 242-14,신도고등학교,37.630016,126.919029
은평구,922. 연신내역 4번출구,202505,688,686,연신내역 4번출구,ST-470,서울특별시 은평구 대조동 227-2,연신내역 4번출구,37.617802,126.921967
은평구,923. 국민은행 연서지점,202505,721,722,국민은행 연서지점,ST-471,서울특별시 은평구 불광동 355,국민은행 연서지점,37.620949,126.925636
은평구,925. 불광역 2번출구,202505,1035,1096,불광역 2번출구,ST-473,서울특별시 은평구 불광동 285-43,불광역 2번출구,37.609566,126.930977
은평구,927. 연신내역 3번출구 인근,202505,515,527,연신내역 3번출구 인근,ST-475,서울특별시 은평구 불광동 304-5,연신내역 3번출구 인근,37.617855,126.922524
은평구,928. 은평역사한옥박물관,202505,374,299,은평역사한옥박물관,ST-476,서울특별시 은평구 진관동 133-29,은평역사한옥박물관,37.641315,126.938042
은평구,930. 구 서부경찰서 건너편,202505,952,965,구 서부경찰서 건너편,ST-478,서울특별시 은평구 역촌동 41-7,구 서부경찰서 건너편,37.601662,126.920303
은평구,931. 역촌파출소,202505,3337,3677,역촌파출소,ST-479,서울특별시 은평구 역촌동 45-34,역촌파출소,37.604736,126.915337
은평구,932. 예일여중,202505,1326,1432,예일여중,ST-480,서울특별시 은평구 연서로 117,예일여중,37.610004,126.916397
중랑구,1402. 금란주차장 앞,202505,861,891,금란주차장 앞,ST-561,서울특별시 중랑구 망우로 448,금란주차장 앞,37.600071,127.102333
중랑구,1405. 망우역 1번출구,202505,732,722,망우역 1번출구,ST-568,서울특별시 중랑구 망우로55길 11-10,망우역 1번출구,37.599098,127.092949
중랑구,1408. 먹골역 6번출구 앞,202505,1332,1542,먹골역 6번출구 앞,ST-570,서울특별시 중랑구 동일로 지하 901,먹골역 6번출구 앞,37.610722,127.077477
중랑구,1418. 새솔초등학교,202505,286,55,새솔초등학교,ST-583,서울특별시 중랑구 신내역로1길 164,새솔초등학교,37.617439,127.109016
중랑구,1421. 신내역 4번출구,202505,612,595,신내역 4번출구,ST-586,서울특별시 중랑구 신내로 지하 232,신내역 4번출구,37.612461,127.103378
중랑구,1422. 신내우디안아파트 1단지,202505,243,86,신내우디안아파트 1단지,ST-587,서울특별시 중랑구 신내역로 213,신내우디안아파트 1단지,37.620098,127.106461
중랑구,1424. 양원역 2번출구,202505,247,237,양원역 2번출구,ST-588,서울특별시 중랑구 송림길 147,양원역 2번출구,37.606312,127.107742
중랑구,1426. 면목도시개발아파트 1동 앞,202505,505,140,면목도시개발아파트 1동 앞,ST-590,서울특별시 중랑구 용마산로 지하 227,면목도시개발아파트 1동 앞,37.573589,127.086823
중랑구,1435. 능산삼거리,202505,331,273,능산삼거리,ST-593,서울특별시 중랑구 용마산로 644,능산삼거리,37.608681,127.100792
중랑구,1437. 늘푸른공원 앞,202505,812,917,늘푸른공원 앞,ST-595,서울특별시 중랑구 동일로 594,늘푸른공원 앞,37.58342,127.079926
중랑구,1438. 홈플러스 신내점 앞,202505,2550,2810,홈플러스 신내점 앞,ST-596,서울특별시 중랑구 신내로 지하 232,홈플러스 신내점 앞,37.616169,127.093483
영등포구,214. 금융감독원 앞,202505,1640,1652,금융감독원 앞,ST-60,서울특별시 영등포구 여의대로 38,금융감독원 앞,37.523022,126.920837
영등포구,219. 롯데캐슬엠파이어 옆,202505,2694,2691,롯데캐슬엠파이어 옆,ST-62,서울특별시 영등포구 의사당대로 127,롯데캐슬엠파이어 옆,37.520695,126.925835
영등포구,220. 미성아파트 A동 앞,202505,1650,1590,미성아파트 A동 앞,ST-63,서울특별시 영등포구 의사당대로 110,미성아파트 A동 앞,37.519363,126.926048
강북구,1506. 강북문화예술회관,202505,1274,1196,강북문화예술회관,ST-645,서울특별시 강북구 삼각산로 85,강북문화예술회관,37.640327,127.013359
강북구,1515. 송천동 주민센터,202505,544,555,송천동 주민센터,ST-648,서울특별시 강북구 솔샘로 284,송천동 주민센터,37.618286,127.024048
영등포구,217. NH농협은행 앞,202505,3714,3775,NH농협은행 앞,ST-66,서울특별시 영등포구 국제금융로8길 2,NH농협은행 앞,37.522079,126.930367
영등포구,224. 롯데캐슬 앞,202505,2258,2266,롯데캐슬 앞,ST-70,서울특별시 영등포구 국제금융로 86,롯데캐슬 앞,37.520088,126.932365
영등포구,226. 샛강역 1번출구 앞,202505,2482,2246,샛강역 1번출구 앞,ST-72,서울특별시 영등포구 의사당대로 지하166,샛강역 1번출구 앞,37.517765,126.928413
영등포구,207. 여의나루역 1번출구 앞,202505,8313,8246,여의나루역 1번출구 앞,ST-73,서울특별시 영등포구 여의동로 지하343,여의나루역 1번출구 앞,37.527157,126.9319
마포구,401. 상암월드컵파크 10단지 앞,202505,1017,1010,상암월드컵파크 10단지 앞,ST-76,서울특별시 마포구 월드컵북로 502-36,상암월드컵파크 10단지 앞,37.586189,126.881615
강남구,2301. 현대고등학교 건너편,202505,2124,2213,현대고등학교 건너편,ST-777,서울특별시 강남구 압구정로 134,현대고등학교 건너편,37.524071,127.02179
강남구,2344. 리엔파크 2단지 앞,202505,431,580,리엔파크 2단지 앞,ST-779,서울특별시 강남구 헌릉로590길 10,리엔파크 2단지 앞,37.465061,127.101196
서초구,2251. 더케이호텔 입구(양재2) ,202505,833,829,더케이호텔 입구(양재2),ST-781,서울특별시 서초구 바우뫼로12길 70,더케이호텔 입구(양재2),37.467506,127.034477
강남구,2337. 대모산입구역 2번출구 앞,202505,560,525,대모산입구역 2번출구 앞,ST-782,서울특별시 강남구 영동대로 101,대모산입구역 2번출구 앞,37.492077,127.071976
강남구,2317. 삼성도로공원,202505,1379,1382,삼성도로공원,ST-784,서울특별시 강남구 영동대로112길 66,삼성도로공원,37.515888,127.0662
강남구,2311. 학동로 래미안 아파트 앞,202505,364,131,학동로 래미안 아파트 앞,ST-786,서울특별시 강남구 학동로 지하 508,학동로 래미안 아파트 앞,37.517773,127.043022
강남구,2305. MCM 본사 직영점 앞,202505,323,325,MCM 본사 직영점 앞,ST-790,서울특별시 강남구 언주로 734,MCM 본사 직영점 앞,37.520641,127.034508
강남구,2306. 압구정역 2번 출구 옆,202505,2123,2127,압구정역 2번 출구 옆,ST-791,서울특별시 강남구 압구정로 지하 172,압구정역 2번 출구 옆,37.527123,127.028717
강남구,2308. 압구정파출소 앞,202505,1273,1226,압구정파출소 앞,ST-793,서울특별시 강남구 압구정로 311,압구정파출소 앞,37.529301,127.035599
강남구,2312. 청담역 13번 출구 앞,202505,694,674,청담역 13번 출구 앞,ST-795,서울특별시 강남구 영동대로 703,청담역 13번 출구 앞,37.52058,127.056328
강남구,2348. 포스코사거리(기업은행),202505,2090,2102,포스코사거리(기업은행),ST-797,서울특별시 강남구 테헤란로 501,포스코사거리(기업은행),37.507233,127.056854
강남구,2315. 봉은사역 5번출구 옆,202505,855,881,봉은사역 5번출구 옆,ST-799,서울특별시 강남구 봉은사로 지하 601,봉은사역 5번출구 옆,37.514248,127.061119
마포구,405. DMC빌 앞,202505,753,735,DMC빌 앞,ST-80,서울특별시 마포구 월드컵북로60길 13,DMC빌 앞,37.582657,126.885788
강남구,2321. 학여울역 사거리,202505,378,370,학여울역 사거리,ST-804,서울특별시 강남구 남부순환로 지하 3104,학여울역 사거리,37.496117,127.069443
강남구,2323. 주식회사 오뚜기 정문 앞,202505,227,211,주식회사 오뚜기 정문 앞,ST-806,서울특별시 강남구 영동대로 308,주식회사 오뚜기 정문 앞,37.502213,127.067207
강남구,2324. 천주교 대치 2동 교회 옆,202505,1078,1070,천주교 대치 2동 교회 옆,ST-807,서울특별시 강남구 도곡로 540,천주교 대치 2동 교회 옆,37.500439,127.066223
강남구,2326. 대치동 삼성로,202505,569,383,대치동 삼성로,ST-809,서울특별시 강남구 삼성로 350,대치동 삼성로,37.502396,127.0588
강남구,2327. 뱅뱅사거리 랜드마크타워 앞,202505,1229,1353,뱅뱅사거리 랜드마크타워 앞,ST-810,서울특별시 강남구 강남대로 308,뱅뱅사거리 랜드마크타워 앞,37.490551,127.031464
강남구,2331. 동영문화센터앞,202505,644,545,동영문화센터앞,ST-814,서울특별시 강남구 언주로 337,동영문화센터앞,37.498051,127.044601
강남구,2333. 양재역 3번출구 주변,202505,1312,802,양재역 3번출구 주변,ST-816,서울특별시 강남구 강남대로 240,양재역 3번출구 주변,37.485157,127.034073
강남구,2335. 3호선 매봉역 3번출구앞,202505,2055,2208,3호선 매봉역 3번출구앞,ST-818,서울특별시 강남구 남부순환로 2748,3호선 매봉역 3번출구앞,37.486767,127.046761
강남구,2336. 강남세브란스교차로  래미안그레이튼 104동 앞,202505,472,465,강남세브란스교차로  래미안그레이튼 104동 앞,ST-819,서울특별시 강남구 선릉로 지하 228,강남세브란스교차로  래미안그레이튼 104동 앞,37.494236,127.047462
강남구,2339. 현대아파트 정문 앞,202505,685,651,현대아파트 정문 앞,ST-820,서울특별시 강남구 언주로 107,현대아파트 정문 앞,37.483261,127.0523
강남구,2340. 삼호물산버스정류장(23370) 옆,202505,2554,2673,삼호물산버스정류장(23370) 옆,ST-821,서울특별시 강남구 논현로 82,삼호물산버스정류장(23370) 옆,37.477509,127.045174
성북구,1302. 한성대입구역6번출구 뒤,202505,772,770,한성대입구역6번출구 뒤,ST-825,서울특별시 성북구 동소문로 1,한성대입구역6번출구 뒤,37.588764,127.00631
성북구,1304. 만해공원,202505,120,45,만해공원,ST-826,서울특별시 성북구 성북로 132-1,만해공원,37.594402,126.99231
강서구,1128. 화곡역 6번출구,202505,1535,1528,화곡역 6번출구,ST-829,서울특별시 강서구 화곡로 지하 168,화곡역 6번출구,37.541412,126.840225
마포구,408. LG CNS앞,202505,904,863,LG CNS앞,ST-84,서울특별시 마포구 월드컵북로 424,LG CNS앞,37.580811,126.88665
마포구,409. 누리꿈스퀘어 옆,202505,2216,2203,누리꿈스퀘어 옆,ST-86,서울특별시 마포구 월드컵북로 396,누리꿈스퀘어 옆,37.579399,126.88916
마포구,411. DMC홍보관,202505,1501,1535,DMC홍보관,ST-90,서울특별시 마포구 월드컵북로 366,DMC홍보관,37.577995,126.891472
마포구,413. 상암월드컵파크 3단지 후문,202505,1047,1078,상암월드컵파크 3단지 후문,ST-92,서울특별시 마포구 매봉산로 8,상암월드컵파크 3단지 후문,37.571476,126.889687
구로구,1955. 디지털입구 교차로,202505,2357,2397,디지털입구 교차로,ST-936,서울특별시 구로구 시흥대로 551,디지털입구 교차로,37.482883,126.901039
마포구,414. 상암동주민센터 옆,202505,2244,2395,상암동주민센터 옆,ST-94,서울특별시 마포구 매봉산로2길 16,상암동주민센터 옆,37.57822,126.89447
종로구,449. 일성아파트,202505,257,72,일성아파트,ST-941,서울특별시 종로구 평창문화로 119,일성아파트,37.608719,126.972862
중구,389. 을지로4가역 1번출구,202505,1081,1072,을지로4가역 1번출구,ST-943,서울특별시 중구 을지로 지하 178,을지로4가역 1번출구,37.566731,126.996605
중구,390. 충무로역 1번출구,202505,864,862,충무로역 1번출구,ST-944,서울특별시 중구 퇴계로 212,충무로역 1번출구,37.56139,126.995354
중구,826. 서울역 서부교차로2,202505,1183,1264,서울역 서부교차로2,ST-946,서울특별시 중구 퇴계로 33,서울역 서부교차로2,37.555367,126.968643
성북구,1305. 성북구청,202505,1867,2003,성북구청,ST-947,서울특별시 성북구 보문로 168,성북구청,37.589329,127.016434
관악구,2110. 조원동 미성아파트,202505,1632,1719,조원동 미성아파트,ST-950,서울특별시 관악구 시흥대로 560,조원동 미성아파트,37.483192,126.902031
관악구,2139. 서울신성초등학교,202505,480,466,서울신성초등학교,ST-951,서울특별시 관악구 신림로 114,서울신성초등학교,37.471165,126.937019
강남구,2354. 청담역 2번출구,202505,187,178,청담역 2번출구,ST-953,서울특별시 강남구 영동대로 647,청담역 2번출구,37.519787,127.056763
강남구,2356. 강남구청,202505,598,420,강남구청,ST-954,서울특별시 강남구 학동로 지하 346,강남구청,37.51807,127.047119
강남구,2360. 도곡1동 주민센터 교차로,202505,707,695,도곡1동 주민센터 교차로,ST-956,서울특별시 강남구 도곡로 205,도곡1동 주민센터 교차로,37.492809,127.041389
강남구,"2359. 국립국악중,고교 정문 맞은편",202505,1143,1193,"국립국악중,고교 정문 맞은편",ST-958,서울특별시 강남구 논현로10길 29,"국립국악중,고교 정문 맞은편",37.475605,127.050377
강남구,2347. 두산건설 본사,202505,319,141,두산건설 본사,ST-961,서울특별시 강남구 언주로 726,두산건설 본사,37.518639,127.0354
강남구,2352. 서울본부세관(건설회관 앞),202505,419,145,서울본부세관(건설회관 앞),ST-962,서울특별시 강남구 언주로 721,서울본부세관(건설회관 앞),37.51759,127.035027
강남구,2353. 강남구청역 2번출구 뒤,202505,950,552,강남구청역 2번출구 뒤,ST-963,서울특별시 강남구 학동로 342,강남구청역 2번출구 뒤,37.516811,127.040474
노원구,1641. 한내근린공원 남측,202505,773,829,한내근린공원 남측,ST-970,서울특별시 노원구 마들로 86,한내근린공원 남측,37.621555,127.069511
노원구,1640. 한내근린공원 북측,202505,1659,1731,한내근린공원 북측,ST-971,서울특별시 노원구 마들로 86,한내근린공원 북측,37.623863,127.068489
강서구,1149. 신방화역환승주차장,202505,3907,3915,신방화역환승주차장,ST-975,서울특별시 강서구 마곡서1로 111-12,신방화역환승주차장,37.567284,126.818275
광진구,501. 광진구의회 앞,202505,2332,1979,광진구의회 앞,ST-98,서울특별시 광진구 능동로 76,광진구의회 앞,37.537308,127.070351
광진구,3500. 군자역2번출구,202505,2965,2957,군자역2번출구,ST-983,서울특별시 광진구 능동로 313,군자역2번출구,37.557587,127.079697
광진구,3501. 광진구청 앞,202505,2175,2004,광진구청 앞,ST-984,서울특별시 광진구 자양로 131,광진구청 앞,37.539501,127.083
광진구,3503. 광진유진스웰,202505,214,88,광진유진스웰,ST-986,서울특별시 광진구 아차산로78길 7,광진유진스웰,37.550488,127.108955
광진구,3504. 원일교회,202505,3138,2872,원일교회,ST-987,서울특별시 광진구 아차산로 304,원일교회,37.538052,127.076599
광진구,3505. 신양초교앞 교차로,202505,962,964,신양초교앞 교차로,ST-988,서울특별시 광진구 능동로 42,신양초교앞 교차로,37.535221,127.068398
마포구,424. 롯데하이마트 (상암월드컵점) ,202505,560,527,롯데하이마트 (상암월드컵점),ST-990,서울특별시 마포구 상암동 1715-29,롯데하이마트 (상암월드컵점),37.57362,126.898048
마포구,425. DMC첨단산업센터,202505,446,408,DMC첨단산업센터,ST-991,서울특별시 마포구 성암로330,DMC첨단산업센터,37.584503,126.885597
마포구,426. 서울신용보증재단,202505,1392,1582,서울신용보증재단,ST-992,서울특별시 마포구 마포대로 163,서울신용보증재단,37.549061,126.954178
양천구,723. SBS방송국,202505,2166,2227,SBS방송국,ST-994,서울특별시 양천구 목동서로161,SBS방송국,37.529163,126.872749
양천구,725. 양강중학교앞 교차로,202505,257,258,양강중학교앞 교차로,ST-996,서울특별시 양천구 남부순환로88길5-16,양강중학교앞 교차로,37.524334,126.850548
양천구,726. 목동3단지 시내버스정류장,202505,4228,4290,목동3단지 시내버스정류장,ST-997,서울특별시 양천구 목동중앙로 49,목동3단지 시내버스정류장,37.53439,126.869598
강남구,2301. 현대고등학교 건너편,202506,1934,2028,현대고등학교 건너편,ST-777,서울특별시 강남구 압구정로 134,현대고등학교 건너편,37.524071,127.02179
강남구,2305. MCM 본사 직영점 앞,202506,391,411,MCM 본사 직영점 앞,ST-790,서울특별시 강남구 언주로 734,MCM 본사 직영점 앞,37.520641,127.034508
강남구,2306. 압구정역 2번 출구 옆,202506,2267,2245,압구정역 2번 출구 옆,ST-791,서울특별시 강남구 압구정로 지하 172,압구정역 2번 출구 옆,37.527123,127.028717
강남구,2308. 압구정파출소 앞,202506,1283,1296,압구정파출소 앞,ST-793,서울특별시 강남구 압구정로 311,압구정파출소 앞,37.529301,127.035599
강남구,2311. 학동로 래미안 아파트 앞,202506,444,127,학동로 래미안 아파트 앞,ST-786,서울특별시 강남구 학동로 지하 508,학동로 래미안 아파트 앞,37.517773,127.043022
강남구,2312. 청담역 13번 출구 앞,202506,608,585,청담역 13번 출구 앞,ST-795,서울특별시 강남구 영동대로 703,청담역 13번 출구 앞,37.52058,127.056328
강남구,2315. 봉은사역 5번출구 옆,202506,842,838,봉은사역 5번출구 옆,ST-799,서울특별시 강남구 봉은사로 지하 601,봉은사역 5번출구 옆,37.514248,127.061119
강남구,2317. 삼성도로공원,202506,1295,1328,삼성도로공원,ST-784,서울특별시 강남구 영동대로112길 66,삼성도로공원,37.515888,127.0662
강남구,2321. 학여울역 사거리,202506,481,458,학여울역 사거리,ST-804,서울특별시 강남구 남부순환로 지하 3104,학여울역 사거리,37.496117,127.069443
강남구,2324. 천주교 대치 2동 교회 옆,202506,1092,1094,천주교 대치 2동 교회 옆,ST-807,서울특별시 강남구 도곡로 540,천주교 대치 2동 교회 옆,37.500439,127.066223
강남구,2326. 대치동 삼성로,202506,774,441,대치동 삼성로,ST-809,서울특별시 강남구 삼성로 350,대치동 삼성로,37.502396,127.0588
강남구,2327. 뱅뱅사거리 랜드마크타워 앞,202506,1293,1411,뱅뱅사거리 랜드마크타워 앞,ST-810,서울특별시 강남구 강남대로 308,뱅뱅사거리 랜드마크타워 앞,37.490551,127.031464
강남구,2331. 동영문화센터앞,202506,645,572,동영문화센터앞,ST-814,서울특별시 강남구 언주로 337,동영문화센터앞,37.498051,127.044601
강남구,2333. 양재역 3번출구 주변,202506,1326,830,양재역 3번출구 주변,ST-816,서울특별시 강남구 강남대로 240,양재역 3번출구 주변,37.485157,127.034073
강남구,2335. 3호선 매봉역 3번출구앞,202506,2237,2328,3호선 매봉역 3번출구앞,ST-818,서울특별시 강남구 남부순환로 2748,3호선 매봉역 3번출구앞,37.486767,127.046761
강남구,2336. 강남세브란스교차로  래미안그레이튼 104동 앞,202506,532,502,강남세브란스교차로  래미안그레이튼 104동 앞,ST-819,서울특별시 강남구 선릉로 지하 228,강남세브란스교차로  래미안그레이튼 104동 앞,37.494236,127.047462
강남구,2337. 대모산입구역 2번출구 앞,202506,653,571,대모산입구역 2번출구 앞,ST-782,서울특별시 강남구 영동대로 101,대모산입구역 2번출구 앞,37.492077,127.071976
강남구,2339. 현대아파트 정문 앞,202506,740,711,현대아파트 정문 앞,ST-820,서울특별시 강남구 언주로 107,현대아파트 정문 앞,37.483261,127.0523
강남구,2340. 삼호물산버스정류장(23370) 옆,202506,2576,2876,삼호물산버스정류장(23370) 옆,ST-821,서울특별시 강남구 논현로 82,삼호물산버스정류장(23370) 옆,37.477509,127.045174
강남구,2344. 리엔파크 2단지 앞,202506,581,705,리엔파크 2단지 앞,ST-779,서울특별시 강남구 헌릉로590길 10,리엔파크 2단지 앞,37.465061,127.101196
강남구,2347. 두산건설 본사,202506,347,152,두산건설 본사,ST-961,서울특별시 강남구 언주로 726,두산건설 본사,37.518639,127.0354
강남구,2348. 포스코사거리(기업은행),202506,1890,2218,포스코사거리(기업은행),ST-797,서울특별시 강남구 테헤란로 501,포스코사거리(기업은행),37.507233,127.056854
강남구,2352. 서울본부세관(건설회관 앞),202506,463,162,서울본부세관(건설회관 앞),ST-962,서울특별시 강남구 언주로 721,서울본부세관(건설회관 앞),37.51759,127.035027
강남구,2353. 강남구청역 2번출구 뒤,202506,972,482,강남구청역 2번출구 뒤,ST-963,서울특별시 강남구 학동로 342,강남구청역 2번출구 뒤,37.516811,127.040474
강남구,2354. 청담역 2번출구,202506,225,183,청담역 2번출구,ST-953,서울특별시 강남구 영동대로 647,청담역 2번출구,37.519787,127.056763
강남구,2356. 강남구청,202506,555,395,강남구청,ST-954,서울특별시 강남구 학동로 지하 346,강남구청,37.51807,127.047119
강남구,"2359. 국립국악중,고교 정문 맞은편",202506,1290,1399,"국립국악중,고교 정문 맞은편",ST-958,서울특별시 강남구 논현로10길 29,"국립국악중,고교 정문 맞은편",37.475605,127.050377
강남구,2360. 도곡1동 주민센터 교차로,202506,875,834,도곡1동 주민센터 교차로,ST-956,서울특별시 강남구 도곡로 205,도곡1동 주민센터 교차로,37.492809,127.041389
강남구,2362. 신사동 가로수길 입구,202506,978,921,신사동 가로수길 입구,ST-1171,서울특별시 강남구 신사동 501-5,신사동 가로수길 입구,37.517635,127.022453
강남구,2365. K+ 타워 앞,202506,810,835,K+ 타워 앞,ST-1174,서울특별시 강남구 도산대로 333,K+ 타워 앞,37.5233,127.038475
강남구,2368. 도곡동 경남아파트 건너편,202506,460,350,도곡동 경남아파트 건너편,ST-1177,서울특별시 강남구 도곡동 874-1,도곡동 경남아파트 건너편,37.489342,127.041298
강남구,2369. KT선릉타워,202506,1441,1431,KT선릉타워,ST-1178,서울특별시 강남구 대치동 1011,KT선릉타워,37.505428,127.052872
강남구,2370. 한티역 3번출구,202506,462,435,한티역 3번출구,ST-1179,서울특별시 강남구 대치동 1026,한티역 3번출구,37.496552,127.054298
강남구,2371. 한국우편사업진흥원,202506,340,177,한국우편사업진흥원,ST-1180,서울특별시 강남구 언주로 651,한국우편사업진흥원,37.514748,127.035133
강남구,2372. 대치역 사거리,202506,1381,1440,대치역 사거리,ST-1181,서울특별시 강남구 삼성로 156,대치역 사거리,37.494499,127.063797
강남구,2373. 개포동역 사거리,202506,437,434,개포동역 사거리,ST-1182,서울특별시 강남구 개포동 181-3,개포동역 사거리,37.489277,127.065575
강남구,2375. 수서역 1번출구 앞,202506,1548,1727,수서역 1번출구 앞,ST-1184,서울특별시 강남구 수서동 728,수서역 1번출구 앞,37.48735,127.100998
강남구,2376. 수서역 6번출구 앞,202506,1194,1264,수서역 6번출구 앞,ST-1185,서울특별시 강남구 수서동 740,수서역 6번출구 앞,37.486778,127.100517
강남구,2383. 보금자리정원,202506,344,361,보금자리정원,ST-1248,서울특별시 강남구 헌릉로569길 39-6,보금자리정원,37.466328,127.094887
강남구,2384. 자곡사거리,202506,2155,2396,자곡사거리,ST-1364,서울특별시 강남구 밤고개로 206,자곡사거리,37.476028,127.105942
강남구,2385. 학동역,202506,748,725,학동역,ST-1365,서울특별시 강남구 학동로 지하 180,학동역,37.51395,127.030151
강남구,2387. 래미안강남힐즈 사거리,202506,1177,1172,래미안강남힐즈 사거리,ST-1407,서울특별시 강남구 자곡로 101,래미안강남힐즈 사거리,37.472454,127.096077
강남구,2388. 강남구 도시관리공단,202506,635,307,강남구 도시관리공단,ST-1433,서울특별시 강남구 삼성로 628,강남구 도시관리공단,37.516785,127.051613
강남구,2389. 경기여자고등학교 후문 (삼성로3길 입구),202506,1064,1069,경기여자고등학교 후문 (삼성로3길 입구),ST-1559,서울특별시 강남구 개포로 지하 420,경기여자고등학교 후문 (삼성로3길 입구),37.48616,127.067238
강남구,2390. 구룡마을 입구 (래미안블레스티지 아파트),202506,845,859,구룡마을 입구 (래미안블레스티지 아파트),ST-1560,서울특별시 강남구 양재대로 478,구룡마을 입구 (래미안블레스티지 아파트),37.480881,127.063042
강남구,2396. 영동3교 북단(우성캐릭터 앞 보도),202506,551,543,영동3교 북단(우성캐릭터 앞 보도),ST-1566,서울특별시 강남구 언주로 118,영동3교 북단(우성캐릭터 앞 보도),37.485741,127.051048
강남구,2398. 더라움,202506,378,286,더라움,ST-1568,서울특별시 강남구 언주로 564,더라움,37.50811,127.039452
강남구,2401. 밀알학교 입구 (삼성서울병원 입구),202506,303,225,밀알학교 입구 (삼성서울병원 입구),ST-1571,서울특별시 강남구 일원로 90,밀알학교 입구 (삼성서울병원 입구),37.486561,127.082672
강남구,2403. 공무원연금매점 교차로 (개포주공9단지 입구),202506,1247,1085,공무원연금매점 교차로 (개포주공9단지 입구),ST-1573,서울특별시 강남구 영동대로4길 10,공무원연금매점 교차로 (개포주공9단지 입구),37.48872,127.074539
강남구,2404. 대모산입구역 4번 출구 앞,202506,1872,1919,대모산입구역 4번 출구 앞,ST-1574,서울특별시 강남구 개포로 지하 522,대모산입구역 4번 출구 앞,37.49181,127.073158
강남구,2405. 청담공원앞 교차로,202506,878,330,청담공원앞 교차로,ST-1575,서울특별시 강남구 학동로 지하 346,청담공원앞 교차로,37.518711,127.05085
강남구,2406. 논현동 광명빌딩 앞,202506,489,344,논현동 광명빌딩 앞,ST-1576,서울특별시 강남구 도산대로 138,논현동 광명빌딩 앞,37.517571,127.023643
강남구,2408. 강남한양수자인아파트,202506,1247,1254,강남한양수자인아파트,ST-1578,서울특별시 강남구 자곡로 260,강남한양수자인아파트,37.477341,127.113274
강남구,2409. 역삼동 디오슈페리움 (우성아파트 사거리),202506,1061,1058,역삼동 디오슈페리움 (우성아파트 사거리),ST-1679,서울특별시 강남구 강남대로 324,역삼동 디오슈페리움 (우성아파트 사거리),37.492062,127.030746
강남구,2410. 포스코피앤에스타워 (역삼역 3번출구 부근),202506,1013,720,포스코피앤에스타워 (역삼역 3번출구 부근),ST-1680,서울특별시 강남구 테헤란로 134,포스코피앤에스타워 (역삼역 3번출구 부근),37.499599,127.033752
강남구,2411. 세곡동 성당,202506,1105,1135,세곡동 성당,ST-1703,서울특별시 강남구 밤고개로21길 50,세곡동 성당,37.472969,127.112228
강동구,1025. 상일초등학교,202506,742,814,상일초등학교,ST-1042,서울특별시 강동구 상일동 440-3,상일초등학교,37.546841,127.172516
강북구,1506. 강북문화예술회관,202506,1316,1216,강북문화예술회관,ST-645,서울특별시 강북구 삼각산로 85,강북문화예술회관,37.640327,127.013359
강북구,1515. 송천동 주민센터,202506,470,471,송천동 주민센터,ST-648,서울특별시 강북구 솔샘로 284,송천동 주민센터,37.618286,127.024048
강북구,1527. 미아역 1번 출구 뒤,202506,867,865,미아역 1번 출구 뒤,ST-1101,서울특별시 강북구 미아동 194-1,미아역 1번 출구 뒤,37.627335,127.026054
강북구,1528. 삼각산동 주민센터,202506,613,272,삼각산동 주민센터,ST-1102,서울특별시 강북구 미아동 813-8,삼각산동 주민센터,37.615036,127.020699
강북구,1529. 미아동 한국전력공사,202506,1537,1514,미아동 한국전력공사,ST-1103,서울특별시 강북구 미아동 194-1,미아동 한국전력공사,37.63018,127.02491
강북구,1530. 광산사거리,202506,1772,1857,광산사거리,ST-1104,서울특별시 강북구 노해로 87,광산사거리,37.643551,127.022347
강북구,1531. 미아사거리 1번 출구,202506,2537,2657,미아사거리 1번 출구,ST-1105,서울특별시 강북구 미아동 66-1,미아사거리 1번 출구,37.613956,127.030251
강북구,1532. 번3동 주민센터 교차로,202506,996,1166,번3동 주민센터 교차로,ST-1106,서울특별시 강북구 번동 2-2,번3동 주민센터 교차로,37.626354,127.047447
강북구,"1533. 번동 주공3, 4단지 교차로",202506,1128,1306,"번동 주공3, 4단지 교차로",ST-1107,서울특별시 강북구 번동 254,"번동 주공3, 4단지 교차로",37.629917,127.040916
강북구,1535. 효성인텔리안 앞,202506,2351,2391,효성인텔리안 앞,ST-1109,서울특별시 강북구  수유동 230-7,효성인텔리안 앞,37.636292,127.023376
강북구,1536. 번동 두산위브 101동 옆,202506,903,897,번동 두산위브 101동 옆,ST-1110,서울특별시 강북구 번동 386-17,번동 두산위브 101동 옆,37.636261,127.032173
강북구,1537. 북한산 우이역,202506,678,502,북한산 우이역,ST-1387,서울특별시 강북구 삼양로 670,북한산 우이역,37.663666,127.012428
강북구,1538. 솔밭공원역,202506,223,193,솔밭공원역,ST-1388,서울특별시 강북구 삼양로 595,솔밭공원역,37.656158,127.013138
강북구,1540. 가오리역,202506,1022,1012,가오리역,ST-1390,서울특별시 강북구 삼양로 426,가오리역,37.64167,127.016884
강북구,1541. 삼양역,202506,315,186,삼양역,ST-1391,서울특별시 강북구 삼양로 263,삼양역,37.62653,127.018059
강북구,1542. 삼양사거리역,202506,430,345,삼양사거리역,ST-1392,서울특별시 강북구 삼양로 197,삼양사거리역,37.621552,127.02037
강북구,1543. 수유1동 주민센터,202506,708,700,수유1동 주민센터,ST-1423,서울특별시 강북구 삼양로 299,수유1동 주민센터,37.630188,127.017738
강북구,1546. 송천동우체국,202506,368,541,송천동우체국,ST-1665,서울특별시 강북구 도봉로 71,송천동우체국,37.615459,127.029701
강북구,1548. 북서울 꿈의숲 서문,202506,700,372,북서울 꿈의숲 서문,ST-1725,서울특별시 강북구 월계로 173,북서울 꿈의숲 서문,37.622688,127.037811
강서구,1128. 화곡역 6번출구,202506,1714,1711,화곡역 6번출구,ST-829,서울특별시 강서구 화곡로 지하 168,화곡역 6번출구,37.541412,126.840225
강서구,1149. 신방화역환승주차장,202506,4444,4428,신방화역환승주차장,ST-975,서울특별시 강서구 마곡서1로 111-12,신방화역환승주차장,37.567284,126.818275
강서구,1155. 기쁜우리복지관,202506,2978,2907,기쁜우리복지관,ST-1255,서울특별시 강서구 허준로 65,기쁜우리복지관,0.0,0.0
강서구,1155. 기쁜우리복지관,202506,2978,2907,기쁜우리복지관,ST-1067,서울특별시 강서구 가양동 1458-15,기쁜우리복지관,37.56926,126.848419
강서구,1157. 강서구청,202506,4518,4795,강서구청,ST-1069,서울특별시 강서구 화곡로 302,강서구청,37.550659,126.84977
강서구,1158. 가양역 8번출구,202506,4883,4946,가양역 8번출구,ST-1249,서울특별시 강서구 양천로 지하 485,가양역 8번출구,37.561035,126.854813
강서구,1162. 공항초등학교건너편,202506,3008,3008,공항초등학교건너편,ST-1253,서울특별시 강서구 마곡서1로 68,공항초등학교건너편,37.562679,126.820473
강서구,1165. 마곡중학교 후문,202506,1840,1365,마곡중학교 후문,ST-1338,서울특별시 강서구 마곡중앙5로 58,마곡중학교 후문,37.568447,126.821648
강서구,1166. 강서구립등빛도서관,202506,6126,6129,강서구립등빛도서관,ST-1351,서울특별시 강서구 강서로62길 48,강서구립등빛도서관,37.562569,126.842461
강서구,1169. 염창역 1번 출구,202506,2584,2728,염창역 1번 출구,ST-1506,서울특별시 강서구 공항대로 625,염창역 1번 출구,37.547199,126.874489
강서구,1172. 가양3동 주민센터,202506,2143,2313,가양3동 주민센터,ST-1509,서울특별시 강서구 허준로 202,가양3동 주민센터,37.561249,126.86058
강서구,1173. 강서구청사거리(SH타워),202506,4204,3981,강서구청사거리(SH타워),ST-1510,서울특별시 강서구 공항대로 411,강서구청사거리(SH타워),37.556736,126.853073
강서구,1175. 대한항공 인력개발센터,202506,1393,962,대한항공 인력개발센터,ST-1512,서울특별시 강서구 공항대로 453,대한항공 인력개발센터,37.554379,126.857536
강서구,1178. 개화산역 2번 출구,202506,1115,1134,개화산역 2번 출구,ST-1515,서울특별시 강서구 양천로 22,개화산역 2번 출구,37.572472,126.806168
강서구,1180. 마곡엠밸리 15단지(1502동) 건너편,202506,2953,3059,마곡엠밸리 15단지(1502동) 건너편,ST-1517,서울특별시 강서구 마곡중앙로 36,마곡엠밸리 15단지(1502동) 건너편,37.557468,126.82972
강서구,1182. KBS 스포츠월드,202506,3982,3975,KBS 스포츠월드,ST-1519,서울특별시 강서구 공항대로 376,KBS 스포츠월드,37.556877,126.848808
강서구,1184. 마곡13단지,202506,4056,4155,마곡13단지,ST-1645,서울특별시 강서구 방화대로7길 6,마곡13단지,37.55645,126.815979
강서구,1185. 등촌9단지,202506,2064,1890,등촌9단지,ST-1646,서울특별시 강서구 화곡로63가길 92,등촌9단지,37.562901,126.849472
강서구,1186. 송정중학교,202506,1191,1308,송정중학교,ST-1647,서울특별시 강서구 방화대로5길 7,송정중학교,37.554729,126.816093
강서구,1187. 강서수산물도매시장,202506,1121,1248,강서수산물도매시장,ST-1676,서울특별시 강서구 발산로 24,강서수산물도매시장,37.55302,126.818367
강서구,1188. 롯데중앙연구소,202506,405,432,롯데중앙연구소,ST-1708,서울특별시 강서구 마곡중앙로 201,롯데중앙연구소,37.571381,126.828339
강서구,1190. 마곡역 교차로(2번출구),202506,3856,3818,마곡역 교차로(2번출구),ST-1709,서울특별시 강서구 공항대로 지하 163,마곡역 교차로(2번출구),37.560501,126.826653
강서구,1193. 마곡센트럴타워 1차,202506,2967,3084,마곡센트럴타워 1차,ST-1688,서울특별시 강서구 공항대로 227,마곡센트럴타워 1차,37.559471,126.832077
강서구,1196. 서울식물원(문화센터) 건너편,202506,688,613,서울식물원(문화센터) 건너편,ST-1713,서울특별시 강서구 마곡동로 161,서울식물원(문화센터) 건너편,37.568241,126.835831
강서구,1198. LG 사이언스파크,202506,2373,2377,LG 사이언스파크,ST-1715,서울특별시 강서구 마곡중앙10로 10,LG 사이언스파크,37.56255,126.827438
강서구,1199. 우장산역 3번출구,202506,1710,1341,우장산역 3번출구,ST-1694,서울특별시 강서구 강서로 247,우장산역 3번출구,37.547821,126.836128
강서구,1200. 개화광역환승센터,202506,415,419,개화광역환승센터,ST-1695,서울특별시 강서구 개화동로8길 38,개화광역환승센터,37.578449,126.798973
관악구,2110. 조원동 미성아파트,202506,1821,1967,조원동 미성아파트,ST-950,서울특별시 관악구 시흥대로 560,조원동 미성아파트,37.483192,126.902031
관악구,2139. 서울신성초등학교,202506,578,578,서울신성초등학교,ST-951,서울특별시 관악구 신림로 114,서울신성초등학교,37.471165,126.937019
관악구,2159. 인헌초교,202506,276,257,인헌초교,ST-1156,서울특별시 관악구 봉천동 244-1,인헌초교,37.47509,126.959229
관악구,2164. 관악우체국,202506,802,806,관악우체국,ST-1259,서울특별시 관악구 남부순환로 1641,관악우체국,37.484768,126.932877
관악구,2165. JK장평타워,202506,230,206,JK장평타워,ST-1260,서울특별시 관악구 남부순환로 1943,JK장평타워,37.476482,126.965363
관악구,2167. 낙성대역 1번출구,202506,518,507,낙성대역 1번출구,ST-1262,서울특별시 관악구 남부순환로 1944,낙성대역 1번출구,37.476295,126.964958
관악구,2169. 봉천역 2번출구,202506,1576,1638,봉천역 2번출구,ST-1264,서울특별시 관악구 남부순환로 1728,봉천역 2번출구,37.482189,126.942131
관악구,2171. 서울대입구역 5번출구,202506,1477,1471,서울대입구역 5번출구,ST-1337,서울특별시 관악구 남부순환로 1817,서울대입구역 5번출구,37.481548,126.952003
관악구,2172. 나들목공원,202506,917,780,나들목공원,ST-1267,서울특별시 관악구 신림로 41,나들목공원,37.469406,126.944511
관악구,2173. 당곡사거리,202506,3156,3170,당곡사거리,ST-1268,서울특별시 관악구 보라매로 3,당곡사거리,37.48975,126.927467
관악구,2174. 삼성디지털프라자관악점,202506,726,706,삼성디지털프라자관악점,ST-1269,서울특별시 관악구 신림로 386,삼성디지털프라자관악점,37.488564,126.928482
관악구,2175. 신림동걷고싶은문화의거리입구,202506,1218,1201,신림동걷고싶은문화의거리입구,ST-1270,서울특별시 관악구 신림로 369,신림동걷고싶은문화의거리입구,37.487301,126.928703
관악구,2176. 보라매공원 보도육교,202506,2437,2493,보라매공원 보도육교,ST-1357,서울특별시 관악구 신사로 132,보라매공원 보도육교,37.488991,126.916382
관악구,2179. 양녕로 입구,202506,1169,1199,양녕로 입구,ST-1548,서울특별시 관악구 남부순환로 1761,양녕로 입구,37.482189,126.946159
관악구,2189. 봉천역 4번출구,202506,1331,1388,봉천역 4번출구,ST-1258,서울특별시 관악구 남부순환로 1719,봉천역 4번출구,0.0,0.0
관악구,3813. 낙성대역 5번출구,202506,447,446,낙성대역 5번출구,ST-1261,서울특별시 관악구 남부순환로 1917,낙성대역 5번출구,0.0,0.0
광진구,3500. 군자역2번출구,202506,3006,3006,군자역2번출구,ST-983,서울특별시 광진구 능동로 313,군자역2번출구,37.557587,127.079697
광진구,3501. 광진구청 앞,202506,2188,2062,광진구청 앞,ST-984,서울특별시 광진구 자양로 131,광진구청 앞,37.539501,127.083
광진구,3503. 광진유진스웰,202506,291,82,광진유진스웰,ST-986,서울특별시 광진구 아차산로78길 7,광진유진스웰,37.550488,127.108955
광진구,3504. 원일교회,202506,3413,3141,원일교회,ST-987,서울특별시 광진구 아차산로 304,원일교회,37.538052,127.076599
광진구,3505. 신양초교앞 교차로,202506,1092,1093,신양초교앞 교차로,ST-988,서울특별시 광진구 능동로 42,신양초교앞 교차로,37.535221,127.068398
광진구,3506. 영동대교 북단,202506,1567,1570,영동대교 북단,ST-1191,서울특별시 광진구 자양동 203-22,영동대교 북단,37.537014,127.061096
광진구,3507. 어린이회관,202506,1419,1048,어린이회관,ST-1192,서울특별시 광진구 능동 465-7,어린이회관,37.545952,127.078003
광진구,3508. 화양사거리,202506,1371,1173,화양사거리,ST-355,서울특별시 성동구 광나루로 334,화양사거리,37.548149,127.06707
광진구,3508. 화양사거리,202506,1371,1173,화양사거리,ST-1193,서울특별시 광진구 화양동 21-6,화양사거리,37.548222,127.067879
광진구,3509. 세종사이버대학교,202506,4087,4158,세종사이버대학교,ST-1194,서울특별시 광진구 군자동 111-2,세종사이버대학교,37.553417,127.073196
광진구,3510. 중곡SK아파트앞,202506,795,563,중곡SK아파트앞,ST-1427,서울특별시 광진구 용마산로32길 32,중곡SK아파트앞,37.568649,127.08625
광진구,3517. 용마사거리,202506,2043,2360,용마사거리,ST-1266,서울특별시 광진구 능동로 373,용마사거리,37.562527,127.082275
광진구,3520. 광진경찰서,202506,3612,3470,광진경찰서,ST-1378,서울특별시 광진구 자양로 167,광진경찰서,37.542519,127.084084
광진구,3521. 현대홈타운 뒷길,202506,585,458,현대홈타운 뒷길,ST-1379,서울특별시 광진구 아차산로69길 29,현대홈타운 뒷길,37.543427,127.096619
광진구,3523. 건국대학교 과학관(이과대) 앞,202506,937,952,건국대학교 과학관(이과대) 앞,ST-1429,서울특별시 광진구 능동로 120,건국대학교 과학관(이과대) 앞,37.541718,127.08017
광진구,3528. 광진정보도서관,202506,1499,1792,광진정보도서관,ST-1602,서울특별시 광진구 아차산로78길 90,광진정보도서관,37.550598,127.110512
광진구,3529. 어린이대공원정문,202506,1131,931,어린이대공원정문,ST-1603,서울특별시 광진구 능동로 216,어린이대공원정문,37.549789,127.075928
광진구,3536. 중앙농협(자양동),202506,3199,3261,중앙농협(자양동),ST-1663,서울특별시 광진구 뚝섬로 639,중앙농협(자양동),37.531811,127.080742
광진구,3537. 아차산 휴먼시아 아파트 옆,202506,638,286,아차산 휴먼시아 아파트 옆,ST-1664,서울특별시 광진구 천호대로 716,아차산 휴먼시아 아파트 옆,37.548489,127.093758
광진구,501. 광진구의회 앞,202506,2445,2202,광진구의회 앞,ST-98,서울특별시 광진구 능동로 76,광진구의회 앞,37.537308,127.070351
광진구,539. 군자교교차로,202506,2381,2369,군자교교차로,ST-252,서울특별시 광진구 중곡동 263-1,군자교교차로,37.559795,127.074203
광진구,540. 군자역 7번출구 베스트샵 앞,202506,2772,2778,군자역 7번출구 베스트샵 앞,ST-253,서울특별시 광진구 군자동 499,군자역 7번출구 베스트샵 앞,37.55603,127.078644
광진구,544. 광남중학교,202506,1399,1473,광남중학교,ST-256,서울특별시 광진구 광장동 561-15,광남중학교,37.54073,127.102905
광진구,546. 잠실대교북단 교차로,202506,2513,2489,잠실대교북단 교차로,ST-257,서울특별시 광진구 자양동 722,잠실대교북단 교차로,37.532478,127.085091
광진구,548. 자양나들목,202506,2919,2934,자양나들목,ST-258,서울특별시 광진구 자양동 738,자양나들목,37.52977,127.07486
광진구,549. 아차산역 3번출구,202506,2684,2545,아차산역 3번출구,ST-259,서울특별시 광진구 구의동 96,아차산역 3번출구,37.551224,127.089706
광진구,552. 대림아크로리버 앞,202506,1193,1239,대림아크로리버 앞,ST-378,서울특별시 광진구 구의강변로 64,대림아크로리버 앞,37.536579,127.092972
광진구,555. 구의3동주민센터,202506,800,771,구의3동주민센터,ST-381,서울특별시 광진구 강변역로 17,구의3동주민센터,37.537849,127.092171
광진구,573. 구의문주차장 앞,202506,2704,2638,구의문주차장 앞,ST-384,서울특별시 광진구 능동로 216,구의문주차장 앞,37.545231,127.084732
광진구,574. 아차산역4번출구,202506,2759,1792,아차산역4번출구,ST-385,서울특별시 광진구 능동로 216,아차산역4번출구,37.551849,127.088982
광진구,576. 광나루역 3번 출구,202506,2557,2639,광나루역 3번 출구,ST-387,서울특별시 광진구 아차산로 552,광나루역 3번 출구,37.54483,127.104263
광진구,577. 광진청소년수련관,202506,2114,2166,광진청소년수련관,ST-388,서울특별시 광진구 구천면로 2,광진청소년수련관,37.546547,127.106133
광진구,584. 광진광장 교통섬,202506,3793,3046,광진광장 교통섬,ST-445,서울특별시 광진구 군자동 374-8,광진광장 교통섬,37.547829,127.072632
구로구,1955. 디지털입구 교차로,202506,2560,2599,디지털입구 교차로,ST-936,서울특별시 구로구 시흥대로 551,디지털입구 교차로,37.482883,126.901039
구로구,1957. 구일고등학교 정문 ,202506,2392,2399,구일고등학교 정문,ST-1219,서울특별시 구로구 구일로 90-51,구일고등학교 정문,37.493401,126.874329
구로구,1958. 강서수도사업소민원센터,202506,2199,2307,강서수도사업소민원센터,ST-1220,서울특별시 구로구 가마산로 272,강서수도사업소민원센터,37.495781,126.890121
구로구,1962. 가리봉동주민센터,202506,1569,1525,가리봉동주민센터,ST-1224,서울특별시 구로구 디지털로26길 5,가리봉동주민센터,37.481602,126.892799
구로구,1964. 원메디타운 앞,202506,2777,2831,원메디타운 앞,ST-1226,서울특별시 구로구 경인로 403,원메디타운 앞,37.49789,126.864502
구로구,1966. 한마을아파트 정문상가,202506,1875,1879,한마을아파트 정문상가,ST-1228,서울특별시 구로구 경인로 382,한마을아파트 정문상가,37.496498,126.863098
구로구,1967. 참새공원(백곡경노당),202506,608,682,참새공원(백곡경노당),ST-1229,서울특별시 구로구 고척로21길 85,참새공원(백곡경노당),37.505138,126.844337
구로구,1969. 궁동생태공원,202506,139,143,궁동생태공원,ST-1231,서울특별시 구로구 오리로 1352,궁동생태공원,37.501904,126.828964
구로구,1973. 오리로와 서해안도로 교차로 앞,202506,456,301,오리로와 서해안도로 교차로 앞,ST-1235,서울특별시 구로구 오리로 1181,오리로와 서해안도로 교차로 앞,37.488598,126.836494
구로구,1974. 신도림2차e편한세상아파트 203동 앞,202506,1390,1273,신도림2차e편한세상아파트 203동 앞,ST-1236,서울특별시 구로구 신도림로 16,신도림2차e편한세상아파트 203동 앞,37.50518,126.882538
구로구,1975. 대림역 1번 출입구 밑,202506,1789,1775,대림역 1번 출입구 밑,ST-1237,서울특별시 구로구 도림천로 351,대림역 1번 출입구 밑,37.492565,126.894753
구로구,1976. 남구로역 5번 출입구 앞,202506,755,480,남구로역 5번 출입구 앞,ST-1238,서울특별시 구로구 도림로 지하 7,남구로역 5번 출입구 앞,37.48568,126.886703
구로구,1977. 천왕역 1번 출입구 앞,202506,2051,1652,천왕역 1번 출입구 앞,ST-1239,서울특별시 구로구 오리로 지하 1154,천왕역 1번 출입구 앞,37.48621,126.838821
구로구,1979. 구로1동우체국 앞,202506,253,231,구로1동우체국 앞,ST-1241,서울특별시 구로구 구일로 64,구로1동우체국 앞,37.492031,126.873772
구로구,1983. 구로동롯데아파트,202506,954,876,구로동롯데아파트,ST-1273,서울특별시 구로구 새말로 31,구로동롯데아파트,37.502548,126.883881
구로구,1985. 구로도서관,202506,4260,3875,구로도서관,ST-1275,서울특별시 구로구 공원로 15,구로도서관,37.498516,126.891991
구로구,1987. 개봉아이파크아파트 앞,202506,1555,1672,개봉아이파크아파트 앞,ST-1522,서울특별시 구로구 개봉로2길 133-15,개봉아이파크아파트 앞,37.490341,126.860931
구로구,1988. 고척LIGA아파트 앞,202506,2236,2262,고척LIGA아파트 앞,ST-1523,서울특별시 구로구 중앙로 100,고척LIGA아파트 앞,37.50605,126.860786
구로구,1992. 구로구배드민턴실내체육관 앞,202506,395,501,구로구배드민턴실내체육관 앞,ST-1527,서울특별시 구로구 경인로15길 75,구로구배드민턴실내체육관 앞,37.491798,126.83242
구로구,1993. 금강수목원아파트 앞,202506,972,976,금강수목원아파트 앞,ST-1528,서울특별시 구로구 오리로 1197,금강수목원아파트 앞,37.48938,126.834198
구로구,1994. 삼성전자 물류센터 앞,202506,1693,1704,삼성전자 물류센터 앞,ST-1529,서울특별시 구로구 구일로 126,삼성전자 물류센터 앞,37.496998,126.87178
구로구,1996. 구일역 1번 출입구 앞,202506,2573,2577,구일역 1번 출입구 앞,ST-1240,서울특별시 구로구 구일로 133,구일역 1번 출입구 앞,0.0,0.0
구로구,2000. 신도림4차 e편한세상 아파트 1109동 앞,202506,2011,1781,신도림4차 e편한세상 아파트 1109동 앞,ST-1733,서울특별시 구로구 경인로65길 16-15,신도림4차 e편한세상 아파트 1109동 앞,37.512329,126.886833
구로구,2817.천왕이펜하우스5단지 앞,202506,333,170,천왕이펜하우스5단지 앞,ST-1243,서울특별시 구로구 천왕로 10,천왕이펜하우스5단지 앞,37.479431,126.842697
금천구,1841. 가산동 주민센터,202506,1551,1559,가산동 주민센터,ST-1142,서울특별시 금천구 가산동 144-3,가산동 주민센터,37.476952,126.891869
금천구,1842. 한울중학교,202506,235,65,한울중학교,ST-1143,서울특별시 금천구 시흥동 1000-3,한울중학교,37.462574,126.90686
금천구,1843. 독산고등학교,202506,572,425,독산고등학교,ST-1144,서울특별시 금천구 독산동 906-42,독산고등학교,37.477097,126.911133
금천구,1846. 롯데캐슬골드파크1차 동문,202506,1095,1082,롯데캐슬골드파크1차 동문,ST-1147,서울특별시 금천구 독산동 441-19,롯데캐슬골드파크1차 동문,37.460171,126.896042
금천구,1848. 벽산 디지털밸리 5차,202506,1159,1461,벽산 디지털밸리 5차,ST-1149,서울특별시 금천구 가산동 60-73,벽산 디지털밸리 5차,37.476276,126.885391
금천구,1849. 대륭포스트타워5차,202506,576,590,대륭포스트타워5차,ST-1276,서울특별시 금천구 디지털로9길 68,대륭포스트타워5차,37.481354,126.88694
금천구,1850. 코오롱테크노밸리,202506,376,375,코오롱테크노밸리,ST-1277,서울특별시 금천구 디지털로9길 56,코오롱테크노밸리,37.48016,126.886368
금천구,1853. 서울디자인직업전문학교 앞,202506,414,415,서울디자인직업전문학교 앞,ST-1534,서울특별시 금천구 가산로 70,서울디자인직업전문학교 앞,37.472481,126.895866
금천구,1854. 가산아네스트 오피스텔 앞,202506,826,293,가산아네스트 오피스텔 앞,ST-1535,서울특별시 금천구 남부순환로 1314,가산아네스트 오피스텔 앞,37.47818,126.897408
금천구,1855. 성지아파트 옆 도로변,202506,163,173,성지아파트 옆 도로변,ST-1536,서울특별시 금천구 시흥대로51길 55,성지아파트 옆 도로변,37.451321,126.897621
금천구,1856. 모두의학교,202506,630,626,모두의학교,ST-1537,서울특별시 금천구 남부순환로128길 42,모두의학교,37.478409,126.907372
금천구,1857. 주공14단지,202506,329,336,주공14단지,ST-1538,서울특별시 금천구 한내로 69-54,주공14단지,37.46056,126.887093
금천구,1859. 대륭테크노타운 18차,202506,601,618,대륭테크노타운 18차,ST-1734,서울특별시 금천구 가산디지털1로 19,대륭테크노타운 18차,37.467999,126.886841
노원구,1640. 한내근린공원 북측,202506,1702,1752,한내근린공원 북측,ST-971,서울특별시 노원구 마들로 86,한내근린공원 북측,37.623863,127.068489
노원구,1641. 한내근린공원 남측,202506,867,916,한내근린공원 남측,ST-970,서울특별시 노원구 마들로 86,한내근린공원 남측,37.621555,127.069511
노원구,1643. 태릉입구역 8번출구,202506,2729,2763,태릉입구역 8번출구,ST-1111,서울특별시 노원구 공릉동 687-6,태릉입구역 8번출구,37.617367,127.075211
노원구,1646. 삼육대 입구,202506,439,414,삼육대 입구,ST-1114,서울특별시 노원구 공릉동 26-43,삼육대 입구,37.638489,127.107903
노원구,1650. 중계근린공원내,202506,4125,4296,중계근린공원내,ST-1118,서울특별시 노원구 중계동 506-3,중계근린공원내,37.63958,127.065102
노원구,1652. 파르코 앞,202506,469,467,파르코 앞,ST-1120,서울특별시 노원구 상계동 1263,파르코 앞,37.68,127.05558
노원구,1653. 노원역1번출구,202506,3964,3979,노원역1번출구,ST-1121,서울특별시 노원구 상계동 335-4,노원역1번출구,37.6562,127.063622
노원구,1655. 공릉1단지아파트,202506,3165,3264,공릉1단지아파트,ST-1123,서울특별시 중랑구 동일로 1127,공릉1단지아파트,37.631111,127.07016
노원구,1657. 노원구청 ,202506,2441,2459,노원구청,ST-1125,서울특별시 노원구 노해로 437,노원구청,37.654049,127.057327
노원구,1659. 중계동 을지중학교,202506,1063,966,중계동 을지중학교,ST-1127,서울특별시 노원구 중계동 370,중계동 을지중학교,37.65033,127.071602
노원구,1660. 서울시립과학관,202506,557,402,서울시립과학관,ST-1128,서울특별시 노원구 하계동 266,서울시립과학관,37.642071,127.076622
노원구,1661. 당현천근린공원,202506,2088,1994,당현천근린공원,ST-1278,서울특별시 노원구 동일로 1342,당현천근린공원,37.649639,127.065605
노원구,1663. 동해문화예술관앞,202506,3229,3191,동해문화예술관앞,ST-1280,서울특별시 노원구 화랑로 429,동해문화예술관앞,37.619381,127.057854
노원구,1664. 노해근린공원내,202506,1015,973,노해근린공원내,ST-1281,서울특별시 노원구 노원로22길 1,노해근린공원내,37.649361,127.070442
노원구,1666. 노원소방서인근,202506,824,685,노원소방서인근,ST-1283,서울특별시 노원구 노원로26길 111,노원소방서인근,37.655781,127.071777
노원구,1667. 중계중학교,202506,2210,2089,중계중학교,ST-1284,서울특별시 노원구 덕릉로76길 23,중계중학교,37.654499,127.074387
노원구,1669. 중계역 3번출구,202506,2910,2930,중계역 3번출구,ST-1286,서울특별시 노원구 동일로 지하 1308-1,중계역 3번출구,37.643528,127.065224
노원구,1670. 노원경찰서교차로,202506,1640,1579,노원경찰서교차로,ST-1287,서울특별시 노원구 노원로 283,노원경찰서교차로,37.64341,127.071838
노원구,1671. 인덕대학교,202506,806,1042,인덕대학교,ST-1288,서울특별시 노원구 초안산로 12,인덕대학교,37.629349,127.054825
노원구,1672. 상계동수락리버시티,202506,606,709,상계동수락리버시티,ST-1289,서울특별시 노원구 누원로 18,상계동수락리버시티,37.688599,127.053406
노원구,1674. 서울북부고용센터앞,202506,3658,3753,서울북부고용센터앞,ST-1291,서울특별시 노원구 노해로 450,서울북부고용센터앞,37.653549,127.058083
노원구,1675. 월계문화체육센터,202506,292,215,월계문화체육센터,ST-1348,서울특별시 노원구 월계로 280,월계문화체육센터,37.626942,127.05513
노원구,1678. 성서대학교 밀알관,202506,436,436,성서대학교 밀알관,ST-1394,서울특별시 노원구 동일로214길 32,성서대학교 밀알관,37.648438,127.064446
노원구,1679. 삼육대 도서관,202506,453,330,삼육대 도서관,ST-1395,서울특별시 노원구 화랑로 815,삼육대 도서관,37.64283,127.106667
노원구,1681. 현대6차 아파트,202506,1820,1428,현대6차 아파트,ST-1425,서울특별시 노원구 중계로8길 20,현대6차 아파트,37.645802,127.08226
노원구,1683. 노원문화예술회관,202506,2336,2337,노원문화예술회관,ST-1473,서울특별시 노원구 중계로 181,노원문화예술회관,37.650459,127.080887
노원구,1685. 불암고등학교 앞 횡단보도,202506,1894,1876,불암고등학교 앞 횡단보도,ST-1475,서울특별시 노원구 중계로 155,불암고등학교 앞 횡단보도,37.64819,127.080482
노원구,1688. 마들역 7번출구,202506,2791,2784,마들역 7번출구,ST-1639,서울특별시 노원구 동일로 지하 1530-1,마들역 7번출구,37.665661,127.057297
노원구,1689. 마들역 3번출구,202506,1943,2010,마들역 3번출구,ST-1640,서울특별시 노원구 동일로 지하 1530-1,마들역 3번출구,37.665249,127.057892
노원구,1692. 온곡초교 교차로,202506,2397,1617,온곡초교 교차로,ST-1672,서울특별시 노원구 한글비석로 471,온곡초교 교차로,37.664188,127.06601
도봉구,1714. 도봉문화정보도서관 삼거리,202506,470,108,도봉문화정보도서관 삼거리,ST-1130,서울특별시 도봉구 덕릉로 315,도봉문화정보도서관 삼거리,37.64463,127.044609
도봉구,1715. 서울특별시교육청도봉도서관,202506,777,716,서울특별시교육청도봉도서관,ST-1131,서울특별시 도봉구 삼양로556,서울특별시교육청도봉도서관,37.653179,127.012787
도봉구,1719. 신도봉사거리 버스정류장,202506,939,1004,신도봉사거리 버스정류장,ST-1135,서울특별시 도봉구 도봉로 771,신도봉사거리 버스정류장,37.673283,127.043991
도봉구,1720. 도봉구청 옆(중랑천변),202506,1929,1995,도봉구청 옆(중랑천변),ST-1136,서울특별시 도봉구 마들로 656,도봉구청 옆(중랑천변),37.668671,127.047981
도봉구,1722. 창동청소년수련관,202506,1102,1079,창동청소년수련관,ST-1292,서울특별시 도봉구 노해로69길 132,창동청소년수련관,37.657799,127.050049
도봉구,1723. 방학동학마을도서관,202506,302,299,방학동학마을도서관,ST-1293,서울특별시 도봉구 시루봉로 128,방학동학마을도서관,37.662079,127.027718
도봉구,1725. 창1동주민센터,202506,519,611,창1동주민센터,ST-1295,서울특별시 도봉구 해등로 46,창1동주민센터,37.647503,127.043312
도봉구,1727. 서울도봉초등학교인근,202506,801,810,서울도봉초등학교인근,ST-1297,서울특별시 도봉구 도봉로173길 96,서울도봉초등학교인근,37.678677,127.040764
도봉구,1730. 도봉산역 교차로 앞,202506,290,309,도봉산역 교차로 앞,ST-1462,서울특별시 도봉구 도봉산길 10,도봉산역 교차로 앞,37.687592,127.045502
도봉구,1733. 방학사거리 (봄마당 앞),202506,631,638,방학사거리 (봄마당 앞),ST-1465,서울특별시 도봉구 방학로 102,방학사거리 (봄마당 앞),37.662979,127.041939
도봉구,1734. 쌍문현대1차아파트 108동 앞,202506,1091,927,쌍문현대1차아파트 108동 앞,ST-1466,서울특별시 도봉구 해등로 218,쌍문현대1차아파트 108동 앞,37.65815,127.032669
도봉구,"1735. 도봉역 1,2번 출구사이 건너편",202506,1062,1063,"도봉역 1,2번 출구사이 건너편",ST-1467,서울특별시 도봉구 도봉로170길 2,"도봉역 1,2번 출구사이 건너편",37.679119,127.044983
도봉구,1736. 버스정류장 앞,202506,620,516,버스정류장 앞,ST-1468,서울특별시 도봉구 도봉로 528,버스정류장 앞,37.652241,127.037064
도봉구,1738. 창동주공17단지 상가앞,202506,1873,2032,창동주공17단지 상가앞,ST-1470,서울특별시 도봉구 덕릉로 404,창동주공17단지 상가앞,37.646309,127.052742
도봉구,1741. 제일강산수산입구,202506,1537,1355,제일강산수산입구,ST-1638,서울특별시 도봉구 도봉로 444,제일강산수산입구,37.645199,127.032982
도봉구,1742. 북한산 코오롱 하늘채,202506,2093,2033,북한산 코오롱 하늘채,ST-1726,서울특별시 도봉구 우이천로 367,북한산 코오롱 하늘채,37.648891,127.023018
동대문구,600. 휘경2동 주민센터,202506,320,343,휘경2동 주민센터,ST-260,서울특별시 동대문구 한천로 329,휘경2동 주민센터,37.589912,127.06868
동대문구,602. 장안동 사거리,202506,3972,4552,장안동 사거리,ST-262,서울특별시 동대문구 장한로 25길 2,장안동 사거리,37.572174,127.071388
동대문구,607. 신이문역 2번출구,202506,785,847,신이문역 2번출구,ST-267,서울특별시 동대문구 이문동186-1,신이문역 2번출구,37.602711,127.067863
동대문구,608. 전농삼성아파트,202506,367,304,전농삼성아파트,ST-268,서울특별시 동대문구 전농로 192,전농삼성아파트,37.58131,127.055344
동대문구,610. 동대문중 교차로,202506,1375,1306,동대문중 교차로,ST-270,서울특별시 동대문구 답십리동 524-1,동대문중 교차로,37.573086,127.052162
동대문구,612. 시립동부병원 앞 사거리,202506,2790,2837,시립동부병원 앞 사거리,ST-271,서울특별시 동대문구 용두동 237-10,시립동부병원 앞 사거리,37.573666,127.030815
동대문구,613. 신설동역 10번출구 앞,202506,2064,2199,신설동역 10번출구 앞,ST-272,서울특별시 동대문구 신설동 92-34,신설동역 10번출구 앞,37.575272,127.023468
동대문구,614. 용두동 사거리,202506,2855,2867,용두동 사거리,ST-273,서울특별시 동대문구 용두동 237-10,용두동 사거리,37.577686,127.031013
동대문구,617. 청솔우성아파트 앞,202506,1000,1047,청솔우성아파트 앞,ST-276,서울특별시 동대문구 답십리동 94-2,청솔우성아파트 앞,37.574203,127.057693
동대문구,627. 장안동삼거리 교통섬,202506,1528,1547,장안동삼거리 교통섬,ST-395,서울특별시 동대문구 사가정로 240,장안동삼거리 교통섬,37.578632,127.071907
동대문구,630. 동대문구 보건소,202506,2609,2715,동대문구 보건소,ST-397,서울특별시 동대문구 천호대로 145,동대문구 보건소,37.574852,127.040306
동대문구,631. 답십리역 1번출구,202506,3782,4284,답십리역 1번출구,ST-398,서울특별시 동대문구 천호대로 269,답십리역 1번출구,37.568184,127.051277
동대문구,634. 외국어대 정문 앞,202506,2484,2487,외국어대 정문 앞,ST-401,서울특별시 동대문구 이문로 107,외국어대 정문 앞,37.59602,127.05983
동대문구,637. KAIST 경영대학 앞,202506,1087,829,KAIST 경영대학 앞,ST-404,서울특별시 동대문구 회기로 85,KAIST 경영대학 앞,37.591614,127.045792
동대문구,638. 서울시립대 정보기술관,202506,785,682,서울시립대 정보기술관,ST-405,서울특별시 동대문구 한천로43길 12-14,서울시립대 정보기술관,37.583008,127.060974
동대문구,641. 용두역 4번출구,202506,2418,2569,용두역 4번출구,ST-408,서울특별시 동대문구 청계천로 563,용두역 4번출구,37.573753,127.038536
동대문구,648. 장안동위더스빌옆,202506,3276,3299,장안동위더스빌옆,ST-1300,서울특별시 동대문구 한천로 42,장안동위더스빌옆,37.5667,127.062424
동대문구,650. 중랑교사거리,202506,1631,1488,중랑교사거리,ST-1302,서울특별시 동대문구 망우로 131,중랑교사거리,37.591534,127.067741
동대문구,652. 답십리 래미안엘파인아파트 입구,202506,867,873,답십리 래미안엘파인아파트 입구,ST-1447,서울특별시 동대문구 사가정로 190,답십리 래미안엘파인아파트 입구,37.57653,127.065941
동대문구,654. 전농동 텃골공원,202506,970,647,전농동 텃골공원,ST-1449,서울특별시 동대문구 사가정로 65,전농동 텃골공원,37.577621,127.052109
동대문구,656. 영휘원 교차로,202506,1067,1253,영휘원 교차로,ST-1628,서울특별시 동대문구 홍릉로 78-1,영휘원 교차로,37.587238,127.043137
동대문구,660. 동의보감타워,202506,2413,2616,동의보감타워,ST-1632,서울특별시 동대문구 왕산로 128,동의보감타워,37.577999,127.037628
동작구,2059. 보라매공원 정문,202506,1703,1873,보라매공원 정문,ST-1151,서울특별시 동작구 신대방동 395,보라매공원 정문,37.497078,126.917793
동작구,2060. 남성역3번출구 뒤,202506,1600,1872,남성역3번출구 뒤,ST-1152,서울특별시 동작구 사당동 1131,남성역3번출구 뒤,37.484631,126.97155
동작구,2062. 사당새마을금고,202506,490,479,사당새마을금고,ST-1154,서울특별시 동작구 사당동 211-2,사당새마을금고,37.486652,126.967842
동작구,2064. 흑석한강푸르지오 106동앞,202506,31,31,흑석한강푸르지오 106동앞,ST-1355,서울특별시 동작구 흑석한강로 27,흑석한강푸르지오 106동앞,37.505356,126.966179
동작구,2068. 총신대 앞(육교),202506,141,53,총신대 앞(육교),ST-1544,서울특별시 동작구 동작대로 지하 3,총신대 앞(육교),37.488159,126.966476
동작구,2069. 숭실대 입구역3번 출구 앞,202506,708,486,숭실대 입구역3번 출구 앞,ST-1667,서울특별시 동작구 상도로 지하 378,숭실대 입구역3번 출구 앞,37.496601,126.953682
동작구,2070. 노량진역 2번 출구 앞,202506,1571,1943,노량진역 2번 출구 앞,ST-1545,서울특별시 동작구 노량진로 155,노량진역 2번 출구 앞,37.51392,126.943069
동작구,2071. 대림아파트 후문 상가 옆,202506,560,117,대림아파트 후문 상가 옆,ST-1742,서울특별시 동작구 사당로23길 137,대림아파트 후문 상가 옆,37.488869,126.971909
마포구,142. 아현역 4번출구 앞,202506,837,832,아현역 4번출구 앞,ST-200,서울특별시 마포구 아현동 329-15,아현역 4번출구 앞,37.557201,126.955666
마포구,145. 공덕역 5번출구,202506,1761,2034,공덕역 5번출구,ST-203,서울특별시 마포구 공덕동 237-9,공덕역 5번출구,37.54425,126.951637
마포구,147. 마포역 4번출구 뒤,202506,3488,4078,마포역 4번출구 뒤,ST-205,서울특별시 마포구 도화동 292-29,마포역 4번출구 뒤,37.539272,126.945915
마포구,148. 용강동 주민센터 앞,202506,1444,1525,용강동 주민센터 앞,ST-206,서울특별시 마포구 용강동 234-1,용강동 주민센터 앞,37.542347,126.943024
마포구,150. 서강대역 2번출구 앞,202506,1291,1296,서강대역 2번출구 앞,ST-207,서울특별시 마포구 노고산동 112-13,서강대역 2번출구 앞,37.552956,126.934341
마포구,153. 성산2교 사거리,202506,2398,2340,성산2교 사거리,ST-210,서울특별시 마포구 성산동 54-17,성산2교 사거리,37.564697,126.912613
마포구,154. 마포구청역 ,202506,3026,3388,마포구청역,ST-211,서울특별시 마포구 망원동 477-23,마포구청역,37.560909,126.905495
마포구,157. 애오개역 4번출구 앞,202506,1693,1811,애오개역 4번출구 앞,ST-214,서울특별시 마포구 아현동 607-1,애오개역 4번출구 앞,37.553001,126.956688
마포구,181. 망원초록길 입구,202506,1269,1275,망원초록길 입구,ST-339,서울특별시 마포구 마포나루길 467,망원초록길 입구,37.551342,126.902672
마포구,185. 마포 신수공원 앞,202506,1100,1049,마포 신수공원 앞,ST-343,서울특별시 마포구 현석동 106-32,마포 신수공원 앞,37.542545,126.934296
마포구,186. 월드컵공원,202506,3495,3509,월드컵공원,ST-344,서울특별시 마포구 하늘공원로 108-1,월드컵공원,37.563965,126.898209
마포구,199. 서울 월드컵 경기장,202506,1325,785,서울 월드컵 경기장,ST-443,서울특별시 마포구 성산동 515,서울 월드컵 경기장,37.566845,126.896446
마포구,400. 상암한화오벨리스크 1차 앞,202506,1285,1326,상암한화오벨리스크 1차 앞,ST-110,서울특별시 마포구 구룡길 19,상암한화오벨리스크 1차 앞,37.587524,126.883003
마포구,401. 상암월드컵파크 10단지 앞,202506,1000,1048,상암월드컵파크 10단지 앞,ST-76,서울특별시 마포구 월드컵북로 502-36,상암월드컵파크 10단지 앞,37.586189,126.881615
마포구,405. DMC빌 앞,202506,668,663,DMC빌 앞,ST-80,서울특별시 마포구 월드컵북로60길 13,DMC빌 앞,37.582657,126.885788
마포구,408. LG CNS앞,202506,917,932,LG CNS앞,ST-84,서울특별시 마포구 월드컵북로 424,LG CNS앞,37.580811,126.88665
마포구,409. 누리꿈스퀘어 옆,202506,2004,2026,누리꿈스퀘어 옆,ST-86,서울특별시 마포구 월드컵북로 396,누리꿈스퀘어 옆,37.579399,126.88916
마포구,411. DMC홍보관,202506,1417,1529,DMC홍보관,ST-90,서울특별시 마포구 월드컵북로 366,DMC홍보관,37.577995,126.891472
마포구,413. 상암월드컵파크 3단지 후문,202506,948,965,상암월드컵파크 3단지 후문,ST-92,서울특별시 마포구 매봉산로 8,상암월드컵파크 3단지 후문,37.571476,126.889687
마포구,414. 상암동주민센터 옆,202506,2275,2375,상암동주민센터 옆,ST-94,서울특별시 마포구 매봉산로2길 16,상암동주민센터 옆,37.57822,126.89447
마포구,424. 롯데하이마트 (상암월드컵점) ,202506,663,560,롯데하이마트 (상암월드컵점),ST-990,서울특별시 마포구 상암동 1715-29,롯데하이마트 (상암월드컵점),37.57362,126.898048
마포구,425. DMC첨단산업센터,202506,396,390,DMC첨단산업센터,ST-991,서울특별시 마포구 성암로330,DMC첨단산업센터,37.584503,126.885597
마포구,426. 서울신용보증재단,202506,1325,1546,서울신용보증재단,ST-992,서울특별시 마포구 마포대로 163,서울신용보증재단,37.549061,126.954178
마포구,432. 마포중앙도서관,202506,219,75,마포중앙도서관,ST-1494,서울특별시 마포구 성산로 128,마포중앙도서관,37.563339,126.908203
마포구,436. 이대역 5번출구,202506,585,186,이대역 5번출구,ST-1675,서울특별시 마포구 신촌로 지하 180,이대역 5번출구,37.556591,126.94619
마포구,438. 성산2-1 공영주차장,202506,1711,1533,성산2-1 공영주차장,ST-1692,서울특별시 마포구 모래내로 31,성산2-1 공영주차장,37.56472,126.906769
서대문구,159. 이대역 4번 출구,202506,360,253,이대역 4번 출구,ST-216,서울특별시 서대문구 대현동 60-11,이대역 4번 출구,37.556953,126.946342
서대문구,161. 무악재역1번 출구,202506,233,218,무악재역1번 출구,ST-218,서울특별시 서대문구 통일로 380-4,무악재역1번 출구,37.582245,126.950645
서대문구,163. 명지전문대학교 정문 앞,202506,556,556,명지전문대학교 정문 앞,ST-220,서울특별시 서대문구 홍은동 산25-3,명지전문대학교 정문 앞,37.583698,126.924965
서대문구,164. 북가좌1동 주민센터 ,202506,497,446,북가좌1동 주민센터,ST-221,서울특별시 서대문구 북가좌동 477-1,북가좌1동 주민센터,37.574478,126.910049
서대문구,167. 연가초등학교 옆,202506,501,140,연가초등학교 옆,ST-224,서울특별시 서대문구 북가좌동 70-119,연가초등학교 옆,37.57946,126.91713
서대문구,169. 북가좌 삼거리,202506,570,515,북가좌 삼거리,ST-226,서울특별시 서대문구 북가좌동 400,북가좌 삼거리,37.573002,126.907799
서대문구,171. 임광빌딩 앞,202506,592,599,임광빌딩 앞,ST-228,서울특별시 서대문구 미근동 317-1,임광빌딩 앞,37.564724,126.967278
서대문구,173. 서대문역 8번출구 앞,202506,314,316,서대문역 8번출구 앞,ST-230,서울특별시 서대문구 충정로2가 138,서대문역 8번출구 앞,37.564777,126.966148
서대문구,178. 증산3교 앞,202506,1462,1472,증산3교 앞,ST-349,서울특별시 서대문구 북가좌동 352-9,증산3교 앞,37.579876,126.906349
서대문구,188. 홍은동 정원여중 입구,202506,843,840,홍은동 정원여중 입구,ST-346,서울특별시 서대문구 연희로37안길 51,홍은동 정원여중 입구,37.586388,126.935127
서대문구,192. 연서어린이공원,202506,490,493,연서어린이공원,ST-348,서울특별시 서대문구 연희동 519-7,연서어린이공원,37.572227,126.923065
서대문구,194. 증산교 앞,202506,2331,2453,증산교 앞,ST-350,서울특별시 서대문구 불광천길 36,증산교 앞,37.577316,126.902969
서대문구,195. 모래내고가차도 ,202506,799,761,모래내고가차도,ST-351,서울특별시 서대문구 연희동 446-76,모래내고가차도,37.567657,126.917809
서대문구,196. 연희교차로 인근,202506,452,440,연희교차로 인근,ST-352,서울특별시 서대문구 홍제천로 48,연희교차로 인근,37.56612,126.925896
서대문구,3100. 북성초교,202506,292,272,북성초교,ST-1188,서울특별시 서대문구 신촌로 235-1,북성초교,37.557396,126.952164
서대문구,3101. 서대문구청,202506,379,323,서대문구청,ST-1189,서울특별시 서대문구 연희로 242,서대문구청,37.578381,126.936096
서대문구,3103. 홍제삼거리 북측,202506,909,915,홍제삼거리 북측,ST-1491,서울특별시 서대문구 통일로 지하 440-1,홍제삼거리 북측,37.5867,126.94677
서대문구,3104. e편한세상 신촌4단지 앞,202506,822,825,e편한세상 신촌4단지 앞,ST-1492,서울특별시 마포구 신촌로 지하 270,e편한세상 신촌4단지 앞,37.558128,126.956207
서대문구,3105. 홍은센트레빌 아파트 앞,202506,331,148,홍은센트레빌 아파트 앞,ST-1493,서울특별시 서대문구 통일로 553,홍은센트레빌 아파트 앞,37.597149,126.93853
서초구,2251. 더케이호텔 입구(양재2) ,202506,748,763,더케이호텔 입구(양재2),ST-781,서울특별시 서초구 바우뫼로12길 70,더케이호텔 입구(양재2),37.467506,127.034477
서초구,2266. 서초역 3번출구,202506,880,880,서초역 3번출구,ST-1158,서울특별시 서초구 서초동 1748-14,서초역 3번출구,37.49054,127.008163
서초구,2269. 주홍교 하부,202506,343,187,주홍교 하부,ST-1161,서울특별시 서초구 잠원동 91-29,주홍교 하부,37.510349,127.016052
서초구,2270. 서초포레스타 7단지,202506,482,454,서초포레스타 7단지,ST-1162,서울특별시 관악구 신원동 266,서초포레스타 7단지,37.448967,127.057739
서초구,2272. 교대입구 교차로,202506,538,544,교대입구 교차로,ST-1164,서울특별시 서초구 서초동 1748-33,교대입구 교차로,37.487309,127.010582
서초구,2273. 일동제약 사거리,202506,788,778,일동제약 사거리,ST-1165,서울특별시 서초구 양재동 67-12,일동제약 사거리,37.477829,127.038269
서초구,2285. LH서초3단지 301동 맞은편,202506,521,531,LH서초3단지 301동 맞은편,ST-1311,서울특별시 서초구 양재대로2길 33,LH서초3단지 301동 맞은편,37.457424,127.022652
서초구,2286. 탑성마을입구,202506,21,6,탑성마을입구,ST-1312,서울특별시 서초구 탑성말길 2,탑성마을입구,37.45855,127.055885
서초구,2287. 능안마을입구,202506,60,24,능안마을입구,ST-1313,서울특별시 서초구 능안말길 1-2,능안마을입구,37.45562,127.067101
서초구,2289. 남태령역 2번출구,202506,180,107,남태령역 2번출구,ST-1315,서울특별시 서초구 과천대로 810,남태령역 2번출구,37.464298,126.988525
서초구,2293. SPC 앞,202506,920,811,SPC 앞,ST-1360,서울특별시 서초구 남부순환로 2620,SPC 앞,37.484798,127.036995
서초구,2294. 두상빌딩 앞,202506,1557,1759,두상빌딩 앞,ST-1361,서울특별시 서초구 언남길 87,두상빌딩 앞,37.475906,127.046242
서초구,2297. 남부터미널역 1번출구,202506,756,630,남부터미널역 1번출구,ST-1404,서울특별시 서초구 서초중앙로 38,남부터미널역 1번출구,37.485672,127.015923
서초구,2299. 한전아트센터 앞,202506,857,859,한전아트센터 앞,ST-1406,서울특별시 서초구 효령로72길 60,한전아트센터 앞,37.486469,127.028061
서초구,2501. 서초 포레스타5단지,202506,534,505,서초 포레스타5단지,ST-1552,서울특별시 서초구 청계산로7길 43,서초 포레스타5단지,37.450661,127.05706
서초구,2502. 서초역1번출구 앞,202506,483,437,서초역1번출구 앞,ST-1553,서울특별시 서초구 서초대로 248,서초역1번출구 앞,37.491951,127.008553
서초구,2503. 반포1동 서초빌딩 앞,202506,1390,1513,반포1동 서초빌딩 앞,ST-1554,서울특별시 서초구 사평대로 349,반포1동 서초빌딩 앞,37.503811,127.021362
서초구,2504. 신사역 4번출구 뒤,202506,1459,1207,신사역 4번출구 뒤,ST-1555,서울특별시 서초구 강남대로 605,신사역 4번출구 뒤,37.515881,127.019302
서초구,2506. LG유플러스 (방배사옥),202506,147,82,LG유플러스 (방배사옥),ST-1557,서울특별시 서초구 효령로 58,LG유플러스 (방배사옥),37.479092,126.990677
서초구,2510. JW타워,202506,456,272,JW타워,ST-1735,서울특별시 서초구 남부순환로 2477,JW타워,37.48304,127.021461
성동구,3513. 상왕십리역 1번출구,202506,2511,1554,상왕십리역 1번출구,ST-1197,서울특별시 성동구 하왕십리동 860-1,상왕십리역 1번출구,37.56461,127.029198
성동구,3514. 왕십리교회옆,202506,3214,3244,왕십리교회옆,ST-1198,서울특별시 성동구 상왕십리동 350-1,왕십리교회옆,37.566261,127.023697
성동구,3515. 서울숲 관리사무소,202506,2657,2344,서울숲 관리사무소,ST-1199,서울특별시 성동구 성수동1가 678-1,서울숲 관리사무소,37.542816,127.042084
성동구,3530. 왕십리자이아파트 후문(삼거리),202506,320,246,왕십리자이아파트 후문(삼거리),ST-1616,서울특별시 성동구 무학봉길 35,왕십리자이아파트 후문(삼거리),37.560146,127.02636
성동구,3531. 논골사거리(금호도서관 입구),202506,191,53,논골사거리(금호도서관 입구),ST-1617,서울특별시 성동구 난계로 20,논골사거리(금호도서관 입구),37.554779,127.024841
성동구,3532. 왕십리KCC스위첸아파트,202506,246,169,왕십리KCC스위첸아파트,ST-1618,서울특별시 성동구 무학봉길 35,왕십리KCC스위첸아파트,37.56068,127.026779
성동구,512. 뚝섬역 1번 출구 옆,202506,3197,3164,뚝섬역 1번 출구 옆,ST-109,서울특별시 성동구 아차산로 18,뚝섬역 1번 출구 옆,37.548561,127.045006
성동구,513. 뚝섬역 5번 출구 정류소 옆,202506,1480,1462,뚝섬역 5번 출구 정류소 옆,ST-111,서울특별시 성동구 아차산로 18,뚝섬역 5번 출구 정류소 옆,37.546307,127.049805
성동구,514. 성수사거리 버스정류장 앞,202506,2957,2895,성수사거리 버스정류장 앞,ST-112,서울특별시 성동구 아차산로 171,성수사거리 버스정류장 앞,37.54258,127.063309
성동구,518. 청계천 박물관 앞,202506,891,904,청계천 박물관 앞,ST-234,서울특별시 성동구 마장동 610,청계천 박물관 앞,37.571526,127.035355
성동구,519. 양지사거리,202506,1071,920,양지사거리,ST-235,서울특별시 성동구 홍익동 590,양지사거리,37.566994,127.029915
성동구,520. 상왕십리역 4번 출구 앞,202506,1037,915,상왕십리역 4번 출구 앞,ST-236,서울특별시 성동구 하왕십리동 960-3,상왕십리역 4번 출구 앞,37.563858,127.030319
성동구,521. 왕십리역 11번 출구 앞,202506,1755,1778,왕십리역 11번 출구 앞,ST-237,서울특별시 성동구 행당동 188-9,왕십리역 11번 출구 앞,37.561447,127.03492
성동구,522. 금호역 1번출구 앞,202506,322,343,금호역 1번출구 앞,ST-238,서울특별시 성동구 금호동3가 1575-3,금호역 1번출구 앞,37.548641,127.016426
성동구,523. 옥수동성당 옆,202506,90,64,옥수동성당 옆,ST-239,서울특별시 성동구 옥수동 산5-148,옥수동성당 옆,37.543663,127.014061
성동구,524. 래미안금호하이리버 아파트 102동 옆,202506,395,384,래미안금호하이리버 아파트 102동 옆,ST-240,서울특별시 성동구 금호동2가 1220-1,래미안금호하이리버 아파트 102동 옆,37.5522,127.025055
성동구,525. 한양대병원사거리,202506,1509,1220,한양대병원사거리,ST-241,서울특별시 성동구 행당동 20-2,한양대병원사거리,37.558052,127.040352
성동구,526. 용답토속공원 앞,202506,910,1016,용답토속공원 앞,ST-242,서울특별시 성동구 용답동 224-1,용답토속공원 앞,37.563511,127.056725
성동구,534. 금호사거리,202506,320,328,금호사거리,ST-246,서울특별시 성동구 금호동2가 1205-1,금호사거리,37.548634,127.025726
성동구,535. 응봉삼거리,202506,714,411,응봉삼거리,ST-247,서울특별시 성동구 응봉동 134-26,응봉삼거리,37.553986,127.033592
성동구,536. 행당역 2번출구 앞,202506,791,818,행당역 2번출구 앞,ST-248,서울특별시 성동구 행당동 347-11,행당역 2번출구 앞,37.55735,127.029213
성동구,550. 서울시설공단 앞,202506,1539,1586,서울시설공단 앞,ST-251,서울특별시 성동구 마장동 610,서울시설공단 앞,37.57164,127.03566
성동구,556. 달맞이공원,202506,204,206,달맞이공원,ST-357,서울특별시 성동구 금호동4가 367-1,달맞이공원,37.542053,127.020401
성동구,557. 도선동 주민센터 앞,202506,1514,1587,도선동 주민센터 앞,ST-358,서울특별시 성동구 무학로10길 6,도선동 주민센터 앞,37.567642,127.025696
성동구,558. 성동광진 교육지원청 앞,202506,1834,1796,성동광진 교육지원청 앞,ST-359,서울특별시 성동구 고산자로 260,성동광진 교육지원청 앞,37.564606,127.036522
성동구,559. 왕십리역 4번 출구 건너편,202506,2377,2416,왕십리역 4번 출구 건너편,ST-360,서울특별시 성동구 왕십리광장로 10-1,왕십리역 4번 출구 건너편,37.561096,127.036797
성동구,560. 비전교회 앞,202506,2884,2899,비전교회 앞,ST-361,서울특별시 성동구 동일로 213,비전교회 앞,37.551205,127.068932
성동구,561. 서울숲역 2번출구 앞,202506,2084,2068,서울숲역 2번출구 앞,ST-362,서울특별시 성동구 왕십리로 64,서울숲역 2번출구 앞,37.542816,127.04467
성동구,563. 성동세무서 건너편,202506,2013,2227,성동세무서 건너편,ST-364,서울특별시 성동구 광나루로 302,성동세무서 건너편,37.547913,127.062752
성동구,564. 금호역 3번출구,202506,165,101,금호역 3번출구,ST-365,서울특별시 성동구 동호로 99,금호역 3번출구,37.547928,127.015572
성동구,578. 성동세무서 부근,202506,1754,1756,성동세무서 부근,ST-356,서울특별시 성동구 광나루로 297,성동세무서 부근,37.548164,127.06237
성동구,579. 마장역 4번출구,202506,1156,1192,마장역 4번출구,ST-372,서울특별시 성동구 마장로 292-1,마장역 4번출구,37.565205,127.041847
성동구,582. 경일중학교 앞,202506,2037,2039,경일중학교 앞,ST-375,서울특별시 성동구 성수일로 27,경일중학교 앞,37.543179,127.04908
성동구,583. 청계천 생태교실 앞,202506,7100,7443,청계천 생태교실 앞,ST-376,서울특별시 성동구 마장로39길 51,청계천 생태교실 앞,37.56797,127.04689
성동구,585. 성수2가1동 공영주차장 인근,202506,5005,5117,성수2가1동 공영주차장 인근,ST-446,서울특별시 성동구 성수동2가 569-3,성수2가1동 공영주차장 인근,37.536808,127.055489
성동구,586. 마장동 주민센터,202506,937,1001,마장동 주민센터,ST-447,서울특별시 성동구 마장로42길 14,마장동 주민센터,37.565941,127.045395
성북구,1302. 한성대입구역6번출구 뒤,202506,797,796,한성대입구역6번출구 뒤,ST-825,서울특별시 성북구 동소문로 1,한성대입구역6번출구 뒤,37.588764,127.00631
성북구,1304. 만해공원,202506,158,36,만해공원,ST-826,서울특별시 성북구 성북로 132-1,만해공원,37.594402,126.99231
성북구,1305. 성북구청,202506,1899,2122,성북구청,ST-947,서울특별시 성북구 보문로 168,성북구청,37.589329,127.016434
성북구,1342. 성북쉼터 앞,202506,204,108,성북쉼터 앞,ST-1206,서울특별시 성북구 성북로21길 32,성북쉼터 앞,37.592617,126.997932
성북구,1343. 한성대7번출구 앞,202506,500,500,한성대7번출구 앞,ST-1207,서울특별시 성북구 동소문로 11,한성대7번출구 앞,37.589249,127.007378
성북구,1344. 아리랑시네센터 앞,202506,220,156,아리랑시네센터 앞,ST-1208,서울특별시 성북구 아리랑로 82,아리랑시네센터 앞,37.600288,127.013702
성북구,1346. 길음8골어린이공원 옆,202506,868,839,길음8골어린이공원 옆,ST-1210,서울특별시 성북구 길음로13길 22,길음8골어린이공원 옆,37.608978,127.020248
성북구,1347. 길음래미안아파트817동 상가 앞,202506,338,333,길음래미안아파트817동 상가 앞,ST-1211,서울특별시 성북구 길음로 33,길음래미안아파트817동 상가 앞,37.607105,127.0215
성북구,1348. 성북제일새마을금고 본점 앞,202506,546,564,성북제일새마을금고 본점 앞,ST-1212,서울특별시 성북구 길음로 20,성북제일새마을금고 본점 앞,37.604752,127.022758
성북구,1352. e 편한세상 보문아파트 내,202506,266,242,e 편한세상 보문아파트 내,ST-1216,서울특별시 성북구 낙산길 255,e 편한세상 보문아파트 내,37.583881,127.017097
성북구,1353. 금호어울림센터힐 내,202506,314,317,금호어울림센터힐 내,ST-1217,서울특별시 성북구 동소문로34길 73,금호어울림센터힐 내,37.60083,127.023552
성북구,1354. 고려대학교 2번출구,202506,1778,1833,고려대학교 2번출구,ST-1317,서울특별시 성북구 종암로 지하 1,고려대학교 2번출구,37.590714,127.036194
성북구,1357. 북한산보국문역,202506,336,337,북한산보국문역,ST-1383,서울특별시 성북구 보국문로 91,북한산보국문역,37.612072,127.008133
성북구,1358. 정릉도서관 앞,202506,509,512,정릉도서관 앞,ST-1384,서울특별시 성북구 보국문로 7-10,정릉도서관 앞,37.60479,127.010582
성북구,1360. 정릉역,202506,547,562,정릉역,ST-1386,서울특별시 성북구 정릉로 272,정릉역,37.603096,127.013504
성북구,1363. 보문4교 인근,202506,2875,3031,보문4교 인근,ST-1455,서울특별시 성북구 보문로22길 28,보문4교 인근,37.583752,127.02195
성북구,1364. 성북동 치안센터 앞,202506,731,725,성북동 치안센터 앞,ST-1456,서울특별시 성북구 성북로 25,성북동 치안센터 앞,37.590172,127.004089
성북구,1365. 선잠단지 앞,202506,300,244,선잠단지 앞,ST-1457,서울특별시 성북구 성북로 102-10,선잠단지 앞,37.593361,126.999092
성북구,1366. 일신초등학교 옆,202506,460,472,일신초등학교 옆,ST-1458,서울특별시 성북구 월곡로 74,일신초등학교 옆,37.59972,127.040382
성북구,1370. 복자사랑 피정의 집,202506,150,121,복자사랑 피정의 집,ST-1634,서울특별시 성북구 성북로 132-4,복자사랑 피정의 집,37.59454,126.995209
성북구,1372. KEB은행 고대점,202506,1007,800,KEB은행 고대점,ST-1636,서울특별시 성북구 인촌로 113,KEB은행 고대점,37.586445,127.031601
성북구,1375. 생명의 전화 종합복지관 앞 교차로,202506,1261,1341,생명의 전화 종합복지관 앞 교차로,ST-1723,서울특별시 성북구 오패산로 21,생명의 전화 종합복지관 앞 교차로,37.603909,127.037376
송파구,1251. 석촌역 2번출구,202506,3514,3493,석촌역 2번출구,ST-1070,서울특별시 송파구 송파동 68,석촌역 2번출구,37.505932,127.10775
송파구,1253. 오금역 3번 출구 뒤,202506,834,840,오금역 3번 출구 뒤,ST-1072,서울특별시 송파구 가락동 10-15,오금역 3번 출구 뒤,37.501652,127.128181
송파구,1256. 문정현대아파트 교차로,202506,841,842,문정현대아파트 교차로,ST-1075,서울특별시 송파구 문정동 3-2,문정현대아파트 교차로,37.491131,127.125809
송파구,1258. 가락미륭아파트 앞,202506,651,482,가락미륭아파트 앞,ST-1077,서울특별시 송파구 가락동 195-4,가락미륭아파트 앞,37.493198,127.128998
송파구,1259. 방이역 1번출구,202506,2136,2113,방이역 1번출구,ST-1078,서울특별시 송파구 오금동 17-20,방이역 1번출구,37.508984,127.126595
송파구,1260. 방이동 한양3차아파트 옆,202506,1682,1693,방이동 한양3차아파트 옆,ST-1079,서울특별시 송파구 방이동 225-1,방이동 한양3차아파트 옆,37.506302,127.121399
송파구,1262. 송파여성문화회관 앞,202506,2983,2987,송파여성문화회관 앞,ST-1081,서울특별시 송파구 송파동 2-3,송파여성문화회관 앞,37.505802,127.109718
송파구,1263. 장지공영차고지,202506,412,450,장지공영차고지,ST-1082,서울특별시 송파구 장지동 861-6,장지공영차고지,37.480541,127.137016
송파구,1264. 천호역 10번 출구 앞,202506,4202,4183,천호역 10번 출구 앞,ST-1083,서울특별시 송파구 풍납동 490-16,천호역 10번 출구 앞,37.538582,127.122803
송파구,1265. 문정동 근린공원,202506,1576,1580,문정동 근린공원,ST-1084,서울특별시 송파구 문정동 38-3,문정동 근린공원,37.485989,127.124763
송파구,1267. 올림픽공원 남2문 앞,202506,1650,1547,올림픽공원 남2문 앞,ST-1086,서울특별시 송파구 올림픽로 424,올림픽공원 남2문 앞,37.51424,127.12307
송파구,1268. 몽촌토성역 1번출구 옆,202506,2389,2381,몽촌토성역 1번출구 옆,ST-1087,서울특별시 송파구 방이동 88-21,몽촌토성역 1번출구 옆,37.517288,127.114197
송파구,1269. 리센츠아파트 ,202506,2215,2038,리센츠아파트,ST-1088,서울특별시 송파구 올림픽로 135,리센츠아파트,37.511944,127.091217
송파구,1271. 송파도서관,202506,1215,1228,송파도서관,ST-1089,서울특별시 송파구 동남로 263,송파도서관,37.499985,127.135391
송파구,1274. 영파여고 앞,202506,1900,1866,영파여고 앞,ST-1092,서울특별시 송파구 올림픽로 565,영파여고 앞,37.532848,127.121048
송파구,1275. 거여초등학교 옆,202506,597,768,거여초등학교 옆,ST-1367,서울특별시 송파구 마천로25길 18,거여초등학교 옆,37.504589,127.139366
송파구,1279. 마천금호어울림 1차아파트 건너편,202506,371,388,마천금호어울림 1차아파트 건너편,ST-1410,서울특별시 송파구 성내천로39길 4,마천금호어울림 1차아파트 건너편,37.497517,127.154678
송파구,1280. 송파파크데일 2단지입구 앞 주차장,202506,481,476,송파파크데일 2단지입구 앞 주차장,ST-1411,서울특별시 송파구 성내천로47길 23,송파파크데일 2단지입구 앞 주차장,37.495659,127.157173
송파구,1282. 송파소방서 맞은편(성내4교),202506,1686,2003,송파소방서 맞은편(성내4교),ST-1413,서울특별시 송파구 오금로51길 56,송파소방서 맞은편(성내4교),37.499874,127.141479
송파구,1285. 위례별 유치원 뒤,202506,418,416,위례별 유치원 뒤,ST-1416,서울특별시 송파구 위례광장로 136,위례별 유치원 뒤,37.47747,127.144592
송파구,1286. 위례중앙푸르지오 1단지 앞,202506,1333,1326,위례중앙푸르지오 1단지 앞,ST-1417,서울특별시 송파구 위례광장로 120,위례중앙푸르지오 1단지 앞,37.474377,127.140671
송파구,1288. 문정중교 사거리,202506,1633,1578,문정중교 사거리,ST-1419,서울특별시 송파구 송이로 238,문정중교 사거리,37.487999,127.131088
송파구,1291. 서울체육고등학교 앞,202506,2555,2641,서울체육고등학교 앞,ST-1580,서울특별시 송파구 강동대로 232,서울체육고등학교 앞,37.521938,127.131866
송파구,1295. 잠실역 8번출구,202506,4405,4381,잠실역 8번출구,ST-1584,서울특별시 송파구 올림픽로 305,잠실역 8번출구,37.513962,127.100304
송파구,1296. 석촌호수교차로 (송파나루근린공원 앞),202506,876,871,석촌호수교차로 (송파나루근린공원 앞),ST-1585,서울특별시 송파구 석촌호수로12길 1-16,석촌호수교차로 (송파나루근린공원 앞),37.508678,127.103432
송파구,1297. 석촌호수교차로(동호 팔각정 앞),202506,3870,3866,석촌호수교차로(동호 팔각정 앞),ST-1586,서울특별시 송파구 석촌호수로12길 1-16,석촌호수교차로(동호 팔각정 앞),37.509201,127.104118
송파구,1299. 송파소방서 (방이119안전센터),202506,762,689,송파소방서 (방이119안전센터),ST-1588,서울특별시 송파구 강동대로 286,송파소방서 (방이119안전센터),37.519878,127.136711
송파구,1300. 오륜사거리,202506,909,934,오륜사거리,ST-1589,서울특별시 송파구 성내천로16길 17,오륜사거리,37.506939,127.139221
송파구,2609. 보성중고등학교 후문 앞,202506,353,324,보성중고등학교 후문 앞,ST-1682,서울특별시 송파구 양재대로 1278,보성중고등학교 후문 앞,37.520489,127.135201
송파구,2614. 가락고등학교 앞,202506,605,540,가락고등학교 앞,ST-1706,서울특별시 송파구 송이로 42,가락고등학교 앞,37.501862,127.117233
송파구,2615. 테라타워2,202506,3237,3218,테라타워2,ST-1707,서울특별시 송파구 송파대로 201,테라타워2,37.48835,127.120781
송파구,2617. 가락삼환아파트 앞,202506,649,583,가락삼환아파트 앞,ST-1717,서울특별시 송파구 오금로 지하 402,가락삼환아파트 앞,37.496181,127.138031
송파구,2618. 삼전역 1번출구,202506,2566,2638,삼전역 1번출구,ST-1728,서울특별시 송파구 백제고분로 187,삼전역 1번출구,37.504711,127.087563
송파구,2619. 석촌고분역 4번출구,202506,2348,2499,석촌고분역 4번출구,ST-1729,서울특별시 송파구 백제고분로 272,석촌고분역 4번출구,37.502338,127.096443
송파구,2620. 송파나루역 4번 출구옆,202506,6174,6288,송파나루역 4번 출구옆,ST-1730,서울특별시 송파구 오금로 162,송파나루역 4번 출구옆,37.509979,127.112312
송파구,2621. 한성백제역 2번 출구,202506,3867,3888,한성백제역 2번 출구,ST-1719,서울특별시 송파구 위례성대로 51,한성백제역 2번 출구,37.516659,127.116257
송파구,2622. 올림픽공원역 3번출구,202506,8003,7984,올림픽공원역 3번출구,ST-1720,서울특별시 송파구 양재대로 지하 1233,올림픽공원역 3번출구,37.516258,127.130592
양천구,700. KB국민은행 염창역 지점 앞,202506,1625,1441,KB국민은행 염창역 지점 앞,ST-308,서울특별시 양천구 목동 559,KB국민은행 염창역 지점 앞,37.546848,126.872772
양천구,701. 목동사거리 부근,202506,2004,1975,목동사거리 부근,ST-309,서울특별시 양천구 목동 813,목동사거리 부근,37.532803,126.86393
양천구,702. 목4동주민센터 옆,202506,2674,2658,목4동주민센터 옆,ST-310,서울특별시 양천구 목동 904-3,목4동주민센터 옆,37.532543,126.868729
양천구,704. 남부법원검찰청 교차로,202506,3113,3047,남부법원검찰청 교차로,ST-312,서울특별시 양천구 신정동 1095,남부법원검찰청 교차로,37.523254,126.864906
양천구,706. 신정네거리역,202506,1347,1210,신정네거리역,ST-313,서울특별시 양천구 신월동 894,신정네거리역,37.521881,126.851753
양천구,708. 서울출입국관리사무소 앞,202506,4777,4844,서울출입국관리사무소 앞,ST-315,서울특별시 양천구 신정동 319-3,서울출입국관리사무소 앞,37.51897,126.869965
양천구,709. 신정3동 현장민원실 앞,202506,967,823,신정3동 현장민원실 앞,ST-316,서울특별시 양천구 신정동 760-2,신정3동 현장민원실 앞,37.511585,126.84156
양천구,711. 신일해피트리아파트 앞,202506,1390,370,신일해피트리아파트 앞,ST-318,서울특별시 양천구 신월동 1063-4,신일해피트리아파트 앞,37.517059,126.848488
양천구,712. 강월초교입구 사거리,202506,883,1295,강월초교입구 사거리,ST-319,서울특별시 양천구 신월동 905,강월초교입구 사거리,37.516998,126.838318
양천구,713. 양서중학교 옆,202506,798,757,양서중학교 옆,ST-320,서울특별시 양천구 신월동 790,양서중학교 옆,37.533047,126.829956
양천구,714. 한국SGI 양천문화회관 앞,202506,841,679,한국SGI 양천문화회관 앞,ST-321,서울특별시 양천구 신월동 790,한국SGI 양천문화회관 앞,37.532547,126.830803
양천구,720. 서울강월초등학교 앞,202506,868,391,서울강월초등학교 앞,ST-432,서울특별시 양천구 신월로 97,서울강월초등학교 앞,37.516197,126.8349
양천구,723. SBS방송국,202506,2203,2278,SBS방송국,ST-994,서울특별시 양천구 목동서로161,SBS방송국,37.529163,126.872749
양천구,725. 양강중학교앞 교차로,202506,277,273,양강중학교앞 교차로,ST-996,서울특별시 양천구 남부순환로88길5-16,양강중학교앞 교차로,37.524334,126.850548
양천구,726. 목동3단지 시내버스정류장,202506,4642,4633,목동3단지 시내버스정류장,ST-997,서울특별시 양천구 목동중앙로 49,목동3단지 시내버스정류장,37.53439,126.869598
양천구,729. 서부식자재마트 건너편,202506,1774,1932,서부식자재마트 건너편,ST-1000,서울특별시 양천구 신정동 236,서부식자재마트 건너편,37.51038,126.866798
양천구,731. 서울시 도로환경관리센터,202506,3435,3519,서울시 도로환경관리센터,ST-1002,서울특별시 양천구 목동동로 316-6,서울시 도로환경관리센터,37.5299,126.876541
양천구,733. 신정이펜하우스314동,202506,1093,482,신정이펜하우스314동,ST-1004,서울특별시 양천구 신정이펜1로50,신정이펜하우스314동,37.514099,126.831001
양천구,734. 신트리공원 입구,202506,3315,3302,신트리공원 입구,ST-1005,서울특별시 양천구 신정동 310-8,신트리공원 입구,37.51395,126.856056
양천구,736. 오솔길공원,202506,1248,1325,오솔길공원,ST-1007,서울특별시 양천구 남부순환로70길11-9,오솔길공원,37.52219,126.8367
양천구,740. 으뜸공원,202506,1504,1754,으뜸공원,ST-1011,서울특별시 양천구 가로공원로 133,으뜸공원,37.536369,126.831711
양천구,741. 화곡로 입구 교차로,202506,724,718,화곡로 입구 교차로,ST-1012,서울특별시 양천구 신월동 258,화곡로 입구 교차로,37.53952,126.825401
양천구,742. 등촌역 5번 출구 뒤,202506,1067,1066,등촌역 5번 출구 뒤,ST-1013,서울특별시 양천구 등촌로 236,등촌역 5번 출구 뒤,37.550732,126.864578
양천구,743. 현대6차아파트 101동 옆,202506,1222,1377,현대6차아파트 101동 옆,ST-1014,서울특별시 양천구 신정동 735-5,현대6차아파트 101동 옆,37.5089,126.842682
양천구,744. 신목동역 2번 출구,202506,3784,3773,신목동역 2번 출구,ST-1015,서울특별시 양천구 목동중앙로 212 앞,신목동역 2번 출구,37.543842,126.882545
양천구,745. 강서초등학교,202506,624,722,강서초등학교,ST-1016,서울특별시 양천구 오목로 31 부근,강서초등학교,37.522282,126.839699
양천구,746. 목동2단지 상가,202506,4414,4373,목동2단지 상가,ST-1017,서울특별시 양천구 목동 902-5,목동2단지 상가,37.536503,126.877747
양천구,747. 목동3단지 상가,202506,3163,3188,목동3단지 상가,ST-1018,서울특별시 양천구 목동 903-6,목동3단지 상가,37.53458,126.875649
양천구,748. 목동운동장,202506,621,645,목동운동장,ST-1019,서울특별시 양천구 안양천로 939,목동운동장,37.530251,126.879303
양천구,752. 성원2차 아파트,202506,1039,930,성원2차 아파트,ST-1400,서울특별시 양천구 목동중앙남로 100,성원2차 아파트,37.542183,126.863304
양천구,756. 목동주차장,202506,1740,1742,목동주차장,ST-1497,서울특별시 양천구 목동동로 298,목동주차장,37.52668,126.876167
양천구,757. 신정이펜하우스 1단지아파트 입구 사거리,202506,733,366,신정이펜하우스 1단지아파트 입구 사거리,ST-1498,서울특별시 양천구 신정이펜1로 99,신정이펜하우스 1단지아파트 입구 사거리,37.514278,126.828743
양천구,758. 한사랑교회 앞,202506,1641,1624,한사랑교회 앞,ST-1499,서울특별시 양천구 목동동로 33,한사랑교회 앞,37.514721,126.8592
양천구,759. 보아스아파트 앞,202506,738,840,보아스아파트 앞,ST-1500,서울특별시 양천구 오목로3길 32,보아스아파트 앞,37.524071,126.8386
양천구,760. 잣절보도육교 아래,202506,510,525,잣절보도육교 아래,ST-1501,서울특별시 양천구 남부순환로 699,잣절보도육교 아래,37.506821,126.844299
양천구,763. 목동11단지 아파트,202506,1547,1294,목동11단지 아파트,ST-1504,서울특별시 양천구 목동동로 10,목동11단지 아파트,37.510658,126.859161
양천구,765. 오목교역 3번출구,202506,6072,6547,오목교역 3번출구,ST-1731,서울특별시 양천구 목동동로 270,오목교역 3번출구,37.524776,126.875481
영등포구,207. 여의나루역 1번출구 앞,202506,7210,7079,여의나루역 1번출구 앞,ST-73,서울특별시 영등포구 여의동로 지하343,여의나루역 1번출구 앞,37.527157,126.9319
영등포구,214. 금융감독원 앞,202506,1583,1572,금융감독원 앞,ST-60,서울특별시 영등포구 여의대로 38,금융감독원 앞,37.523022,126.920837
영등포구,217. NH농협은행 앞,202506,3919,3918,NH농협은행 앞,ST-66,서울특별시 영등포구 국제금융로8길 2,NH농협은행 앞,37.522079,126.930367
영등포구,219. 롯데캐슬엠파이어 옆,202506,2703,2704,롯데캐슬엠파이어 옆,ST-62,서울특별시 영등포구 의사당대로 127,롯데캐슬엠파이어 옆,37.520695,126.925835
영등포구,220. 미성아파트 A동 앞,202506,1691,1658,미성아파트 A동 앞,ST-63,서울특별시 영등포구 의사당대로 110,미성아파트 A동 앞,37.519363,126.926048
영등포구,224. 롯데캐슬 앞,202506,2546,2508,롯데캐슬 앞,ST-70,서울특별시 영등포구 국제금융로 86,롯데캐슬 앞,37.520088,126.932365
영등포구,226. 샛강역 1번출구 앞,202506,2398,2192,샛강역 1번출구 앞,ST-72,서울특별시 영등포구 의사당대로 지하166,샛강역 1번출구 앞,37.517765,126.928413
영등포구,228. 선유도역 3번출구 앞,202506,4332,4465,선유도역 3번출구 앞,ST-278,서울특별시 영등포구 양평동4가 202-1,선유도역 3번출구 앞,37.53846,126.894508
영등포구,229. 양평1 보행육교 앞,202506,2616,2642,양평1 보행육교 앞,ST-279,서울특별시 영등포구 양평동4가 20-4,양평1 보행육교 앞,37.535873,126.892181
영등포구,231. 남부고용노동지청 남측,202506,2753,2766,남부고용노동지청 남측,ST-280,서울특별시 영등포구 양평동1가 115-2,남부고용노동지청 남측,37.524506,126.891823
영등포구,232. 양평우림 이비즈센타 앞,202506,3257,3232,양평우림 이비즈센타 앞,ST-281,서울특별시 영등포구 양평동3가 14-1,양평우림 이비즈센타 앞,37.52565,126.887817
영등포구,235. 신길동 우리은행 옆,202506,887,860,신길동 우리은행 옆,ST-284,서울특별시 영등포구 신길동 250-4,신길동 우리은행 옆,37.504566,126.910233
영등포구,236. 문래동자이아파트 앞,202506,3742,3742,문래동자이아파트 앞,ST-285,서울특별시 영등포구 문래동3가 68-1,문래동자이아파트 앞,37.516155,126.894615
영등포구,238. 제2구민체육센타 앞,202506,3134,3128,제2구민체육센타 앞,ST-287,서울특별시 영등포구 당산동4가 96-2,제2구민체육센타 앞,37.526386,126.902756
영등포구,239. 유스호스텔 앞,202506,1495,1412,유스호스텔 앞,ST-288,서울특별시 영등포구 영등포동7가 58-2,유스호스텔 앞,37.525852,126.903282
영등포구,240. 문래역 4번출구 앞,202506,4415,4164,문래역 4번출구 앞,ST-289,서울특별시 영등포구 문래동3가 55-12,문래역 4번출구 앞,37.518738,126.895576
영등포구,242. 신길선원가와인아파트 앞,202506,1126,639,신길선원가와인아파트 앞,ST-291,서울특별시 영등포구 신길동 215-28,신길선원가와인아파트 앞,37.510933,126.910225
영등포구,243. 이앤씨드림타워 앞,202506,4109,4157,이앤씨드림타워 앞,ST-292,서울특별시 영등포구 양평동3가 48-1,이앤씨드림타워 앞,37.527084,126.89138
영등포구,244. 영등포삼환아파트 앞,202506,2337,2201,영등포삼환아파트 앞,ST-293,서울특별시 영등포구 영등포동8가 82-4,영등포삼환아파트 앞,37.530079,126.905708
영등포구,245. 삼성생명 당산사옥 앞,202506,3581,3604,삼성생명 당산사옥 앞,ST-294,서울특별시 영등포구 당산동4가 35-24,삼성생명 당산사옥 앞,37.528263,126.896629
영등포구,248. 초원아파트 앞,202506,1397,1384,초원아파트 앞,ST-296,서울특별시 영등포구 여의도동8-13,초원아파트 앞,37.531055,126.92421
영등포구,251. 서울지방병무청 버스정류장,202506,879,732,서울지방병무청 버스정류장,ST-299,서울특별시 영등포구 신길동853,서울지방병무청 버스정류장,37.504494,126.921951
영등포구,254. 도림신협 앞,202506,2015,2149,도림신협 앞,ST-302,서울특별시 영등포구 신길동263-76,도림신협 앞,37.503803,126.903419
영등포구,256. 동아에코빌입구,202506,1329,1251,동아에코빌입구,ST-304,서울특별시 영등포구 도림동 159-70,동아에코빌입구,37.509476,126.8993
영등포구,258. 신길역3번출구,202506,2034,2032,신길역3번출구,ST-306,서울특별시 영등포구 영등포동1가35,신길역3번출구,37.517693,126.914299
영등포구,259. 대방역6번출구,202506,3468,3569,대방역6번출구,ST-307,서울특별시 영등포구 신길동1368,대방역6번출구,37.513592,126.925934
영등포구,263. 근로자회관 사거리,202506,4148,4259,근로자회관 사거리,ST-417,서울특별시 영등포구 선유로 34,근로자회관 사거리,37.517151,126.888626
영등포구,264. 교보생명보험 앞,202506,2157,1858,교보생명보험 앞,ST-418,서울특별시 영등포구 영등포로 96,교보생명보험 앞,37.521931,126.891617
영등포구,265. 영등포유통상가 사거리,202506,2281,2151,영등포유통상가 사거리,ST-419,서울특별시 영등포구 영등포로 124,영등포유통상가 사거리,37.521133,126.896538
영등포구,266. 영등포청과시장 사거리,202506,1884,1845,영등포청과시장 사거리,ST-420,서울특별시 영등포구 영등포로 177,영등포청과시장 사거리,37.520294,126.901192
영등포구,267. 삼성화재 사옥 옆,202506,2678,2557,삼성화재 사옥 옆,ST-421,서울특별시 영등포구 양평로 76,삼성화재 사옥 옆,37.535961,126.8983
영등포구,268. 그랜드컨벤션센터 앞,202506,2812,2790,그랜드컨벤션센터 앞,ST-422,서울특별시 영등포구 양평로 58,그랜드컨벤션센터 앞,37.534718,126.900002
영등포구,270. 증권거래소후문교차로,202506,1373,1359,증권거래소후문교차로,ST-424,서울특별시 영등포구 여의나루로 76,증권거래소후문교차로,37.522343,126.927101
영등포구,272. 당산육갑문,202506,7468,7659,당산육갑문,ST-426,서울특별시 영등포구 당산로52길 3,당산육갑문,37.535339,126.903679
영등포구,278. 쌍용플레티넘오피스텔,202506,3354,3082,쌍용플레티넘오피스텔,ST-1323,서울특별시 영등포구 도영로 18,쌍용플레티넘오피스텔,37.507931,126.895233
영등포구,283. 아크로타워 스퀘어(영등포시장),202506,3174,3076,아크로타워 스퀘어(영등포시장),ST-1649,서울특별시 영등포구 양산로 213,아크로타워 스퀘어(영등포시장),37.522518,126.907219
영등포구,284. 센트럴 푸르지오 시티 앞,202506,2619,2301,센트럴 푸르지오 시티 앞,ST-1650,서울특별시 영등포구 문래로 180,센트럴 푸르지오 시티 앞,37.518211,126.902229
영등포구,286. 우성아파트 교차로,202506,1272,1316,우성아파트 교차로,ST-1652,서울특별시 영등포구 대림로 153,우성아파트 교차로,37.494572,126.89975
영등포구,287. 영등포전화국사거리 (서강어린이공원),202506,2589,2590,영등포전화국사거리 (서강어린이공원),ST-1653,서울특별시 영등포구 영중로 107,영등포전화국사거리 (서강어린이공원),37.525768,126.905739
영등포구,289. 대림3동사거리,202506,1529,1571,대림3동사거리,ST-1697,서울특별시 영등포구 가마산로 352,대림3동사거리,37.499809,126.898003
영등포구,292. 영일 어린이공원,202506,1640,1598,영일 어린이공원,ST-1700,서울특별시 영등포구 도신로29길 28,영일 어린이공원,37.51012,126.904068
영등포구,293. 충북 미래관,202506,3032,2802,충북 미래관,ST-1701,서울특별시 영등포구 버드나루로 125,충북 미래관,37.529171,126.907578
영등포구,5878. 우리은행 앞,202506,2570,2624,우리은행 앞,ST-1464,서울특별시 도봉구 도봉로 707,우리은행 앞,37.667599,127.042999
용산구,800. 목월공원 앞,202506,1403,1382,목월공원 앞,ST-322,서울특별시 용산구 원효로4가 109-10,목월공원 앞,37.532433,126.954742
용산구,802. 한강진역 2번 출구 앞,202506,442,178,한강진역 2번 출구 앞,ST-324,서울특별시 용산구 한남동 726-494,한강진역 2번 출구 앞,37.541153,127.002213
용산구,805. 문배어린이공원 앞,202506,1112,1171,문배어린이공원 앞,ST-326,서울특별시 용산구 문배동 34-10,문배어린이공원 앞,37.536758,126.970001
용산구,806. 전자랜드 본관 앞,202506,1074,972,전자랜드 본관 앞,ST-327,서울특별시 용산구 한강로3가 16-8,전자랜드 본관 앞,37.533066,126.960732
용산구,807. 서울역 12번 출구 앞,202506,1137,1164,서울역 12번 출구 앞,ST-328,서울특별시 용산구 동자동 14-229,서울역 12번 출구 앞,37.552277,126.972687
용산구,808. 서빙고동 금호맨션 앞,202506,425,435,서빙고동 금호맨션 앞,ST-329,서울특별시 용산구 서빙고동 235-5,서빙고동 금호맨션 앞,37.520504,126.989738
용산구,809. 한남 유수지 복개주차장,202506,827,825,한남 유수지 복개주차장,ST-330,서울특별시 용산구 독서당로 18,한남 유수지 복개주차장,37.530167,127.007439
용산구,810. 이태원지하보도,202506,688,655,이태원지하보도,ST-331,서울특별시 용산구 용산동2가 5-1812,이태원지하보도,37.53841,126.986649
용산구,811. 녹사평역1번출구,202506,717,233,녹사평역1번출구,ST-332,서울특별시 용산구 용산동2가 6-7,녹사평역1번출구,37.53508,126.985382
용산구,813. 삼각지역 3번출구,202506,1027,1081,삼각지역 3번출구,ST-334,서울특별시 용산구 한강로1가 228-1,삼각지역 3번출구,37.533512,126.972275
용산구,815. LIG강촌아파트 103동앞,202506,880,922,LIG강촌아파트 103동앞,ST-335,서울특별시 용산구 이촌동301-5,LIG강촌아파트 103동앞,37.518509,126.978798
용산구,816. 신용산역 6번출구 앞,202506,2147,2158,신용산역 6번출구 앞,ST-435,서울특별시 용산구 한강대로 115,신용산역 6번출구 앞,37.530148,126.968483
용산구,817. 삼각지역 4번출구 앞,202506,1054,1047,삼각지역 4번출구 앞,ST-436,서울특별시 용산구 한강대로 161,삼각지역 4번출구 앞,37.533451,126.971733
용산구,818. 숙명여대 입구 교차로,202506,1372,1537,숙명여대 입구 교차로,ST-437,서울특별시 용산구 청파로47길 100,숙명여대 입구 교차로,37.544895,126.969383
용산구,819. 선린인터넷 고등학교,202506,1484,1523,선린인터넷 고등학교,ST-438,서울특별시 용산구 원효로97길 33-4,선린인터넷 고등학교,37.541653,126.970505
용산구,820. 청파동입구 교차로,202506,858,857,청파동입구 교차로,ST-439,서울특별시 용산구 한강대로 349,청파동입구 교차로,37.549026,126.971947
용산구,823. 효창동주민센터 앞,202506,404,333,효창동주민센터 앞,ST-441,서울특별시 용산구 효창원로 161,효창동주민센터 앞,37.54232,126.96196
용산구,825. 서빙고동 주민센터 앞,202506,2976,3446,서빙고동 주민센터 앞,ST-442,서울특별시 용산구 서빙고로 279,서빙고동 주민센터 앞,37.520336,126.994263
용산구,828. 숙대입구역 8번,202506,1100,1275,숙대입구역 8번,ST-1325,서울특별시 용산구 한강대로 289,숙대입구역 8번,37.544079,126.972
용산구,832. 이촌1동 주민센터 뒤,202506,1554,1621,이촌1동 주민센터 뒤,ST-1339,서울특별시 용산구 이촌로71길 24,이촌1동 주민센터 뒤,37.521282,126.973465
용산구,835. 남영역 건너편,202506,1197,1227,남영역 건너편,ST-1342,서울특별시 용산구 한강대로77길 18,남영역 건너편,37.541981,126.971542
용산구,836. 현대자동차서비스 앞,202506,1346,1413,현대자동차서비스 앞,ST-1343,서울특별시 용산구 원효로 74,현대자동차서비스 앞,37.531422,126.9515
용산구,839. 보광동 삼성리버빌아파트 앞,202506,714,739,보광동 삼성리버빌아파트 앞,ST-1441,서울특별시 용산구 보광로5길 40,보광동 삼성리버빌아파트 앞,37.52401,127.00145
용산구,840. 용산 파크타워 앞,202506,569,592,용산 파크타워 앞,ST-1442,서울특별시 용산구 서빙고로 67,용산 파크타워 앞,37.523651,126.970268
용산구,841. 신용산역 1번 출구,202506,2052,2147,신용산역 1번 출구,ST-1443,서울특별시 용산구 한강대로 100,신용산역 1번 출구,37.52961,126.968872
용산구,844. 이촌2동 동원베네스트 아파트 앞,202506,1326,1417,이촌2동 동원베네스트 아파트 앞,ST-1446,서울특별시 용산구 이촌로14길 7,이촌2동 동원베네스트 아파트 앞,37.527149,126.955162
은평구,900. 은평예술회관,202506,622,594,은평예술회관,ST-448,서울특별시 은평구 녹번동 85-4,은평예술회관,37.603943,126.927696
은평구,902. 진관동 은빛초등학교,202506,490,480,진관동 은빛초등학교,ST-450,서울특별시 은평구 진관동 45-21,진관동 은빛초등학교,37.643108,126.918221
은평구,903. 은평뉴타운 아이파크,202506,912,920,은평뉴타운 아이파크,ST-451,서울특별시 은평구 진관동 13-20,은평뉴타운 아이파크,37.645866,126.927391
은평구,904. 은평뉴타운 푸르지오,202506,843,967,은평뉴타운 푸르지오,ST-452,서울특별시 은평구 진관동 5-8,은평뉴타운 푸르지오,37.648674,126.930702
은평구,905. 구파발역 2번출구,202506,2415,2753,구파발역 2번출구,ST-453,서울특별시 은평구 진관동 86-31,구파발역 2번출구,37.636234,126.918999
은평구,906. 연신내역 5번출구,202506,2991,3286,연신내역 5번출구,ST-454,서울특별시 은평구 대조동 207-8,연신내역 5번출구,37.61721,126.919579
은평구,908. 구산역 4번출구,202506,1323,1409,구산역 4번출구,ST-456,서울특별시 은평구 갈현동 536-8,구산역 4번출구,37.613186,126.917351
은평구,909. 백련산 힐스테이트 3차,202506,673,248,백련산 힐스테이트 3차,ST-457,서울특별시 은평구 응암동 761-9,백련산 힐스테이트 3차,37.586994,126.922882
은평구,911. 은평평화공원(역촌역4번출구),202506,2210,2206,은평평화공원(역촌역4번출구),ST-459,서울특별시 은평구 녹번동 153-31,은평평화공원(역촌역4번출구),37.605583,126.922935
은평구,912. 응암오거리,202506,2218,2709,응암오거리,ST-460,서울특별시 은평구 응암동 604-5,응암오거리,37.589661,126.916946
은평구,915. 증산역 4번출구,202506,1363,1435,증산역 4번출구,ST-463,서울특별시 은평구 증산동 199-8,증산역 4번출구,37.584381,126.909897
은평구,916. 평생학습관 앞,202506,1413,1552,평생학습관 앞,ST-464,서울특별시 은평구 역촌동 15-40,평생학습관 앞,37.607849,126.921326
은평구,919. 서울혁신파크,202506,570,565,서울혁신파크,ST-467,서울특별시 은평구 녹번동 15-2,서울혁신파크,37.607025,126.933311
은평구,921. 신도고등학교,202506,196,113,신도고등학교,ST-469,서울특별시 은평구 진관동 242-14,신도고등학교,37.630016,126.919029
은평구,922. 연신내역 4번출구,202506,681,679,연신내역 4번출구,ST-470,서울특별시 은평구 대조동 227-2,연신내역 4번출구,37.617802,126.921967
은평구,923. 국민은행 연서지점,202506,605,610,국민은행 연서지점,ST-471,서울특별시 은평구 불광동 355,국민은행 연서지점,37.620949,126.925636
은평구,925. 불광역 2번출구,202506,1063,1083,불광역 2번출구,ST-473,서울특별시 은평구 불광동 285-43,불광역 2번출구,37.609566,126.930977
은평구,927. 연신내역 3번출구 인근,202506,522,531,연신내역 3번출구 인근,ST-475,서울특별시 은평구 불광동 304-5,연신내역 3번출구 인근,37.617855,126.922524
은평구,928. 은평역사한옥박물관,202506,341,239,은평역사한옥박물관,ST-476,서울특별시 은평구 진관동 133-29,은평역사한옥박물관,37.641315,126.938042
은평구,930. 구 서부경찰서 건너편,202506,945,972,구 서부경찰서 건너편,ST-478,서울특별시 은평구 역촌동 41-7,구 서부경찰서 건너편,37.601662,126.920303
은평구,931. 역촌파출소,202506,3443,3858,역촌파출소,ST-479,서울특별시 은평구 역촌동 45-34,역촌파출소,37.604736,126.915337
은평구,932. 예일여중,202506,1293,1362,예일여중,ST-480,서울특별시 은평구 연서로 117,예일여중,37.610004,126.916397
은평구,937. 상림마을 롯데캐슬2단지 옆,202506,187,189,상림마을 롯데캐슬2단지 옆,ST-1023,서울특별시 은평구 진관동 30-23,상림마을 롯데캐슬2단지 옆,37.645851,126.923798
은평구,938. 금암 문화공원,202506,229,245,금암 문화공원,ST-1024,서울특별시 은평구 진관동 44-28,금암 문화공원,37.644684,126.918457
은평구,939. 은평구청 교차로,202506,671,630,은평구청 교차로,ST-1025,서울특별시 은평구 응암동 82-31,은평구청 교차로,37.6017,126.927422
은평구,941. 은평뉴타운 도서관,202506,668,322,은평뉴타운 도서관,ST-1027,서울특별시 은평구 진관동 141-27,은평뉴타운 도서관,37.637222,126.933304
은평구,942. 상림마을 생태공원,202506,431,426,상림마을 생태공원,ST-1028,서울특별시 은평구 진관동 16-4,상림마을 생태공원,37.644081,126.929283
은평구,943. 은평구청 보건소,202506,1858,2130,은평구청 보건소,ST-1029,서울특별시 은평구 녹번동 84,은평구청 보건소,37.602402,126.92865
은평구,946. 독바위역 ,202506,600,584,독바위역,ST-1032,서울특별시 은평구 불광로 129,독바위역,37.618439,126.932884
은평구,947. 연신내 선일하이츠빌 정류소,202506,302,299,연신내 선일하이츠빌 정류소,ST-1033,서울특별시 은평구 불광동 484-165,연신내 선일하이츠빌 정류소,37.622669,126.919991
은평구,949. 연신내역 1번 출구 ,202506,1312,1515,연신내역 1번 출구,ST-1035,서울특별시 은평구 불광동 487-2,연신내역 1번 출구,37.619781,126.920807
은평구,952. 서울연신중학교,202506,512,496,서울연신중학교,ST-1038,서울특별시 은평구 불광동 400-4번지,서울연신중학교,37.62265,126.925247
은평구,953. 서울연신초등학교,202506,366,321,서울연신초등학교,ST-1039,서울특별시 은평구 불광동 73-1번지,서울연신초등학교,37.625778,126.928818
은평구,954. 은평뉴타운구파발9단지,202506,806,876,은평뉴타운구파발9단지,ST-1329,서울특별시 은평구 진관3로 77,은평뉴타운구파발9단지,37.642609,126.921478
은평구,960. 구파발역 환승센터,202506,878,991,구파발역 환승센터,ST-1481,서울특별시 은평구 진관2로 지하 15-25,구파발역 환승센터,37.638252,126.919456
은평구,965. 서울특별시 은평병원,202506,621,216,서울특별시 은평병원,ST-1486,서울특별시 은평구 백련산로 90,서울특별시 은평병원,37.593479,126.923187
은평구,968. 은평뉴타운 상림마을 13단지,202506,145,138,은평뉴타운 상림마을 13단지,ST-1489,서울특별시 은평구 진관4로 48-50,은평뉴타운 상림마을 13단지,37.64209,126.929413
종로구,301. 경복궁역 7번출구 앞,202506,1203,708,경복궁역 7번출구 앞,ST-117,서울특별시 종로구 사직로 지하130,경복궁역 7번출구 앞,37.575794,126.971451
종로구,307. 서울역사박물관 앞,202506,1108,1047,서울역사박물관 앞,ST-123,서울특별시 종로구 새문안로 55,서울역사박물관 앞,37.57,126.9711
종로구,316. 종각역 1번출구 앞,202506,1951,1870,종각역 1번출구 앞,ST-132,서울특별시 종로구 종로 47,종각역 1번출구 앞,37.570396,126.981789
종로구,326. 안국역 5번출구 앞,202506,1586,1202,안국역 5번출구 앞,ST-142,서울특별시 종로구 율곡로 지하62,안국역 5번출구 앞,37.576241,126.98616
종로구,327. 낙원상가 옆,202506,1321,1362,낙원상가 옆,ST-143,서울특별시 종로구 삼일대로 428,낙원상가 옆,37.573357,126.987465
종로구,328. 탑골공원 앞,202506,773,767,탑골공원 앞,ST-144,서울특별시 종로구 종로 99,탑골공원 앞,37.570396,126.98819
종로구,334. 종로3가역 2번출구 뒤,202506,1393,1390,종로3가역 2번출구 뒤,ST-150,서울특별시 종로구 종로 지하129,종로3가역 2번출구 뒤,37.570599,126.991791
종로구,337. 창경궁 입구,202506,625,636,창경궁 입구,ST-153,서울특별시 종로구 창경궁로 185,창경궁 입구,37.578979,126.996475
종로구,338. 세운스퀘어 앞,202506,662,660,세운스퀘어 앞,ST-154,서울특별시 종로구 창경궁로 109,세운스퀘어 앞,37.570957,126.997124
종로구,339. 종로4가 사거리,202506,1320,1300,종로4가 사거리,ST-155,서울특별시 종로구 종로 185,종로4가 사거리,37.571068,126.998192
종로구,340. 혜화동 로터리,202506,1663,1675,혜화동 로터리,ST-156,서울특별시 종로구 창경궁로 271-1,혜화동 로터리,37.585629,127.000679
종로구,341. 혜화역 3번출구 뒤,202506,1123,1091,혜화역 3번출구 뒤,ST-157,서울특별시 종로구 대학로 지하120,혜화역 3번출구 뒤,37.58157,127.001785
종로구,345. 서울보증보험본사 앞,202506,1368,1437,서울보증보험본사 앞,ST-161,서울특별시 종로구 김상옥로 29,서울보증보험본사 앞,37.573307,127.00071
종로구,352. 중앙고입구 삼거리,202506,199,131,중앙고입구 삼거리,ST-168,서울특별시 종로구 창덕궁길 191,중앙고입구 삼거리,37.583416,126.985237
종로구,353. 재동초교 앞 삼거리,202506,833,828,재동초교 앞 삼거리,ST-169,서울특별시 종로구 재동 19,재동초교 앞 삼거리,37.579388,126.984947
종로구,354. 포르투갈 대사관 앞,202506,1183,761,포르투갈 대사관 앞,ST-170,서울특별시 종로구 창덕궁1길 3,포르투갈 대사관 앞,37.579155,126.98896
종로구,356. KT혜화지사 앞,202506,1459,1445,KT혜화지사 앞,ST-172,서울특별시 종로구 대학로 65,KT혜화지사 앞,37.577145,127.00206
종로구,359. 원남동사거리,202506,1418,1491,원남동사거리,ST-174,서울특별시 종로구 율곡로 169,원남동사거리,37.576061,126.997681
종로구,361. 동묘앞역 1번출구 뒤,202506,3687,3812,동묘앞역 1번출구 뒤,ST-175,서울특별시 종로구 숭인동 81-39,동묘앞역 1번출구 뒤,37.573242,127.015907
종로구,364. 창신역 1번출구 앞,202506,451,424,창신역 1번출구 앞,ST-178,서울특별시 종로구 지봉로 87,창신역 1번출구 앞,37.579334,127.015083
종로구,368. SK 서린빌딩 앞,202506,1939,1992,SK 서린빌딩 앞,ST-181,서울특별시 종로구 서린동 93-2,SK 서린빌딩 앞,37.569248,126.980537
종로구,385. 종각역 5번출구,202506,1681,1708,종각역 5번출구,ST-336,서울특별시 종로구 서린동 26-1,종각역 5번출구,37.569836,126.982658
종로구,388. 동성중학교 앞,202506,428,425,동성중학교 앞,ST-444,서울특별시 종로구 혜화동 56,동성중학교 앞,37.585735,127.00161
종로구,394. 경희궁 자이 3단지,202506,902,914,경희궁 자이 3단지,ST-1374,서울특별시 종로구 송월길 99,경희궁 자이 3단지,37.568855,126.964561
종로구,397. 종묘공영주차장 건너편,202506,510,509,종묘공영주차장 건너편,ST-1432,서울특별시 종로구 종로 지하 200,종묘공영주차장 건너편,37.57048,126.996635
종로구,449. 일성아파트,202506,292,89,일성아파트,ST-941,서울특별시 종로구 평창문화로 119,일성아파트,37.608719,126.972862
종로구,452. 동대문 종합시장 버스정류장,202506,940,936,동대문 종합시장 버스정류장,ST-1605,서울특별시 종로구 종로 239,동대문 종합시장 버스정류장,37.571239,127.00441
종로구,454. 종로2가 버스정류장 (종각방향),202506,1250,1239,종로2가 버스정류장 (종각방향),ST-1607,서울특별시 종로구 종로 79-1,종로2가 버스정류장 (종각방향),37.570358,126.986382
종로구,464. 삼청동 골목,202506,947,943,삼청동 골목,ST-1756,서울특별시 종로구 팔판길 46,삼청동 골목,37.58419,126.981697
중구,300. 정동사거리,202506,998,942,정동사거리,ST-116,서울특별시 중구 정동길 2-1,정동사거리,37.56805,126.969231
중구,310. 청계광장 옆,202506,1708,1451,청계광장 옆,ST-126,서울특별시 중구 세종대로 136,청계광장 옆,37.568878,126.97747
중구,322. 명동성당 앞,202506,712,688,명동성당 앞,ST-138,서울특별시 중구 명동길 74,명동성당 앞,37.564476,126.986969
중구,331. 을지로2가 사거리 북측,202506,1291,1286,을지로2가 사거리 북측,ST-147,서울특별시 중구 을지로 79,을지로2가 사거리 북측,37.566383,126.987206
중구,332. 을지로2가 사거리 남측,202506,744,734,을지로2가 사거리 남측,ST-148,서울특별시 중구 을지로 100,을지로2가 사거리 남측,37.56599,126.987793
중구,347. 동대문역사문화공원역 9번출구 앞,202506,672,618,동대문역사문화공원역 9번출구 앞,ST-163,서울특별시 중구 장충단로 지하230,동대문역사문화공원역 9번출구 앞,37.565331,127.007843
중구,370. 시청역(2호선) 9번출구 뒤,202506,2313,2019,시청역(2호선) 9번출구 뒤,ST-185,서울특별시 중구 서소문로 지하127,시청역(2호선) 9번출구 뒤,37.563229,126.974838
중구,371. 동대입구역 6번출구 뒤,202506,568,555,동대입구역 6번출구 뒤,ST-186,서울특별시 중구 동호로 지하256,동대입구역 6번출구 뒤,37.558872,127.005539
중구,379. 서울역9번출구,202506,1029,1014,서울역9번출구,ST-194,서울특별시 중구 세종대로 지하2,서울역9번출구,37.556,126.973358
중구,380. CJ제일제당 앞,202506,1311,1433,CJ제일제당 앞,ST-195,서울특별시 중구 동호로 330,CJ제일제당 앞,37.563866,127.002747
중구,381. 장충체육관,202506,149,92,장충체육관,ST-196,서울특별시 중구 장충동2가 200-99,장충체육관,37.558533,127.006989
중구,382. 약수역 10번출구 앞,202506,435,475,약수역 10번출구 앞,ST-197,서울특별시 중구 신당동 357-1,약수역 10번출구 앞,37.555199,127.010048
중구,387. 훈련원공원주차장 앞,202506,1026,933,훈련원공원주차장 앞,ST-338,서울특별시 중구 을지로 227,훈련원공원주차장 앞,37.566994,127.003464
중구,389. 을지로4가역 1번출구,202506,1106,1095,을지로4가역 1번출구,ST-943,서울특별시 중구 을지로 지하 178,을지로4가역 1번출구,37.566731,126.996605
중구,390. 충무로역 1번출구,202506,876,874,충무로역 1번출구,ST-944,서울특별시 중구 퇴계로 212,충무로역 1번출구,37.56139,126.995354
중구,399. 서울역 센트럴 자이아파트,202506,976,682,서울역 센트럴 자이아파트,ST-1436,서울특별시 중구 만리재로 175,서울역 센트럴 자이아파트,37.554108,126.965408
중구,428. 명보사거리,202506,686,613,명보사거리,ST-1437,서울특별시 중구 을지로 지하 129,명보사거리,37.5644,126.991432
중구,429. 송도병원,202506,158,106,송도병원,ST-1438,서울특별시 중구 다산로 59-1,송도병원,37.549889,127.007347
중구,435. SK 남산빌딩,202506,324,308,SK 남산빌딩,ST-1670,서울특별시 중구 퇴계로 33,SK 남산빌딩,37.556862,126.975616
중구,443.호암아트홀,202506,211,206,호암아트홀,ST-1769,서울특별시 중구 세종대로7길 57-1 구두수선대207,호암아트홀,37.562111,126.970718
중구,826. 서울역 서부교차로2,202506,1255,1334,서울역 서부교차로2,ST-946,서울특별시 중구 퇴계로 33,서울역 서부교차로2,37.555367,126.968643
중랑구,1402. 금란주차장 앞,202506,951,1024,금란주차장 앞,ST-561,서울특별시 중랑구 망우로 448,금란주차장 앞,37.600071,127.102333
중랑구,1405. 망우역 1번출구,202506,695,692,망우역 1번출구,ST-568,서울특별시 중랑구 망우로55길 11-10,망우역 1번출구,37.599098,127.092949
중랑구,1408. 먹골역 6번출구 앞,202506,1367,1552,먹골역 6번출구 앞,ST-570,서울특별시 중랑구 동일로 지하 901,먹골역 6번출구 앞,37.610722,127.077477
중랑구,1418. 새솔초등학교,202506,265,94,새솔초등학교,ST-583,서울특별시 중랑구 신내역로1길 164,새솔초등학교,37.617439,127.109016
중랑구,1421. 신내역 4번출구,202506,724,636,신내역 4번출구,ST-586,서울특별시 중랑구 신내로 지하 232,신내역 4번출구,37.612461,127.103378
중랑구,1422. 신내우디안아파트 1단지,202506,263,103,신내우디안아파트 1단지,ST-587,서울특별시 중랑구 신내역로 213,신내우디안아파트 1단지,37.620098,127.106461
중랑구,1424. 양원역 2번출구,202506,263,220,양원역 2번출구,ST-588,서울특별시 중랑구 송림길 147,양원역 2번출구,37.606312,127.107742
중랑구,1426. 면목도시개발아파트 1동 앞,202506,543,124,면목도시개발아파트 1동 앞,ST-590,서울특별시 중랑구 용마산로 지하 227,면목도시개발아파트 1동 앞,37.573589,127.086823
중랑구,1435. 능산삼거리,202506,331,288,능산삼거리,ST-593,서울특별시 중랑구 용마산로 644,능산삼거리,37.608681,127.100792
중랑구,1437. 늘푸른공원 앞,202506,755,863,늘푸른공원 앞,ST-595,서울특별시 중랑구 동일로 594,늘푸른공원 앞,37.58342,127.079926
중랑구,1438. 홈플러스 신내점 앞,202506,2456,2962,홈플러스 신내점 앞,ST-596,서울특별시 중랑구 신내로 지하 232,홈플러스 신내점 앞,37.616169,127.093483
중랑구,1444. 면목4치안센터,202506,1199,1600,면목4치안센터,ST-1095,서울특별시 중랑구 면목동 646-4,면목4치안센터,37.574028,127.080544
중랑구,1446. 중랑전화국 교차로,202506,2035,2207,중랑전화국 교차로,ST-1097,서울특별시 중랑구 면목동 282-8,중랑전화국 교차로,37.591301,127.08033
중랑구,1447. 면목역 3번출구,202506,2937,3451,면목역 3번출구,ST-1098,서울특별시 중랑구 면목동 120-2,면목역 3번출구,37.588902,127.08728
중랑구,1448. 코스트코 상봉점,202506,2444,2439,코스트코 상봉점,ST-1099,서울특별시 중랑구 상봉동 160-3,코스트코 상봉점,37.597321,127.089798
중랑구,1449. 상봉역 1번출구,202506,2521,2487,상봉역 1번출구,ST-1332,서울특별시 중랑구 망우로 297,상봉역 1번출구,37.596558,127.085838
중랑구,1451. 중랑세무서,202506,2886,3379,중랑세무서,ST-1334,서울특별시 중랑구 망우로 176,중랑세무서,37.592758,127.07267
중랑구,1453. 중랑캠핑숲,202506,241,228,중랑캠핑숲,ST-1345,서울특별시 중랑구 송림길 172,중랑캠핑숲,37.604603,127.109253
중랑구,1454. 한국전력공사(동대문 중랑지사),202506,1106,1226,한국전력공사(동대문 중랑지사),ST-1346,서울특별시 중랑구 동일로 862,한국전력공사(동대문 중랑지사),37.607349,127.07859
중랑구,1455. 상봉역 2번 출구,202506,2825,2842,상봉역 2번 출구,ST-1375,서울특별시 중랑구 망우로 297,상봉역 2번 출구,37.596329,127.085899
중랑구,1456. 상아빌딩(우림시장 교차로),202506,1351,1457,상아빌딩(우림시장 교차로),ST-1380,서울특별시 중랑구 용마산로 494,상아빌딩(우림시장 교차로),37.595112,127.100327
중랑구,1457. 동원사거리,202506,682,632,동원사거리,ST-1381,서울특별시 중랑구 겸재로 229,동원사거리,37.58976,127.093239
